model_id,formula_friendly,term,estimate,std_error_hc3,z_score,p_value,ci95_low,ci95_high
raw__raw__raw__raw,response_delay_at_time_n ~ implicature_load + explicit_statement_count + average_response_time_0_to_n_minus_1,Intercept,0.9011662327021153,0.019290276668943986,46.716086459917435,0.0,0.8633579851791717,0.9389744802250588
raw__raw__raw__raw,response_delay_at_time_n ~ implicature_load + explicit_statement_count + average_response_time_0_to_n_minus_1,implicature_load,0.007538470093266803,0.0016017401456106216,4.706425142633207,2.520984961859546e-06,0.004399117095278043,0.010677823091255563
raw__raw__raw__raw,response_delay_at_time_n ~ implicature_load + explicit_statement_count + average_response_time_0_to_n_minus_1,explicit_statement_count,-0.016426735980023362,0.002295619004283027,-7.155689140652413,8.325361122357733e-13,-0.020926066550643795,-0.01192740540940293
raw__raw__raw__raw,response_delay_at_time_n ~ implicature_load + explicit_statement_count + average_response_time_0_to_n_minus_1,average_response_time_0_to_n_minus_1,0.12505864780824083,0.017466795504079993,7.15979343658251,8.079871628955951e-13,0.0908243576949179,0.15929293792156377
raw__raw__raw__log1p,response_delay_at_time_n ~ implicature_load + explicit_statement_count + log1p(average_response_time_0_to_n_minus_1),Intercept,0.513045147401464,0.019301669853313067,26.580350368670384,1.145455691441369e-155,0.47521456964748787,0.5508757251554401
raw__raw__raw__log1p,response_delay_at_time_n ~ implicature_load + explicit_statement_count + log1p(average_response_time_0_to_n_minus_1),implicature_load,0.006119225504636481,0.0015787921223012612,3.875890573685562,0.0001062354221218371,0.003024849805850453,0.00921360120342251
raw__raw__raw__log1p,response_delay_at_time_n ~ implicature_load + explicit_statement_count + log1p(average_response_time_0_to_n_minus_1),explicit_statement_count,-0.01640901965998856,0.002270234317362443,-7.2278969331467735,4.905307620454946e-13,-0.020858597158485825,-0.011959442161491297
raw__raw__raw__log1p,response_delay_at_time_n ~ implicature_load + explicit_statement_count + log1p(average_response_time_0_to_n_minus_1),log1p(average_response_time_0_to_n_minus_1),0.790965167277312,0.027344042307868133,28.926416890808976,5.557352706959972e-184,0.7373718291621509,0.8445585053924731
raw__raw__raw__z_raw,response_delay_at_time_n ~ implicature_load + explicit_statement_count + z(average_response_time_0_to_n_minus_1),Intercept,1.026699663899477,0.0105161162891867,97.63106794047067,0.0,1.006088454715436,1.047310873083518
raw__raw__raw__z_raw,response_delay_at_time_n ~ implicature_load + explicit_statement_count + z(average_response_time_0_to_n_minus_1),implicature_load,0.007538470093266608,0.001601740145610627,4.706425142633069,2.5209849618612475e-06,0.004399117095277837,0.01067782309125538
raw__raw__raw__z_raw,response_delay_at_time_n ~ implicature_load + explicit_statement_count + z(average_response_time_0_to_n_minus_1),explicit_statement_count,-0.016426735980023012,0.0022956190042830284,-7.155689140652257,8.325361122367166e-13,-0.020926066550643448,-0.011927405409402576
raw__raw__raw__z_raw,response_delay_at_time_n ~ implicature_load + explicit_statement_count + z(average_response_time_0_to_n_minus_1),z(average_response_time_0_to_n_minus_1),0.10656547355168679,0.014883875421209346,7.159793436582535,8.079871628954462e-13,0.07739361377573555,0.13573733332763804
raw__raw__raw__z_log1p,response_delay_at_time_n ~ implicature_load + explicit_statement_count + z(log1p(average_response_time_0_to_n_minus_1)),Intercept,1.034960349041497,0.010429446427887736,99.2344470243476,0.0,1.014519009664147,1.0554016884188469
raw__raw__raw__z_log1p,response_delay_at_time_n ~ implicature_load + explicit_statement_count + z(log1p(average_response_time_0_to_n_minus_1)),implicature_load,0.006119225504636586,0.0015787921223012582,3.8758905736856355,0.00010623542212180478,0.0030248498058505634,0.009213601203422609
raw__raw__raw__z_log1p,response_delay_at_time_n ~ implicature_load + explicit_statement_count + z(log1p(average_response_time_0_to_n_minus_1)),explicit_statement_count,-0.016409019659988686,0.002270234317362442,-7.227896933146831,4.905307620452868e-13,-0.020858597158485946,-0.011959442161491425
raw__raw__raw__z_log1p,response_delay_at_time_n ~ implicature_load + explicit_statement_count + z(log1p(average_response_time_0_to_n_minus_1)),z(log1p(average_response_time_0_to_n_minus_1)),0.186240394700216,0.0064384190894860764,28.926416890808824,5.557352706984327e-184,0.17362132516744813,0.19885946423298387
raw__raw__z_raw__raw,response_delay_at_time_n ~ implicature_load + z(explicit_statement_count) + average_response_time_0_to_n_minus_1,Intercept,0.8006604999856312,0.019361404009832342,41.35343178516548,0.0,0.7627128454362304,0.8386081545350319
raw__raw__z_raw__raw,response_delay_at_time_n ~ implicature_load + z(explicit_statement_count) + average_response_time_0_to_n_minus_1,implicature_load,0.007538470093266744,0.0016017401456106233,4.706425142633165,2.5209849618600587e-06,0.004399117095277981,0.010677823091255508
raw__raw__z_raw__raw,response_delay_at_time_n ~ implicature_load + z(explicit_statement_count) + average_response_time_0_to_n_minus_1,z(explicit_statement_count),-0.04818163619285694,0.006733332771421102,-7.155689140652404,8.325361122358245e-13,-0.06137872592076557,-0.03498454646494831
raw__raw__z_raw__raw,response_delay_at_time_n ~ implicature_load + z(explicit_statement_count) + average_response_time_0_to_n_minus_1,average_response_time_0_to_n_minus_1,0.12505864780824116,0.01746679550408002,7.159793436582517,8.079871628955516e-13,0.09082435769491819,0.15929293792156413
raw__raw__z_raw__log1p,response_delay_at_time_n ~ implicature_load + z(explicit_statement_count) + log1p(average_response_time_0_to_n_minus_1),Intercept,0.41264781063949646,0.01977483409287048,20.867320995035325,1.0611646276460775e-96,0.37388984801721553,0.4514057732617774
raw__raw__z_raw__log1p,response_delay_at_time_n ~ implicature_load + z(explicit_statement_count) + log1p(average_response_time_0_to_n_minus_1),implicature_load,0.0061192255046365355,0.0015787921223012593,3.8758905736856013,0.00010623542212181988,0.003024849805850511,0.00921360120342256
raw__raw__z_raw__log1p,response_delay_at_time_n ~ implicature_load + z(explicit_statement_count) + log1p(average_response_time_0_to_n_minus_1),z(explicit_statement_count),-0.048129672048085555,0.006658876363796078,-7.227896933146826,4.905307620453047e-13,-0.0611808298986309,-0.03507851419754021
raw__raw__z_raw__log1p,response_delay_at_time_n ~ implicature_load + z(explicit_statement_count) + log1p(average_response_time_0_to_n_minus_1),log1p(average_response_time_0_to_n_minus_1),0.7909651672773118,0.027344042307868126,28.926416890808976,5.557352706959972e-184,0.7373718291621508,0.8445585053924728
raw__raw__z_raw__z_raw,response_delay_at_time_n ~ implicature_load + z(explicit_statement_count) + z(average_response_time_0_to_n_minus_1),Intercept,0.9261939311829958,0.01028284382533332,90.0717687553689,0.0,0.9060399276266924,0.9463479347392991
raw__raw__z_raw__z_raw,response_delay_at_time_n ~ implicature_load + z(explicit_statement_count) + z(average_response_time_0_to_n_minus_1),implicature_load,0.007538470093274885,0.0016017401456102432,4.706425142639364,2.5209849617834505e-06,0.004399117095286866,0.010677823091262903
raw__raw__z_raw__z_raw,response_delay_at_time_n ~ implicature_load + z(explicit_statement_count) + z(average_response_time_0_to_n_minus_1),z(explicit_statement_count),-0.0481816361928563,0.006733332771420481,-7.15568914065297,8.325361122323862e-13,-0.06137872592076371,-0.03498454646494889
raw__raw__z_raw__z_raw,response_delay_at_time_n ~ implicature_load + z(explicit_statement_count) + z(average_response_time_0_to_n_minus_1),z(average_response_time_0_to_n_minus_1),0.10656547355168375,0.014883875421209196,7.159793436582403,8.079871628962243e-13,0.0773936137757328,0.1357373333276347
raw__raw__z_raw__z_log1p,response_delay_at_time_n ~ implicature_load + z(explicit_statement_count) + z(log1p(average_response_time_0_to_n_minus_1)),Intercept,0.93456301227953,0.010165165280740995,91.93780784363248,0.0,0.9146396544323806,0.9544863701266794
raw__raw__z_raw__z_log1p,response_delay_at_time_n ~ implicature_load + z(explicit_statement_count) + z(log1p(average_response_time_0_to_n_minus_1)),implicature_load,0.006119225504643709,0.0015787921223009039,3.875890573691017,0.00010623542211945677,0.003024849805858381,0.009213601203429036
raw__raw__z_raw__z_log1p,response_delay_at_time_n ~ implicature_load + z(explicit_statement_count) + z(log1p(average_response_time_0_to_n_minus_1)),z(explicit_statement_count),-0.048129672048084354,0.006658876363795475,-7.227896933147299,4.905307620435937e-13,-0.06118082989862852,-0.03507851419754019
raw__raw__z_raw__z_log1p,response_delay_at_time_n ~ implicature_load + z(explicit_statement_count) + z(log1p(average_response_time_0_to_n_minus_1)),z(log1p(average_response_time_0_to_n_minus_1)),0.18624039470021744,0.006438419089486139,28.926416890808767,5.557352706993182e-184,0.17362132516744944,0.19885946423298545
raw__log1p__raw__raw,response_delay_at_time_n ~ log1p(implicature_load) + explicit_statement_count + average_response_time_0_to_n_minus_1,Intercept,0.8844946590401959,0.020251364065151232,43.67580653800224,0.0,0.8448027148346908,0.9241866032457009
raw__log1p__raw__raw,response_delay_at_time_n ~ log1p(implicature_load) + explicit_statement_count + average_response_time_0_to_n_minus_1,log1p(implicature_load),0.014518881279722737,0.0107648219694934,1.348733989365363,0.1774224239905806,-0.0065797820804698575,0.03561754463991533
raw__log1p__raw__raw,response_delay_at_time_n ~ log1p(implicature_load) + explicit_statement_count + average_response_time_0_to_n_minus_1,explicit_statement_count,-0.010714821726773457,0.0024406388375871626,-4.390170951047483,1.132615838472557e-05,-0.015498385947713997,-0.005931257505832916
raw__log1p__raw__raw,response_delay_at_time_n ~ log1p(implicature_load) + explicit_statement_count + average_response_time_0_to_n_minus_1,average_response_time_0_to_n_minus_1,0.1268738638268765,0.017618796839600104,7.2010515236610315,5.974996233467896e-13,0.09234165657033216,0.1614060710834208
raw__log1p__raw__log1p,response_delay_at_time_n ~ log1p(implicature_load) + explicit_statement_count + log1p(average_response_time_0_to_n_minus_1),Intercept,0.5010784143231782,0.020840916790863057,24.04301208778195,9.87808375177853e-128,0.46023096800829055,0.5419258606380659
raw__log1p__raw__log1p,response_delay_at_time_n ~ log1p(implicature_load) + explicit_statement_count + log1p(average_response_time_0_to_n_minus_1),log1p(implicature_load),0.002242778913830323,0.010572030893702395,0.21214267498653583,0.8319957274790367,-0.018478020881271172,0.022963578708931814
raw__log1p__raw__log1p,response_delay_at_time_n ~ log1p(implicature_load) + explicit_statement_count + log1p(average_response_time_0_to_n_minus_1),explicit_statement_count,-0.00999055529046255,0.002406716573537631,-4.151114177843318,3.308606466454144e-05,-0.014707633095591952,-0.005273477485333148
raw__log1p__raw__log1p,response_delay_at_time_n ~ log1p(implicature_load) + explicit_statement_count + log1p(average_response_time_0_to_n_minus_1),log1p(average_response_time_0_to_n_minus_1),0.79856977566731,0.02740311612703032,29.14156813281553,1.0684399799999513e-186,0.7448606549941619,0.8522788963404582
raw__log1p__raw__z_raw,response_delay_at_time_n ~ log1p(implicature_load) + explicit_statement_count + z(average_response_time_0_to_n_minus_1),Intercept,1.011850197698158,0.012241232182742088,82.65917863437659,0.0,0.9878578234935909,1.035842571902725
raw__log1p__raw__z_raw,response_delay_at_time_n ~ log1p(implicature_load) + explicit_statement_count + z(average_response_time_0_to_n_minus_1),log1p(implicature_load),0.014518881279722888,0.010764821969493396,1.3487339893653776,0.17742242399057573,-0.0065797820804697,0.035617544639915476
raw__log1p__raw__z_raw,response_delay_at_time_n ~ log1p(implicature_load) + explicit_statement_count + z(average_response_time_0_to_n_minus_1),explicit_statement_count,-0.010714821726773465,0.0024406388375871626,-4.3901709510474864,1.1326158384725404e-05,-0.015498385947714006,-0.005931257505832925
raw__log1p__raw__z_raw,response_delay_at_time_n ~ log1p(implicature_load) + explicit_statement_count + z(average_response_time_0_to_n_minus_1),z(average_response_time_0_to_n_minus_1),0.10811226266235058,0.015013399405228264,7.201051523661029,5.974996233468003e-13,0.07868654054258811,0.13753798478211304
raw__log1p__raw__z_log1p,response_delay_at_time_n ~ log1p(implicature_load) + explicit_statement_count + z(log1p(average_response_time_0_to_n_minus_1)),Intercept,1.028011486389695,0.012121461387238363,84.80920357276386,0.0,1.0042538586307148,1.0517691141486751
raw__log1p__raw__z_log1p,response_delay_at_time_n ~ log1p(implicature_load) + explicit_statement_count + z(log1p(average_response_time_0_to_n_minus_1)),log1p(implicature_load),0.00224277891383006,0.0105720308937024,0.21214267498651088,0.8319957274790561,-0.018478020881271442,0.022963578708931565
raw__log1p__raw__z_log1p,response_delay_at_time_n ~ log1p(implicature_load) + explicit_statement_count + z(log1p(average_response_time_0_to_n_minus_1)),explicit_statement_count,-0.00999055529046253,0.0024067165735376307,-4.1511141778433105,3.308606466454255e-05,-0.014707633095591931,-0.00527347748533313
raw__log1p__raw__z_log1p,response_delay_at_time_n ~ log1p(implicature_load) + explicit_statement_count + z(log1p(average_response_time_0_to_n_minus_1)),z(log1p(average_response_time_0_to_n_minus_1)),0.18803097325751203,0.00645232859125983,29.141568132815536,1.0684399799997692e-186,0.1753846416022247,0.20067730491279936
raw__log1p__z_raw__raw,response_delay_at_time_n ~ log1p(implicature_load) + z(explicit_statement_count) + average_response_time_0_to_n_minus_1,Intercept,0.8189368385525786,0.025002871051062508,32.75371203891313,2.688364627469749e-235,0.769932111782397,0.8679415653227602
raw__log1p__z_raw__raw,response_delay_at_time_n ~ log1p(implicature_load) + z(explicit_statement_count) + average_response_time_0_to_n_minus_1,log1p(implicature_load),0.014518881279722364,0.01076482196949339,1.3487339893653296,0.17742242399059116,-0.00657978208047021,0.03561754463991494
raw__log1p__z_raw__raw,response_delay_at_time_n ~ log1p(implicature_load) + z(explicit_statement_count) + average_response_time_0_to_n_minus_1,z(explicit_statement_count),-0.03142788944429002,0.007158693771774779,-4.390170951047462,1.1326158384726683e-05,-0.04545867141331979,-0.017397107475260257
raw__log1p__z_raw__raw,response_delay_at_time_n ~ log1p(implicature_load) + z(explicit_statement_count) + average_response_time_0_to_n_minus_1,average_response_time_0_to_n_minus_1,0.1268738638268761,0.017618796839600062,7.201051523661026,5.974996233468111e-13,0.09234165657033186,0.16140607108342034
raw__log1p__z_raw__log1p,response_delay_at_time_n ~ log1p(implicature_load) + z(explicit_statement_count) + log1p(average_response_time_0_to_n_minus_1),Intercept,0.4399519628520185,0.026085254035618503,16.86592594617938,8.013640491248403e-64,0.3888258044146281,0.49107812128940886
raw__log1p__z_raw__log1p,response_delay_at_time_n ~ log1p(implicature_load) + z(explicit_statement_count) + log1p(average_response_time_0_to_n_minus_1),log1p(implicature_load),0.0022427789138303733,0.01057203089370239,0.21214267498654069,0.8319957274790329,-0.01847802088127111,0.022963578708931856
raw__log1p__z_raw__log1p,response_delay_at_time_n ~ log1p(implicature_load) + z(explicit_statement_count) + log1p(average_response_time_0_to_n_minus_1),z(explicit_statement_count),-0.02930352694260556,0.0070591956007893635,-4.151114177843269,3.3086064664548545e-05,-0.0431392960799763,-0.015467757805234818
raw__log1p__z_raw__log1p,response_delay_at_time_n ~ log1p(implicature_load) + z(explicit_statement_count) + log1p(average_response_time_0_to_n_minus_1),log1p(average_response_time_0_to_n_minus_1),0.7985697756673095,0.02740311612703032,29.141568132815507,1.0684399800005596e-186,0.7448606549941613,0.8522788963404576
raw__log1p__z_raw__z_raw,response_delay_at_time_n ~ log1p(implicature_load) + z(explicit_statement_count) + z(average_response_time_0_to_n_minus_1),Intercept,0.9462923772105405,0.0186489102486489,50.74250262312773,0.0,0.9097411847722687,0.9828435696488123
raw__log1p__z_raw__z_raw,response_delay_at_time_n ~ log1p(implicature_load) + z(explicit_statement_count) + z(average_response_time_0_to_n_minus_1),log1p(implicature_load),0.014518881279723155,0.01076482196949339,1.3487339893654031,0.1774224239905675,-0.006579782080469419,0.03561754463991573
raw__log1p__z_raw__z_raw,response_delay_at_time_n ~ log1p(implicature_load) + z(explicit_statement_count) + z(average_response_time_0_to_n_minus_1),z(explicit_statement_count),-0.03142788944428996,0.007158693771774776,-4.3901709510474545,1.1326158384727066e-05,-0.04545867141331972,-0.0173971074752602
raw__log1p__z_raw__z_raw,response_delay_at_time_n ~ log1p(implicature_load) + z(explicit_statement_count) + z(average_response_time_0_to_n_minus_1),z(average_response_time_0_to_n_minus_1),0.10811226266235052,0.01501339940522826,7.201051523661027,5.974996233468111e-13,0.07868654054258806,0.137537984782113
raw__log1p__z_raw__z_log1p,response_delay_at_time_n ~ log1p(implicature_load) + z(explicit_statement_count) + z(log1p(average_response_time_0_to_n_minus_1)),Intercept,0.9668850349185338,0.018382389711366475,52.59844068699485,0.0,0.9308562131344759,1.0029138567025917
raw__log1p__z_raw__z_log1p,response_delay_at_time_n ~ log1p(implicature_load) + z(explicit_statement_count) + z(log1p(average_response_time_0_to_n_minus_1)),log1p(implicature_load),0.0022427789138304787,0.010572030893702393,0.2121426749865506,0.8319957274790253,-0.018478020881271012,0.022963578708931967
raw__log1p__z_raw__z_log1p,response_delay_at_time_n ~ log1p(implicature_load) + z(explicit_statement_count) + z(log1p(average_response_time_0_to_n_minus_1)),z(explicit_statement_count),-0.029303526942605355,0.0070591956007893635,-4.15111417784324,3.308606466455263e-05,-0.043139296079976096,-0.015467757805234614
raw__log1p__z_raw__z_log1p,response_delay_at_time_n ~ log1p(implicature_load) + z(explicit_statement_count) + z(log1p(average_response_time_0_to_n_minus_1)),z(log1p(average_response_time_0_to_n_minus_1)),0.1880309732575118,0.006452328591259826,29.14156813281552,1.0684399800000731e-186,0.17538464160222447,0.20067730491279914
raw__z_raw__raw__raw,response_delay_at_time_n ~ z(implicature_load) + explicit_statement_count + average_response_time_0_to_n_minus_1,Intercept,0.9456195059855002,0.022361632531201343,42.28758811173874,0.0,0.9017915115888263,0.989447500382174
raw__z_raw__raw__raw,response_delay_at_time_n ~ z(implicature_load) + explicit_statement_count + average_response_time_0_to_n_minus_1,z(implicature_load),0.043147216695045024,0.009167726116409688,4.706425142633139,2.52098496186038e-06,0.025178803686754774,0.06111562970333527
raw__z_raw__raw__raw,response_delay_at_time_n ~ z(implicature_load) + explicit_statement_count + average_response_time_0_to_n_minus_1,explicit_statement_count,-0.01642673598002335,0.0022956190042830297,-7.155689140652399,8.325361122358575e-13,-0.020926066550643788,-0.01192740540940291
raw__z_raw__raw__raw,response_delay_at_time_n ~ z(implicature_load) + explicit_statement_count + average_response_time_0_to_n_minus_1,average_response_time_0_to_n_minus_1,0.125058647808241,0.01746679550408001,7.159793436582513,8.079871628955808e-13,0.09082435769491803,0.15929293792156396
raw__z_raw__raw__log1p,response_delay_at_time_n ~ z(implicature_load) + explicit_statement_count + log1p(average_response_time_0_to_n_minus_1),Intercept,0.5491293395883153,0.021703131775249743,25.301847921070202,3.048102351124498e-141,0.506591982957099,0.5916666962195317
raw__z_raw__raw__log1p,response_delay_at_time_n ~ z(implicature_load) + explicit_statement_count + log1p(average_response_time_0_to_n_minus_1),z(implicature_load),0.03502402285713415,0.009036380721097161,3.875890573685531,0.00010623542212185059,0.017313042093191632,0.052735003621076665
raw__z_raw__raw__log1p,response_delay_at_time_n ~ z(implicature_load) + explicit_statement_count + log1p(average_response_time_0_to_n_minus_1),explicit_statement_count,-0.016409019659988606,0.0022702343173624457,-7.227896933146785,4.905307620454501e-13,-0.020858597158485873,-0.011959442161491338
raw__z_raw__raw__log1p,response_delay_at_time_n ~ z(implicature_load) + explicit_statement_count + log1p(average_response_time_0_to_n_minus_1),log1p(average_response_time_0_to_n_minus_1),0.7909651672773117,0.027344042307868112,28.926416890808987,5.557352706958392e-184,0.7373718291621507,0.8445585053924727
raw__z_raw__raw__z_raw,response_delay_at_time_n ~ z(implicature_load) + explicit_statement_count + z(average_response_time_0_to_n_minus_1),Intercept,1.0711529371828634,0.014943825867129692,71.67862813089666,0.0,1.0418635766920512,1.1004422976736756
raw__z_raw__raw__z_raw,response_delay_at_time_n ~ z(implicature_load) + explicit_statement_count + z(average_response_time_0_to_n_minus_1),z(implicature_load),0.043147216695045267,0.009167726116409695,4.7064251426331625,2.520984961860101e-06,0.025178803686755003,0.06111562970333553
raw__z_raw__raw__z_raw,response_delay_at_time_n ~ z(implicature_load) + explicit_statement_count + z(average_response_time_0_to_n_minus_1),explicit_statement_count,-0.01642673598002317,0.002295619004283028,-7.155689140652327,8.325361122362918e-13,-0.020926066550643607,-0.011927405409402736
raw__z_raw__raw__z_raw,response_delay_at_time_n ~ z(implicature_load) + explicit_statement_count + z(average_response_time_0_to_n_minus_1),z(average_response_time_0_to_n_minus_1),0.10656547355168378,0.014883875421208987,7.159793436582505,8.079871628956245e-13,0.07739361377573323,0.13573733332763432
raw__z_raw__raw__z_log1p,response_delay_at_time_n ~ z(implicature_load) + explicit_statement_count + z(log1p(average_response_time_0_to_n_minus_1)),Intercept,1.071044541228348,0.014782931331835895,72.45143180241877,0.0,1.0420705282320208,1.1000185542246752
raw__z_raw__raw__z_log1p,response_delay_at_time_n ~ z(implicature_load) + explicit_statement_count + z(log1p(average_response_time_0_to_n_minus_1)),z(implicature_load),0.03502402285713439,0.009036380721097146,3.875890573685565,0.00010623542212183579,0.017313042093191906,0.05273500362107688
raw__z_raw__raw__z_log1p,response_delay_at_time_n ~ z(implicature_load) + explicit_statement_count + z(log1p(average_response_time_0_to_n_minus_1)),explicit_statement_count,-0.016409019659988457,0.002270234317362442,-7.22789693314673,4.90530762045649e-13,-0.020858597158485717,-0.011959442161491196
raw__z_raw__raw__z_log1p,response_delay_at_time_n ~ z(implicature_load) + explicit_statement_count + z(log1p(average_response_time_0_to_n_minus_1)),z(log1p(average_response_time_0_to_n_minus_1)),0.18624039470021728,0.006438419089486088,28.92641689080897,5.557352706960605e-184,0.17362132516744938,0.19885946423298517
raw__z_raw__z_raw__raw,response_delay_at_time_n ~ z(implicature_load) + z(explicit_statement_count) + average_response_time_0_to_n_minus_1,Intercept,0.8451137732690172,0.017431588293829584,48.481742399123185,0.0,0.8109484880197811,0.8792790585182532
raw__z_raw__z_raw__raw,response_delay_at_time_n ~ z(implicature_load) + z(explicit_statement_count) + average_response_time_0_to_n_minus_1,z(implicature_load),0.04314721669504519,0.009167726116409666,4.706425142633169,2.5209849618600214e-06,0.025178803686754986,0.061115629703335395
raw__z_raw__z_raw__raw,response_delay_at_time_n ~ z(implicature_load) + z(explicit_statement_count) + average_response_time_0_to_n_minus_1,z(explicit_statement_count),-0.04818163619285678,0.006733332771421137,-7.155689140652344,8.325361122361924e-13,-0.06137872592076547,-0.034984546464948085
raw__z_raw__z_raw__raw,response_delay_at_time_n ~ z(implicature_load) + z(explicit_statement_count) + average_response_time_0_to_n_minus_1,average_response_time_0_to_n_minus_1,0.12505864780824086,0.017466795504079983,7.1597934365825155,8.079871628955661e-13,0.09082435769491795,0.15929293792156377
raw__z_raw__z_raw__log1p,response_delay_at_time_n ~ z(implicature_load) + z(explicit_statement_count) + log1p(average_response_time_0_to_n_minus_1),Intercept,0.448732002826348,0.01719236167592663,26.100660937972172,3.5833521109047026e-150,0.4150355931323451,0.4824284125203509
raw__z_raw__z_raw__log1p,response_delay_at_time_n ~ z(implicature_load) + z(explicit_statement_count) + log1p(average_response_time_0_to_n_minus_1),z(implicature_load),0.03502402285713431,0.009036380721097147,3.8758905736855547,0.0001062354221218402,0.01731304209319182,0.052735003621076804
raw__z_raw__z_raw__log1p,response_delay_at_time_n ~ z(implicature_load) + z(explicit_statement_count) + log1p(average_response_time_0_to_n_minus_1),z(explicit_statement_count),-0.04812967204808524,0.00665887636379609,-7.2278969331467655,4.90530762045523e-13,-0.06118082989863061,-0.03507851419753987
raw__z_raw__z_raw__log1p,response_delay_at_time_n ~ z(implicature_load) + z(explicit_statement_count) + log1p(average_response_time_0_to_n_minus_1),log1p(average_response_time_0_to_n_minus_1),0.7909651672773118,0.027344042307868112,28.92641689080899,5.557352706957442e-184,0.7373718291621508,0.8445585053924728
raw__z_raw__z_raw__z_raw,response_delay_at_time_n ~ z(implicature_load) + z(explicit_statement_count) + z(average_response_time_0_to_n_minus_1),Intercept,0.9706472044663802,0.00441979372744571,219.6136888558682,0.0,0.9619845679414906,0.9793098409912698
raw__z_raw__z_raw__z_raw,response_delay_at_time_n ~ z(implicature_load) + z(explicit_statement_count) + z(average_response_time_0_to_n_minus_1),z(implicature_load),0.04314721669504485,0.009167726116409697,4.706425142633116,2.520984961860665e-06,0.025178803686754583,0.06111562970333512
raw__z_raw__z_raw__z_raw,response_delay_at_time_n ~ z(implicature_load) + z(explicit_statement_count) + z(average_response_time_0_to_n_minus_1),z(explicit_statement_count),-0.04818163619285656,0.006733332771421107,-7.155689140652342,8.325361122361984e-13,-0.061378725920765195,-0.03498454646494792
raw__z_raw__z_raw__z_raw,response_delay_at_time_n ~ z(implicature_load) + z(explicit_statement_count) + z(average_response_time_0_to_n_minus_1),z(average_response_time_0_to_n_minus_1),0.1065654735516838,0.014883875421208987,7.159793436582507,8.079871628956187e-13,0.07739361377573326,0.13573733332763435
raw__z_raw__z_raw__z_log1p,response_delay_at_time_n ~ z(implicature_load) + z(explicit_statement_count) + z(log1p(average_response_time_0_to_n_minus_1)),Intercept,0.9706472044663802,0.004376534933273463,221.7844069030147,0.0,0.9620693536200828,0.9792250553126776
raw__z_raw__z_raw__z_log1p,response_delay_at_time_n ~ z(implicature_load) + z(explicit_statement_count) + z(log1p(average_response_time_0_to_n_minus_1)),z(implicature_load),0.03502402285713487,0.009036380721097125,3.8758905736856266,0.0001062354221218086,0.017313042093192423,0.05273500362107732
raw__z_raw__z_raw__z_log1p,response_delay_at_time_n ~ z(implicature_load) + z(explicit_statement_count) + z(log1p(average_response_time_0_to_n_minus_1)),z(explicit_statement_count),-0.04812967204808575,0.006658876363796084,-7.227896933146848,4.905307620452229e-13,-0.061180829898631106,-0.03507851419754039
raw__z_raw__z_raw__z_log1p,response_delay_at_time_n ~ z(implicature_load) + z(explicit_statement_count) + z(log1p(average_response_time_0_to_n_minus_1)),z(log1p(average_response_time_0_to_n_minus_1)),0.18624039470021722,0.006438419089486085,28.926416890808973,5.557352706959972e-184,0.17362132516744933,0.19885946423298512
raw__z_log1p__raw__raw,response_delay_at_time_n ~ z(log1p(implicature_load)) + explicit_statement_count + average_response_time_0_to_n_minus_1,Intercept,0.9088494862960361,0.022719488685345172,40.00307836515152,0.0,0.8643201067255943,0.9533788658664779
raw__z_log1p__raw__raw,response_delay_at_time_n ~ z(log1p(implicature_load)) + explicit_statement_count + average_response_time_0_to_n_minus_1,z(log1p(implicature_load)),0.010470892325386522,0.007763497033476056,1.3487339893653887,0.1774224239905723,-0.004745282254310099,0.025687066905083142
raw__z_log1p__raw__raw,response_delay_at_time_n ~ z(log1p(implicature_load)) + explicit_statement_count + average_response_time_0_to_n_minus_1,explicit_statement_count,-0.01071482172677337,0.002440638837587163,-4.3901709510474465,1.1326158384727462e-05,-0.01549838594771391,-0.005931257505832828
raw__z_log1p__raw__raw,response_delay_at_time_n ~ z(log1p(implicature_load)) + explicit_statement_count + average_response_time_0_to_n_minus_1,average_response_time_0_to_n_minus_1,0.12687386382687646,0.0176187968396001,7.201051523661031,5.974996233467937e-13,0.09234165657033214,0.16140607108342078
raw__z_log1p__raw__log1p,response_delay_at_time_n ~ z(log1p(implicature_load)) + explicit_statement_count + log1p(average_response_time_0_to_n_minus_1),Intercept,0.5048405838710247,0.021412984552040448,23.576376410495207,6.735395353383673e-123,0.4628719053475129,0.5468092623945365
raw__z_log1p__raw__log1p,response_delay_at_time_n ~ z(log1p(implicature_load)) + explicit_statement_count + log1p(average_response_time_0_to_n_minus_1),z(log1p(implicature_load)),0.001617472866119343,0.007624457767501596,0.21214267498649428,0.8319957274790691,-0.01332618975983045,0.016561135492069137
raw__z_log1p__raw__log1p,response_delay_at_time_n ~ z(log1p(implicature_load)) + explicit_statement_count + log1p(average_response_time_0_to_n_minus_1),explicit_statement_count,-0.00999055529046226,0.0024067165735376325,-4.151114177843195,3.308606466455913e-05,-0.014707633095591664,-0.005273477485332856
raw__z_log1p__raw__log1p,response_delay_at_time_n ~ z(log1p(implicature_load)) + explicit_statement_count + log1p(average_response_time_0_to_n_minus_1),log1p(average_response_time_0_to_n_minus_1),0.7985697756673096,0.027403116127030284,29.14156813281555,1.0684399799993434e-186,0.7448606549941614,0.8522788963404577
raw__z_log1p__raw__z_raw,response_delay_at_time_n ~ z(log1p(implicature_load)) + explicit_statement_count + z(average_response_time_0_to_n_minus_1),Intercept,1.0362050249539978,0.015619833749617215,66.33905594413842,0.0,1.0055907133602449,1.0668193365477507
raw__z_log1p__raw__z_raw,response_delay_at_time_n ~ z(log1p(implicature_load)) + explicit_statement_count + z(average_response_time_0_to_n_minus_1),z(log1p(implicature_load)),0.01047089232538648,0.007763497033476045,1.3487339893653854,0.17742242399057329,-0.004745282254310118,0.02568706690508308
raw__z_log1p__raw__z_raw,response_delay_at_time_n ~ z(log1p(implicature_load)) + explicit_statement_count + z(average_response_time_0_to_n_minus_1),explicit_statement_count,-0.01071482172677348,0.002440638837587161,-4.390170951047495,1.1326158384724938e-05,-0.015498385947714017,-0.005931257505832942
raw__z_log1p__raw__z_raw,response_delay_at_time_n ~ z(log1p(implicature_load)) + explicit_statement_count + z(average_response_time_0_to_n_minus_1),z(average_response_time_0_to_n_minus_1),0.10811226266235109,0.015013399405228346,7.201051523661024,5.974996233468219e-13,0.07868654054258847,0.1375379847821137
raw__z_log1p__raw__z_log1p,response_delay_at_time_n ~ z(log1p(implicature_load)) + explicit_statement_count + z(log1p(average_response_time_0_to_n_minus_1)),Intercept,1.0317736559375408,0.015380148852573284,67.08476399205412,0.0,1.0016291181096322,1.0619181937654494
raw__z_log1p__raw__z_log1p,response_delay_at_time_n ~ z(log1p(implicature_load)) + explicit_statement_count + z(log1p(average_response_time_0_to_n_minus_1)),z(log1p(implicature_load)),0.0016174728661195953,0.007624457767501593,0.21214267498652747,0.8319957274790433,-0.01332618975983019,0.016561135492069383
raw__z_log1p__raw__z_log1p,response_delay_at_time_n ~ z(log1p(implicature_load)) + explicit_statement_count + z(log1p(average_response_time_0_to_n_minus_1)),explicit_statement_count,-0.009990555290462456,0.0024067165735376307,-4.151114177843279,3.3086064664547e-05,-0.014707633095591857,-0.005273477485333055
raw__z_log1p__raw__z_log1p,response_delay_at_time_n ~ z(log1p(implicature_load)) + explicit_statement_count + z(log1p(average_response_time_0_to_n_minus_1)),z(log1p(average_response_time_0_to_n_minus_1)),0.1880309732575126,0.006452328591259838,29.14156813281559,1.0684399799980663e-186,0.17538464160222528,0.20067730491279995
raw__z_log1p__z_raw__raw,response_delay_at_time_n ~ z(log1p(implicature_load)) + z(explicit_statement_count) + average_response_time_0_to_n_minus_1,Intercept,0.8432916658084184,0.01757386661803839,47.98555059834336,0.0,0.8088475201679525,0.8777358114488844
raw__z_log1p__z_raw__raw,response_delay_at_time_n ~ z(log1p(implicature_load)) + z(explicit_statement_count) + average_response_time_0_to_n_minus_1,z(log1p(implicature_load)),0.010470892325386276,0.0077634970334760495,1.3487339893653583,0.17742242399058206,-0.0047452822543103314,0.025687066905082885
raw__z_log1p__z_raw__raw,response_delay_at_time_n ~ z(log1p(implicature_load)) + z(explicit_statement_count) + average_response_time_0_to_n_minus_1,z(explicit_statement_count),-0.03142788944429007,0.007158693771774776,-4.3901709510474705,1.1326158384726222e-05,-0.04545867141331983,-0.017397107475260312
raw__z_log1p__z_raw__raw,response_delay_at_time_n ~ z(log1p(implicature_load)) + z(explicit_statement_count) + average_response_time_0_to_n_minus_1,average_response_time_0_to_n_minus_1,0.12687386382687635,0.017618796839600086,7.201051523661031,5.974996233467937e-13,0.09234165657033205,0.16140607108342064
raw__z_log1p__z_raw__log1p,response_delay_at_time_n ~ z(log1p(implicature_load)) + z(explicit_statement_count) + log1p(average_response_time_0_to_n_minus_1),Intercept,0.4437141323998646,0.017211841388045664,25.779585251583974,1.5023677567566718e-146,0.40997954317167923,0.47744872162805
raw__z_log1p__z_raw__log1p,response_delay_at_time_n ~ z(log1p(implicature_load)) + z(explicit_statement_count) + log1p(average_response_time_0_to_n_minus_1),z(log1p(implicature_load)),0.0016174728661222772,0.0076244577675016224,0.21214267498687842,0.8319957274787695,-0.013326189759827568,0.016561135492072124
raw__z_log1p__z_raw__log1p,response_delay_at_time_n ~ z(log1p(implicature_load)) + z(explicit_statement_count) + log1p(average_response_time_0_to_n_minus_1),z(explicit_statement_count),-0.02930352694260296,0.0070591956007893504,-4.151114177842908,3.3086064664600634e-05,-0.043139296079973674,-0.015467757805232244
raw__z_log1p__z_raw__log1p,response_delay_at_time_n ~ z(log1p(implicature_load)) + z(explicit_statement_count) + log1p(average_response_time_0_to_n_minus_1),log1p(average_response_time_0_to_n_minus_1),0.7985697756673104,0.027403116127030322,29.141568132815536,1.0684399799997692e-186,0.7448606549941622,0.8522788963404585
raw__z_log1p__z_raw__z_raw,response_delay_at_time_n ~ z(log1p(implicature_load)) + z(explicit_statement_count) + z(average_response_time_0_to_n_minus_1),Intercept,0.9706472044663802,0.004421888958845387,219.50962891655897,0.0,0.9619804613634079,0.9793139475693525
raw__z_log1p__z_raw__z_raw,response_delay_at_time_n ~ z(log1p(implicature_load)) + z(explicit_statement_count) + z(average_response_time_0_to_n_minus_1),z(log1p(implicature_load)),0.010470892325386148,0.007763497033476051,1.3487339893653414,0.17742242399058727,-0.004745282254310463,0.02568706690508276
raw__z_log1p__z_raw__z_raw,response_delay_at_time_n ~ z(log1p(implicature_load)) + z(explicit_statement_count) + z(average_response_time_0_to_n_minus_1),z(explicit_statement_count),-0.03142788944428987,0.007158693771774779,-4.39017095104744,1.1326158384727784e-05,-0.045458671413319635,-0.017397107475260104
raw__z_log1p__z_raw__z_raw,response_delay_at_time_n ~ z(log1p(implicature_load)) + z(explicit_statement_count) + z(average_response_time_0_to_n_minus_1),z(average_response_time_0_to_n_minus_1),0.10811226266235065,0.015013399405228276,7.201051523661028,5.974996233468044e-13,0.07868654054258815,0.13753798478211313
raw__z_log1p__z_raw__z_log1p,response_delay_at_time_n ~ z(log1p(implicature_load)) + z(explicit_statement_count) + z(log1p(average_response_time_0_to_n_minus_1)),Intercept,0.9706472044663802,0.004377935036954994,221.7134782204304,0.0,0.9620666094672924,0.979227799465468
raw__z_log1p__z_raw__z_log1p,response_delay_at_time_n ~ z(log1p(implicature_load)) + z(explicit_statement_count) + z(log1p(average_response_time_0_to_n_minus_1)),z(log1p(implicature_load)),0.0016174728661196391,0.007624457767501598,0.21214267498653308,0.8319957274790388,-0.013326189759830158,0.016561135492069435
raw__z_log1p__z_raw__z_log1p,response_delay_at_time_n ~ z(log1p(implicature_load)) + z(explicit_statement_count) + z(log1p(average_response_time_0_to_n_minus_1)),z(explicit_statement_count),-0.029303526942605677,0.007059195600789366,-4.151114177843284,3.308606466454633e-05,-0.04313929607997642,-0.015467757805234931
raw__z_log1p__z_raw__z_log1p,response_delay_at_time_n ~ z(log1p(implicature_load)) + z(explicit_statement_count) + z(log1p(average_response_time_0_to_n_minus_1)),z(log1p(average_response_time_0_to_n_minus_1)),0.18803097325751192,0.006452328591259827,29.141568132815532,1.0684399799997692e-186,0.17538464160222458,0.20067730491279925
log1p__raw__raw__raw,log1p(response_delay_at_time_n) ~ implicature_load + explicit_statement_count + average_response_time_0_to_n_minus_1,Intercept,0.5685211825618446,0.007651431092898738,74.3025945942958,0.0,0.5535246531895731,0.5835177119341161
log1p__raw__raw__raw,log1p(response_delay_at_time_n) ~ implicature_load + explicit_statement_count + average_response_time_0_to_n_minus_1,implicature_load,0.0033112150337822393,0.0003616462578848768,9.155949941659017,5.388163572114874e-20,0.0026024013931841964,0.004020028674380283
log1p__raw__raw__raw,log1p(response_delay_at_time_n) ~ implicature_load + explicit_statement_count + average_response_time_0_to_n_minus_1,explicit_statement_count,-0.006622059049387244,0.0006304250524577789,-10.50411785440703,8.269229161645614e-26,-0.007857669447156265,-0.005386448651618223
log1p__raw__raw__raw,log1p(response_delay_at_time_n) ~ implicature_load + explicit_statement_count + average_response_time_0_to_n_minus_1,average_response_time_0_to_n_minus_1,0.053391802157201955,0.007240359069616253,7.374192584074671,1.6534403230366367e-13,0.039200959145616165,0.06758264516878774
log1p__raw__raw__log1p,log1p(response_delay_at_time_n) ~ implicature_load + explicit_statement_count + log1p(average_response_time_0_to_n_minus_1),Intercept,0.3943904161983289,0.006236397291969297,63.24010446002075,0.0,0.38216730211278593,0.4066135302838718
log1p__raw__raw__log1p,log1p(response_delay_at_time_n) ~ implicature_load + explicit_statement_count + log1p(average_response_time_0_to_n_minus_1),implicature_load,0.0026629102647583096,0.000348656955502552,7.637622662424752,2.2126920361012098e-14,0.0019795551890139235,0.0033462653405026957
log1p__raw__raw__log1p,log1p(response_delay_at_time_n) ~ implicature_load + explicit_statement_count + log1p(average_response_time_0_to_n_minus_1),explicit_statement_count,-0.006613511767359056,0.0006150865434273819,-10.752164614929278,5.7886945178924814e-27,-0.007819059239851957,-0.005407964294866156
log1p__raw__raw__log1p,log1p(response_delay_at_time_n) ~ implicature_load + explicit_statement_count + log1p(average_response_time_0_to_n_minus_1),log1p(average_response_time_0_to_n_minus_1),0.35083327599372766,0.008516502110589958,41.19452698279489,0.0,0.334141238582712,0.3675253134047433
log1p__raw__raw__z_raw,log1p(response_delay_at_time_n) ~ implicature_load + explicit_statement_count + z(average_response_time_0_to_n_minus_1),Intercept,0.6221156859414227,0.0034448768416459738,180.59156090009122,0.0,0.6153638514006206,0.6288675204822249
log1p__raw__raw__z_raw,log1p(response_delay_at_time_n) ~ implicature_load + explicit_statement_count + z(average_response_time_0_to_n_minus_1),implicature_load,0.0033112150337821157,0.0003616462578848789,9.155949941658621,5.388163572134629e-20,0.0026024013931840685,0.004020028674380163
log1p__raw__raw__z_raw,log1p(response_delay_at_time_n) ~ implicature_load + explicit_statement_count + z(average_response_time_0_to_n_minus_1),explicit_statement_count,-0.006622059049387031,0.0006304250524577795,-10.504117854406683,8.26922916167597e-26,-0.007857669447156053,-0.005386448651618009
log1p__raw__raw__z_raw,log1p(response_delay_at_time_n) ~ implicature_load + explicit_statement_count + z(average_response_time_0_to_n_minus_1),z(average_response_time_0_to_n_minus_1),0.0454964353155699,0.00616968363612092,7.374192584074696,1.6534403230363257e-13,0.03340407759276677,0.057588793038373026
log1p__raw__raw__z_log1p,log1p(response_delay_at_time_n) ~ implicature_load + explicit_statement_count + z(log1p(average_response_time_0_to_n_minus_1)),Intercept,0.6258863499732524,0.003380773705712618,185.1310985161974,0.0,0.6192601552701756,0.6325125446763292
log1p__raw__raw__z_log1p,log1p(response_delay_at_time_n) ~ implicature_load + explicit_statement_count + z(log1p(average_response_time_0_to_n_minus_1)),implicature_load,0.0026629102647583672,0.000348656955502551,7.637622662424939,2.2126920360979887e-14,0.001979555189013983,0.0033462653405027516
log1p__raw__raw__z_log1p,log1p(response_delay_at_time_n) ~ implicature_load + explicit_statement_count + z(log1p(average_response_time_0_to_n_minus_1)),explicit_statement_count,-0.006613511767359124,0.0006150865434273819,-10.752164614929388,5.788694517885513e-27,-0.007819059239852025,-0.005407964294866224
log1p__raw__raw__z_log1p,log1p(response_delay_at_time_n) ~ implicature_load + explicit_statement_count + z(log1p(average_response_time_0_to_n_minus_1)),z(log1p(average_response_time_0_to_n_minus_1)),0.08260708625128818,0.00200529274885933,41.19452698279468,0.0,0.07867678468506457,0.08653738781751179
log1p__raw__z_raw__raw,log1p(response_delay_at_time_n) ~ implicature_load + z(explicit_statement_count) + average_response_time_0_to_n_minus_1,Intercept,0.5280046187320078,0.007309603631927724,72.23437074285789,0.0,0.5136780588721662,0.5423311785918493
log1p__raw__z_raw__raw,log1p(response_delay_at_time_n) ~ implicature_load + z(explicit_statement_count) + average_response_time_0_to_n_minus_1,implicature_load,0.003311215033782207,0.0003616462578848773,9.155949941658912,5.3881635721201025e-20,0.0026024013931841626,0.004020028674380251
log1p__raw__z_raw__raw,log1p(response_delay_at_time_n) ~ implicature_load + z(explicit_statement_count) + average_response_time_0_to_n_minus_1,z(explicit_statement_count),-0.019423313332192396,0.0018491141856375232,-10.504117854407015,8.26922916164692e-26,-0.023047510539344052,-0.01579911612504074
log1p__raw__z_raw__raw,log1p(response_delay_at_time_n) ~ implicature_load + z(explicit_statement_count) + average_response_time_0_to_n_minus_1,average_response_time_0_to_n_minus_1,0.053391802157202135,0.00724035906961627,7.374192584074678,1.6534403230365464e-13,0.03920095914561631,0.06758264516878795
log1p__raw__z_raw__log1p,log1p(response_delay_at_time_n) ~ implicature_load + z(explicit_statement_count) + log1p(average_response_time_0_to_n_minus_1),Intercept,0.35392614826245633,0.005858336947157582,60.41409899343165,0.0,0.34244401883672715,0.3654082776881855
log1p__raw__z_raw__log1p,log1p(response_delay_at_time_n) ~ implicature_load + z(explicit_statement_count) + log1p(average_response_time_0_to_n_minus_1),implicature_load,0.002662910264758343,0.0003486569555025514,7.637622662424861,2.212692036099332e-14,0.001979555189013958,0.0033462653405027278
log1p__raw__z_raw__log1p,log1p(response_delay_at_time_n) ~ implicature_load + z(explicit_statement_count) + log1p(average_response_time_0_to_n_minus_1),z(explicit_statement_count),-0.01939824310316953,0.0018041244528785485,-10.752164614929365,5.7886945178870474e-27,-0.022934262054439516,-0.015862224151899546
log1p__raw__z_raw__log1p,log1p(response_delay_at_time_n) ~ implicature_load + z(explicit_statement_count) + log1p(average_response_time_0_to_n_minus_1),log1p(average_response_time_0_to_n_minus_1),0.35083327599372766,0.008516502110589958,41.19452698279489,0.0,0.334141238582712,0.3675253134047433
log1p__raw__z_raw__z_raw,log1p(response_delay_at_time_n) ~ implicature_load + z(explicit_statement_count) + z(average_response_time_0_to_n_minus_1),Intercept,0.5815991221115878,0.0025835696953543995,225.11454719312587,0.0,0.5765354185571441,0.5866628256660316
log1p__raw__z_raw__z_raw,log1p(response_delay_at_time_n) ~ implicature_load + z(explicit_statement_count) + z(average_response_time_0_to_n_minus_1),implicature_load,0.003311215033787369,0.00036164625788477606,9.15594994167575,5.3881635712797434e-20,0.0026024013931895233,0.0040200286743852145
log1p__raw__z_raw__z_raw,log1p(response_delay_at_time_n) ~ implicature_load + z(explicit_statement_count) + z(average_response_time_0_to_n_minus_1),z(explicit_statement_count),-0.019423313332191973,0.0018491141856373894,-10.504117854407546,8.269229161600388e-26,-0.02304751053934337,-0.015799116125040577
log1p__raw__z_raw__z_raw,log1p(response_delay_at_time_n) ~ implicature_load + z(explicit_statement_count) + z(average_response_time_0_to_n_minus_1),z(average_response_time_0_to_n_minus_1),0.04549643531556805,0.006169683636120838,7.374192584074496,1.6534403230388067e-13,0.033404077592765084,0.05758879303837102
log1p__raw__z_raw__z_log1p,log1p(response_delay_at_time_n) ~ implicature_load + z(explicit_statement_count) + z(log1p(average_response_time_0_to_n_minus_1)),Intercept,0.58542208203738,0.0025064375489576925,233.5673922060532,0.0,0.5805095547119241,0.5903346093628359
log1p__raw__z_raw__z_log1p,log1p(response_delay_at_time_n) ~ implicature_load + z(explicit_statement_count) + z(log1p(average_response_time_0_to_n_minus_1)),implicature_load,0.002662910264762868,0.00034865695550243496,7.63762266244039,2.212692035832541e-14,0.0019795551890187113,0.0033462653405070247
log1p__raw__z_raw__z_log1p,log1p(response_delay_at_time_n) ~ implicature_load + z(explicit_statement_count) + z(log1p(average_response_time_0_to_n_minus_1)),z(explicit_statement_count),-0.01939824310316882,0.0018041244528783761,-10.752164614929999,5.7886945178472266e-27,-0.022934262054438468,-0.01586222415189917
log1p__raw__z_raw__z_log1p,log1p(response_delay_at_time_n) ~ implicature_load + z(explicit_statement_count) + z(log1p(average_response_time_0_to_n_minus_1)),z(log1p(average_response_time_0_to_n_minus_1)),0.08260708625128901,0.002005292748859389,41.19452698279388,0.0,0.07867678468506528,0.08653738781751275
log1p__log1p__raw__raw,log1p(response_delay_at_time_n) ~ log1p(implicature_load) + explicit_statement_count + average_response_time_0_to_n_minus_1,Intercept,0.5555412485607143,0.007779910649832621,71.40715023156035,0.0,0.5402929038841028,0.5707895932373258
log1p__log1p__raw__raw,log1p(response_delay_at_time_n) ~ log1p(implicature_load) + explicit_statement_count + average_response_time_0_to_n_minus_1,log1p(implicature_load),0.01744881630029392,0.003256709650252059,5.357805323217389,8.423893518713096e-08,0.01106578267769585,0.02383184992289199
log1p__log1p__raw__raw,log1p(response_delay_at_time_n) ~ log1p(implicature_load) + explicit_statement_count + average_response_time_0_to_n_minus_1,explicit_statement_count,-0.006193176366384134,0.0007580255547030828,-8.170141927220369,3.080268673012183e-16,-0.007678879152963173,-0.004707473579805095
log1p__log1p__raw__raw,log1p(response_delay_at_time_n) ~ log1p(implicature_load) + explicit_statement_count + average_response_time_0_to_n_minus_1,average_response_time_0_to_n_minus_1,0.054001421302490964,0.007290468426035485,7.407126421348021,1.290654162798148e-13,0.039712365757035,0.06829047684794692
log1p__log1p__raw__log1p,log1p(response_delay_at_time_n) ~ log1p(implicature_load) + explicit_statement_count + log1p(average_response_time_0_to_n_minus_1),Intercept,0.38409008535278977,0.0064822752289008115,59.25235689474408,0.0,0.37138505936626803,0.3967951113393115
log1p__log1p__raw__log1p,log1p(response_delay_at_time_n) ~ log1p(implicature_load) + explicit_statement_count + log1p(average_response_time_0_to_n_minus_1),log1p(implicature_load),0.011901244598760565,0.0031737219216823667,3.749933010026223,0.00017688181708683194,0.0056808639353178765,0.018121625262203254
log1p__log1p__raw__log1p,log1p(response_delay_at_time_n) ~ log1p(implicature_load) + explicit_statement_count + log1p(average_response_time_0_to_n_minus_1),explicit_statement_count,-0.005871064794930267,0.0007388146099937672,-7.946600832622675,1.9169885335453944e-15,-0.007319114821770057,-0.004423014768090477
log1p__log1p__raw__log1p,log1p(response_delay_at_time_n) ~ log1p(implicature_load) + explicit_statement_count + log1p(average_response_time_0_to_n_minus_1),log1p(average_response_time_0_to_n_minus_1),0.3531014946747555,0.008527539178064088,41.40719700040313,0.0,0.33638782500899556,0.3698151643405154
log1p__log1p__raw__z_raw,log1p(response_delay_at_time_n) ~ log1p(implicature_load) + explicit_statement_count + z(average_response_time_0_to_n_minus_1),Intercept,0.6097476854960524,0.003986587342867754,152.94978713734392,0.0,0.6019341178828084,0.6175612531092964
log1p__log1p__raw__z_raw,log1p(response_delay_at_time_n) ~ log1p(implicature_load) + explicit_statement_count + z(average_response_time_0_to_n_minus_1),log1p(implicature_load),0.017448816300294018,0.003256709650252058,5.35780532321742,8.423893518711674e-08,0.011065782677695948,0.023831849922892088
log1p__log1p__raw__z_raw,log1p(response_delay_at_time_n) ~ log1p(implicature_load) + explicit_statement_count + z(average_response_time_0_to_n_minus_1),explicit_statement_count,-0.0061931763663841365,0.0007580255547030828,-8.170141927220373,3.0802686730120944e-16,-0.0076788791529631755,-0.004707473579805097
log1p__log1p__raw__z_raw,log1p(response_delay_at_time_n) ~ log1p(implicature_load) + explicit_statement_count + z(average_response_time_0_to_n_minus_1),z(average_response_time_0_to_n_minus_1),0.04601590641206918,0.006212383020687634,7.407126421348017,1.2906541627981855e-13,0.03383985943335327,0.05819195339078509
log1p__log1p__raw__z_log1p,log1p(response_delay_at_time_n) ~ log1p(implicature_load) + explicit_statement_count + z(log1p(average_response_time_0_to_n_minus_1)),Intercept,0.61708269415115,0.003917524250001594,157.51853843684538,0.0,0.6094044877125846,0.6247609005897155
log1p__log1p__raw__z_log1p,log1p(response_delay_at_time_n) ~ log1p(implicature_load) + explicit_statement_count + z(log1p(average_response_time_0_to_n_minus_1)),log1p(implicature_load),0.011901244598760425,0.0031737219216823698,3.749933010026175,0.00017688181708686566,0.00568086393531773,0.01812162526220312
log1p__log1p__raw__z_log1p,log1p(response_delay_at_time_n) ~ log1p(implicature_load) + explicit_statement_count + z(log1p(average_response_time_0_to_n_minus_1)),explicit_statement_count,-0.005871064794930247,0.0007388146099937672,-7.946600832622648,1.9169885335458026e-15,-0.007319114821770037,-0.004423014768090457
log1p__log1p__raw__z_log1p,log1p(response_delay_at_time_n) ~ log1p(implicature_load) + explicit_statement_count + z(log1p(average_response_time_0_to_n_minus_1)),z(log1p(average_response_time_0_to_n_minus_1)),0.08314116026604638,0.002007891533088727,41.40719700040313,0.0,0.07920576517632956,0.08707655535576321
log1p__log1p__z_raw__raw,log1p(response_delay_at_time_n) ~ log1p(implicature_load) + z(explicit_statement_count) + average_response_time_0_to_n_minus_1,Intercept,0.5176487707548493,0.008794330566455264,58.861645789089124,0.0,0.5004121995764572,0.5348853419332413
log1p__log1p__z_raw__raw,log1p(response_delay_at_time_n) ~ log1p(implicature_load) + z(explicit_statement_count) + average_response_time_0_to_n_minus_1,log1p(implicature_load),0.0174488163002937,0.0032567096502520553,5.357805323217327,8.423893518715998e-08,0.011065782677695635,0.02383184992289176
log1p__log1p__z_raw__raw,log1p(response_delay_at_time_n) ~ log1p(implicature_load) + z(explicit_statement_count) + average_response_time_0_to_n_minus_1,z(explicit_statement_count),-0.018165347694526837,0.002223382146398908,-8.170141927220325,3.080268673013293e-16,-0.02252309662533806,-0.013807598763715616
log1p__log1p__z_raw__raw,log1p(response_delay_at_time_n) ~ log1p(implicature_load) + z(explicit_statement_count) + average_response_time_0_to_n_minus_1,average_response_time_0_to_n_minus_1,0.05400142130249068,0.007290468426035453,7.407126421348015,1.290654162798209e-13,0.039712365757034775,0.06829047684794658
log1p__log1p__z_raw__log1p,log1p(response_delay_at_time_n) ~ log1p(implicature_load) + z(explicit_statement_count) + log1p(average_response_time_0_to_n_minus_1),Intercept,0.34816842265863074,0.00760930725465058,45.75560047806463,0.0,0.33325445449221625,0.36308239082504523
log1p__log1p__z_raw__log1p,log1p(response_delay_at_time_n) ~ log1p(implicature_load) + z(explicit_statement_count) + log1p(average_response_time_0_to_n_minus_1),log1p(implicature_load),0.01190124459876062,0.0031737219216823654,3.749933010026241,0.00017688181708681904,0.005680863935317933,0.018121625262203307
log1p__log1p__z_raw__log1p,log1p(response_delay_at_time_n) ~ log1p(implicature_load) + z(explicit_statement_count) + log1p(average_response_time_0_to_n_minus_1),z(explicit_statement_count),-0.01722055485386902,0.002167034083702158,-7.946600832622552,1.916988533547275e-15,-0.021467863611196007,-0.012973246096542032
log1p__log1p__z_raw__log1p,log1p(response_delay_at_time_n) ~ log1p(implicature_load) + z(explicit_statement_count) + log1p(average_response_time_0_to_n_minus_1),log1p(average_response_time_0_to_n_minus_1),0.35310149467475543,0.00852753917806409,41.407197000403116,0.0,0.3363878250089955,0.36981516434051537
log1p__log1p__z_raw__z_raw,log1p(response_delay_at_time_n) ~ log1p(implicature_load) + z(explicit_statement_count) + z(average_response_time_0_to_n_minus_1),Intercept,0.5718552076901873,0.005738988983163499,99.64389361398703,0.0,0.5606069959755147,0.5831034194048599
log1p__log1p__z_raw__z_raw,log1p(response_delay_at_time_n) ~ log1p(implicature_load) + z(explicit_statement_count) + z(average_response_time_0_to_n_minus_1),log1p(implicature_load),0.01744881630029419,0.0032567096502520553,5.357805323217478,8.423893518708969e-08,0.011065782677696128,0.023831849922892254
log1p__log1p__z_raw__z_raw,log1p(response_delay_at_time_n) ~ log1p(implicature_load) + z(explicit_statement_count) + z(average_response_time_0_to_n_minus_1),z(explicit_statement_count),-0.0181653476945268,0.0022233821463989076,-8.170141927220309,3.080268673013715e-16,-0.02252309662533802,-0.013807598763715578
log1p__log1p__z_raw__z_raw,log1p(response_delay_at_time_n) ~ log1p(implicature_load) + z(explicit_statement_count) + z(average_response_time_0_to_n_minus_1),z(average_response_time_0_to_n_minus_1),0.04601590641206913,0.0062123830206876314,7.407126421348012,1.2906541627982367e-13,0.03383985943335323,0.058191953390785034
log1p__log1p__z_raw__z_log1p,log1p(response_delay_at_time_n) ~ log1p(implicature_load) + z(explicit_statement_count) + z(log1p(average_response_time_0_to_n_minus_1)),Intercept,0.5811610314569902,0.005614411785431012,103.51236312325017,0.0,0.5701569865631682,0.5921650763508122
log1p__log1p__z_raw__z_log1p,log1p(response_delay_at_time_n) ~ log1p(implicature_load) + z(explicit_statement_count) + z(log1p(average_response_time_0_to_n_minus_1)),log1p(implicature_load),0.011901244598760664,0.0031737219216823667,3.749933010026254,0.0001768818170868097,0.005680863935317975,0.01812162526220335
log1p__log1p__z_raw__z_log1p,log1p(response_delay_at_time_n) ~ log1p(implicature_load) + z(explicit_statement_count) + z(log1p(average_response_time_0_to_n_minus_1)),z(explicit_statement_count),-0.017220554853868898,0.002167034083702158,-7.946600832622496,1.9169885335481542e-15,-0.021467863611195886,-0.01297324609654191
log1p__log1p__z_raw__z_log1p,log1p(response_delay_at_time_n) ~ log1p(implicature_load) + z(explicit_statement_count) + z(log1p(average_response_time_0_to_n_minus_1)),z(log1p(average_response_time_0_to_n_minus_1)),0.08314116026604627,0.002007891533088725,41.407197000403116,0.0,0.07920576517632946,0.08707655535576309
log1p__z_raw__raw__raw,log1p(response_delay_at_time_n) ~ z(implicature_load) + explicit_statement_count + average_response_time_0_to_n_minus_1,Intercept,0.588046941101133,0.008232923852024503,71.42625775125205,0.0,0.5719107068637042,0.6041831753385618
log1p__z_raw__raw__raw,log1p(response_delay_at_time_n) ~ z(implicature_load) + explicit_statement_count + average_response_time_0_to_n_minus_1,z(implicature_load),0.01895208322363715,0.0020699199257749046,9.155949941658811,5.388163572125179e-20,0.014895114718236513,0.023009051729037784
log1p__z_raw__raw__raw,log1p(response_delay_at_time_n) ~ z(implicature_load) + explicit_statement_count + average_response_time_0_to_n_minus_1,explicit_statement_count,-0.006622059049387232,0.0006304250524577794,-10.504117854407001,8.269229161648168e-26,-0.007857669447156254,-0.005386448651618209
log1p__z_raw__raw__raw,log1p(response_delay_at_time_n) ~ z(implicature_load) + explicit_statement_count + average_response_time_0_to_n_minus_1,average_response_time_0_to_n_minus_1,0.05339180215720204,0.007240359069616265,7.37419258407467,1.6534403230366542e-13,0.03920095914561622,0.06758264516878786
log1p__z_raw__raw__log1p,log1p(response_delay_at_time_n) ~ z(implicature_load) + explicit_statement_count + log1p(average_response_time_0_to_n_minus_1),Intercept,0.4100932148118256,0.006686199763967755,61.334274967648625,0.0,0.3969885040810086,0.4231979255426426
log1p__z_raw__raw__log1p,log1p(response_delay_at_time_n) ~ z(implicature_load) + explicit_statement_count + log1p(average_response_time_0_to_n_minus_1),z(implicature_load),0.015241443530512997,0.001995574304226549,7.637622662424652,2.2126920361029118e-14,0.011330189765755384,0.01915269729527061
log1p__z_raw__raw__log1p,log1p(response_delay_at_time_n) ~ z(implicature_load) + explicit_statement_count + log1p(average_response_time_0_to_n_minus_1),explicit_statement_count,-0.006613511767359077,0.000615086543427383,-10.752164614929292,5.788694517891611e-27,-0.00781905923985198,-0.005407964294866174
log1p__z_raw__raw__log1p,log1p(response_delay_at_time_n) ~ z(implicature_load) + explicit_statement_count + log1p(average_response_time_0_to_n_minus_1),log1p(average_response_time_0_to_n_minus_1),0.3508332759937275,0.008516502110589947,41.19452698279492,0.0,0.33414123858271183,0.36752531340474315
log1p__z_raw__raw__z_raw,log1p(response_delay_at_time_n) ~ z(implicature_load) + explicit_statement_count + z(average_response_time_0_to_n_minus_1),Intercept,0.6416414444807118,0.0041759309974705415,153.65231007633244,0.0,0.6334567701237451,0.6498261188376785
log1p__z_raw__raw__z_raw,log1p(response_delay_at_time_n) ~ z(implicature_load) + explicit_statement_count + z(average_response_time_0_to_n_minus_1),z(implicature_load),0.018952083223637287,0.0020699199257749046,9.155949941658879,5.388163572121769e-20,0.014895114718236652,0.023009051729037923
log1p__z_raw__raw__z_raw,log1p(response_delay_at_time_n) ~ z(implicature_load) + explicit_statement_count + z(average_response_time_0_to_n_minus_1),explicit_statement_count,-0.006622059049387128,0.000630425052457779,-10.504117854406845,8.269229161661798e-26,-0.007857669447156148,-0.005386448651618107
log1p__z_raw__raw__z_raw,log1p(response_delay_at_time_n) ~ z(implicature_load) + explicit_statement_count + z(average_response_time_0_to_n_minus_1),z(average_response_time_0_to_n_minus_1),0.045496435315568066,0.006169683636120694,7.37419258407467,1.6534403230366542e-13,0.03340407759276538,0.05758879303837075
log1p__z_raw__raw__z_log1p,log1p(response_delay_at_time_n) ~ z(implicature_load) + explicit_statement_count + z(log1p(average_response_time_0_to_n_minus_1)),Intercept,0.6415891485867485,0.004080509307031999,157.23261492899647,0.0,0.6335914973063853,0.6495867998671118
log1p__z_raw__raw__z_log1p,log1p(response_delay_at_time_n) ~ z(implicature_load) + explicit_statement_count + z(log1p(average_response_time_0_to_n_minus_1)),z(implicature_load),0.015241443530513132,0.0019955743042265432,7.637622662424741,2.212692036101377e-14,0.01133018976575553,0.019152697295270735
log1p__z_raw__raw__z_log1p,log1p(response_delay_at_time_n) ~ z(implicature_load) + explicit_statement_count + z(log1p(average_response_time_0_to_n_minus_1)),explicit_statement_count,-0.006613511767358986,0.0006150865434273817,-10.752164614929168,5.788694517899408e-27,-0.007819059239851886,-0.005407964294866086
log1p__z_raw__raw__z_log1p,log1p(response_delay_at_time_n) ~ z(implicature_load) + explicit_statement_count + z(log1p(average_response_time_0_to_n_minus_1)),z(log1p(average_response_time_0_to_n_minus_1)),0.08260708625128897,0.002005292748859339,41.19452698279489,0.0,0.07867678468506534,0.0865373878175126
log1p__z_raw__z_raw__raw,log1p(response_delay_at_time_n) ~ z(implicature_load) + z(explicit_statement_count) + average_response_time_0_to_n_minus_1,Intercept,0.5475303772712969,0.0072432217898956664,75.59210433609871,0.0,0.5333339234310657,0.5617268311115282
log1p__z_raw__z_raw__raw,log1p(response_delay_at_time_n) ~ z(implicature_load) + z(explicit_statement_count) + average_response_time_0_to_n_minus_1,z(implicature_load),0.0189520832236373,0.002069919925774898,9.155949941658914,5.388163572120028e-20,0.01489511471823668,0.023009051729037923
log1p__z_raw__z_raw__raw,log1p(response_delay_at_time_n) ~ z(implicature_load) + z(explicit_statement_count) + average_response_time_0_to_n_minus_1,z(explicit_statement_count),-0.019423313332192216,0.0018491141856375305,-10.504117854406877,8.269229161659015e-26,-0.02304751053934389,-0.015799116125040542
log1p__z_raw__z_raw__raw,log1p(response_delay_at_time_n) ~ z(implicature_load) + z(explicit_statement_count) + average_response_time_0_to_n_minus_1,average_response_time_0_to_n_minus_1,0.05339180215720196,0.007240359069616248,7.374192584074677,1.6534403230365585e-13,0.03920095914561618,0.06758264516878774
log1p__z_raw__z_raw__log1p,log1p(response_delay_at_time_n) ~ z(implicature_load) + z(explicit_statement_count) + log1p(average_response_time_0_to_n_minus_1),Intercept,0.36962894687595294,0.005531318345609697,66.82474661205025,0.0,0.35878776213153224,0.38047013162037363
log1p__z_raw__z_raw__log1p,log1p(response_delay_at_time_n) ~ z(implicature_load) + z(explicit_statement_count) + log1p(average_response_time_0_to_n_minus_1),z(implicature_load),0.015241443530513078,0.0019955743042265445,7.637622662424709,2.212692036101944e-14,0.011330189765755474,0.019152697295270683
log1p__z_raw__z_raw__log1p,log1p(response_delay_at_time_n) ~ z(implicature_load) + z(explicit_statement_count) + log1p(average_response_time_0_to_n_minus_1),z(explicit_statement_count),-0.019398243103169364,0.0018041244528785515,-10.752164614929255,5.7886945178939745e-27,-0.022934262054439356,-0.015862224151899373
log1p__z_raw__z_raw__log1p,log1p(response_delay_at_time_n) ~ z(implicature_load) + z(explicit_statement_count) + log1p(average_response_time_0_to_n_minus_1),log1p(average_response_time_0_to_n_minus_1),0.3508332759937275,0.008516502110589947,41.19452698279492,0.0,0.33414123858271183,0.36752531340474315
log1p__z_raw__z_raw__z_raw,log1p(response_delay_at_time_n) ~ z(implicature_load) + z(explicit_statement_count) + z(average_response_time_0_to_n_minus_1),Intercept,0.6011248806508757,0.0014294666383495042,420.52389648278086,0.0,0.5983231775226091,0.6039265837791422
log1p__z_raw__z_raw__z_raw,log1p(response_delay_at_time_n) ~ z(implicature_load) + z(explicit_statement_count) + z(average_response_time_0_to_n_minus_1),z(implicature_load),0.018952083223637103,0.002069919925774907,9.155949941658777,5.388163572126843e-20,0.014895114718236464,0.023009051729037742
log1p__z_raw__z_raw__z_raw,log1p(response_delay_at_time_n) ~ z(implicature_load) + z(explicit_statement_count) + z(average_response_time_0_to_n_minus_1),z(explicit_statement_count),-0.019423313332192185,0.0018491141856375242,-10.504117854406894,8.269229161657473e-26,-0.023047510539343844,-0.015799116125040525
log1p__z_raw__z_raw__z_raw,log1p(response_delay_at_time_n) ~ z(implicature_load) + z(explicit_statement_count) + z(average_response_time_0_to_n_minus_1),z(average_response_time_0_to_n_minus_1),0.04549643531556807,0.006169683636120693,7.374192584074672,1.653440323036624e-13,0.03340407759276539,0.05758879303837076
log1p__z_raw__z_raw__z_log1p,log1p(response_delay_at_time_n) ~ z(implicature_load) + z(explicit_statement_count) + z(log1p(average_response_time_0_to_n_minus_1)),Intercept,0.6011248806508757,0.0014021088745210179,428.7291034059172,0.0,0.5983767977544104,0.6038729635473409
log1p__z_raw__z_raw__z_log1p,log1p(response_delay_at_time_n) ~ z(implicature_load) + z(explicit_statement_count) + z(log1p(average_response_time_0_to_n_minus_1)),z(implicature_load),0.015241443530513335,0.0019955743042265385,7.637622662424861,2.212692036099332e-14,0.011330189765755743,0.01915269729527093
log1p__z_raw__z_raw__z_log1p,log1p(response_delay_at_time_n) ~ z(implicature_load) + z(explicit_statement_count) + z(log1p(average_response_time_0_to_n_minus_1)),z(explicit_statement_count),-0.01939824310316959,0.0018041244528785502,-10.752164614929388,5.788694517885513e-27,-0.022934262054439578,-0.0158622241518996
log1p__z_raw__z_raw__z_log1p,log1p(response_delay_at_time_n) ~ z(implicature_load) + z(explicit_statement_count) + z(log1p(average_response_time_0_to_n_minus_1)),z(log1p(average_response_time_0_to_n_minus_1)),0.08260708625128889,0.0020052927488593366,41.1945269827949,0.0,0.07867678468506527,0.08653738781751251
log1p__z_log1p__raw__raw,log1p(response_delay_at_time_n) ~ z(log1p(implicature_load)) + explicit_statement_count + average_response_time_0_to_n_minus_1,Intercept,0.5848109215214029,0.008648570133752784,67.61937666887393,0.0,0.5678600355414787,0.6017618075013271
log1p__z_log1p__raw__raw,log1p(response_delay_at_time_n) ~ z(log1p(implicature_load)) + explicit_statement_count + average_response_time_0_to_n_minus_1,z(log1p(implicature_load)),0.012583936266563003,0.0023487109940392784,5.357805323217454,8.423893518710078e-08,0.007980547308152747,0.01718732522497326
log1p__z_log1p__raw__raw,log1p(response_delay_at_time_n) ~ z(log1p(implicature_load)) + explicit_statement_count + average_response_time_0_to_n_minus_1,explicit_statement_count,-0.0061931763663840836,0.000758025554703083,-8.1701419272203,3.080268673013937e-16,-0.007678879152963123,-0.0047074735798050445
log1p__z_log1p__raw__raw,log1p(response_delay_at_time_n) ~ z(log1p(implicature_load)) + explicit_statement_count + average_response_time_0_to_n_minus_1,average_response_time_0_to_n_minus_1,0.054001421302490964,0.007290468426035487,7.4071264213480195,1.2906541627981617e-13,0.039712365757035,0.06829047684794694
log1p__z_log1p__raw__log1p,log1p(response_delay_at_time_n) ~ z(log1p(implicature_load)) + explicit_statement_count + log1p(average_response_time_0_to_n_minus_1),Intercept,0.4040539345466753,0.007152142844145339,56.49410859815659,0.0,0.39003599215986456,0.4180718769334861
log1p__z_log1p__raw__log1p,log1p(response_delay_at_time_n) ~ z(log1p(implicature_load)) + explicit_statement_count + log1p(average_response_time_0_to_n_minus_1),z(log1p(implicature_load)),0.008583075261159964,0.0022888609578388167,3.7499330100261994,0.0001768818170868483,0.004096990218176032,0.013069160304143897
log1p__z_log1p__raw__log1p,log1p(response_delay_at_time_n) ~ z(log1p(implicature_load)) + explicit_statement_count + log1p(average_response_time_0_to_n_minus_1),explicit_statement_count,-0.005871064794930148,0.0007388146099937685,-7.9466008326225,1.916988533548091e-15,-0.007319114821769941,-0.0044230147680903555
log1p__z_log1p__raw__log1p,log1p(response_delay_at_time_n) ~ z(log1p(implicature_load)) + explicit_statement_count + log1p(average_response_time_0_to_n_minus_1),log1p(average_response_time_0_to_n_minus_1),0.3531014946747557,0.008527539178064085,41.40719700040317,0.0,0.33638782500899583,0.3698151643405156
log1p__z_log1p__raw__z_raw,log1p(response_delay_at_time_n) ~ z(log1p(implicature_load)) + explicit_statement_count + z(average_response_time_0_to_n_minus_1),Intercept,0.639017358456741,0.004842262868978198,131.96668081581964,0.0,0.6295266976298681,0.6485080192836139
log1p__z_log1p__raw__z_raw,log1p(response_delay_at_time_n) ~ z(log1p(implicature_load)) + explicit_statement_count + z(average_response_time_0_to_n_minus_1),z(log1p(implicature_load)),0.012583936266562963,0.002348710994039275,5.357805323217445,8.4238935187105e-08,0.007980547308152714,0.01718732522497321
log1p__z_log1p__raw__z_raw,log1p(response_delay_at_time_n) ~ z(log1p(implicature_load)) + explicit_statement_count + z(average_response_time_0_to_n_minus_1),explicit_statement_count,-0.006193176366384142,0.0007580255547030824,-8.170141927220383,3.080268673011805e-16,-0.00767887915296318,-0.0047074735798051034
log1p__z_log1p__raw__z_raw,log1p(response_delay_at_time_n) ~ z(log1p(implicature_load)) + explicit_statement_count + z(average_response_time_0_to_n_minus_1),z(average_response_time_0_to_n_minus_1),0.04601590641206948,0.006212383020687681,7.40712642134801,1.2906541627982602e-13,0.03383985943335348,0.05819195339078548
log1p__z_log1p__raw__z_log1p,log1p(response_delay_at_time_n) ~ z(log1p(implicature_load)) + explicit_statement_count + z(log1p(average_response_time_0_to_n_minus_1)),Intercept,0.637046543345035,0.0047107842178218595,135.23152704277086,0.0,0.6278135759391644,0.6462795107509055
log1p__z_log1p__raw__z_log1p,log1p(response_delay_at_time_n) ~ z(log1p(implicature_load)) + explicit_statement_count + z(log1p(average_response_time_0_to_n_minus_1)),z(log1p(implicature_load)),0.008583075261159926,0.002288860957838815,3.7499330100261856,0.000176881817086858,0.004096990218175997,0.013069160304143856
log1p__z_log1p__raw__z_log1p,log1p(response_delay_at_time_n) ~ z(log1p(implicature_load)) + explicit_statement_count + z(log1p(average_response_time_0_to_n_minus_1)),explicit_statement_count,-0.005871064794930205,0.0007388146099937674,-7.946600832622588,1.9169885335467363e-15,-0.007319114821769995,-0.0044230147680904145
log1p__z_log1p__raw__z_log1p,log1p(response_delay_at_time_n) ~ z(log1p(implicature_load)) + explicit_statement_count + z(log1p(average_response_time_0_to_n_minus_1)),z(log1p(average_response_time_0_to_n_minus_1)),0.08314116026604666,0.002007891533088731,41.40719700040319,0.0,0.07920576517632984,0.08707655535576349
log1p__z_log1p__z_raw__raw,log1p(response_delay_at_time_n) ~ z(log1p(implicature_load)) + z(explicit_statement_count) + average_response_time_0_to_n_minus_1,Intercept,0.5469184437155374,0.00729154124225072,75.00724819965733,0.0,0.5326272854889376,0.5612096019421373
log1p__z_log1p__z_raw__raw,log1p(response_delay_at_time_n) ~ z(log1p(implicature_load)) + z(explicit_statement_count) + average_response_time_0_to_n_minus_1,z(log1p(implicature_load)),0.01258393626656283,0.0023487109940392753,5.357805323217387,8.423893518713187e-08,0.007980547308152581,0.017187325224973078
log1p__z_log1p__z_raw__raw,log1p(response_delay_at_time_n) ~ z(log1p(implicature_load)) + z(explicit_statement_count) + average_response_time_0_to_n_minus_1,z(explicit_statement_count),-0.018165347694526872,0.0022233821463989076,-8.170141927220342,3.080268673012849e-16,-0.022523096625338093,-0.01380759876371565
log1p__z_log1p__z_raw__raw,log1p(response_delay_at_time_n) ~ z(log1p(implicature_load)) + z(explicit_statement_count) + average_response_time_0_to_n_minus_1,average_response_time_0_to_n_minus_1,0.054001421302490915,0.007290468426035479,7.40712642134802,1.290654162798148e-13,0.03971236575703496,0.06829047684794687
log1p__z_log1p__z_raw__log1p,log1p(response_delay_at_time_n) ~ z(log1p(implicature_load)) + z(explicit_statement_count) + log1p(average_response_time_0_to_n_minus_1),Intercept,0.3681322718525162,0.0055350344836096995,66.50948118618349,0.0,0.3572838036114539,0.37898074009357846
log1p__z_log1p__z_raw__log1p,log1p(response_delay_at_time_n) ~ z(log1p(implicature_load)) + z(explicit_statement_count) + log1p(average_response_time_0_to_n_minus_1),z(log1p(implicature_load)),0.008583075261160516,0.0022888609578388145,3.749933010026444,0.00017688181708667598,0.004096990218176588,0.013069160304144444
log1p__z_log1p__z_raw__log1p,log1p(response_delay_at_time_n) ~ z(log1p(implicature_load)) + z(explicit_statement_count) + log1p(average_response_time_0_to_n_minus_1),z(explicit_statement_count),-0.01722055485386852,0.002167034083702161,-7.946600832622311,1.9169885335510095e-15,-0.021467863611195515,-0.012973246096541527
log1p__z_log1p__z_raw__log1p,log1p(response_delay_at_time_n) ~ z(log1p(implicature_load)) + z(explicit_statement_count) + log1p(average_response_time_0_to_n_minus_1),log1p(average_response_time_0_to_n_minus_1),0.3531014946747559,0.008527539178064095,41.407197000403144,0.0,0.33638782500899594,0.3698151643405158
log1p__z_log1p__z_raw__z_raw,log1p(response_delay_at_time_n) ~ z(log1p(implicature_load)) + z(explicit_statement_count) + z(average_response_time_0_to_n_minus_1),Intercept,0.6011248806508757,0.0014304522135099706,420.23415740387867,0.0,0.5983212458307905,0.6039285154709608
log1p__z_log1p__z_raw__z_raw,log1p(response_delay_at_time_n) ~ z(log1p(implicature_load)) + z(explicit_statement_count) + z(average_response_time_0_to_n_minus_1),z(log1p(implicature_load)),0.01258393626656278,0.0023487109940392766,5.357805323217362,8.423893518714331e-08,0.007980547308152527,0.01718732522497303
log1p__z_log1p__z_raw__z_raw,log1p(response_delay_at_time_n) ~ z(log1p(implicature_load)) + z(explicit_statement_count) + z(average_response_time_0_to_n_minus_1),z(explicit_statement_count),-0.01816534769452678,0.0022233821463989085,-8.170141927220298,3.0802686730139817e-16,-0.022523096625338003,-0.01380759876371556
log1p__z_log1p__z_raw__z_raw,log1p(response_delay_at_time_n) ~ z(log1p(implicature_load)) + z(explicit_statement_count) + z(average_response_time_0_to_n_minus_1),z(average_response_time_0_to_n_minus_1),0.046015906412069194,0.006212383020687638,7.407126421348014,1.290654162798209e-13,0.03383985943335327,0.05819195339078512
log1p__z_log1p__z_raw__z_log1p,log1p(response_delay_at_time_n) ~ z(log1p(implicature_load)) + z(explicit_statement_count) + z(log1p(average_response_time_0_to_n_minus_1)),Intercept,0.6011248806508757,0.0014028207701442124,428.5115343630669,0.0,0.5983754024646283,0.603874358837123
log1p__z_log1p__z_raw__z_log1p,log1p(response_delay_at_time_n) ~ z(log1p(implicature_load)) + z(explicit_statement_count) + z(log1p(average_response_time_0_to_n_minus_1)),z(log1p(implicature_load)),0.008583075261159989,0.0022888609578388163,3.749933010026211,0.0001768818170868403,0.004096990218176057,0.01306916030414392
log1p__z_log1p__z_raw__z_log1p,log1p(response_delay_at_time_n) ~ z(log1p(implicature_load)) + z(explicit_statement_count) + z(log1p(average_response_time_0_to_n_minus_1)),z(explicit_statement_count),-0.017220554853869082,0.0021670340837021585,-7.94660083262258,1.9169885335468534e-15,-0.02146786361119607,-0.012973246096542095
log1p__z_log1p__z_raw__z_log1p,log1p(response_delay_at_time_n) ~ z(log1p(implicature_load)) + z(explicit_statement_count) + z(log1p(average_response_time_0_to_n_minus_1)),z(log1p(average_response_time_0_to_n_minus_1)),0.08314116026604632,0.002007891533088725,41.40719700040314,0.0,0.0792057651763295,0.08707655535576313
