model_id,formula_friendly,outcome_transform,load_transform,explicit_transform,average_response_transform,n,r_squared,adjusted_r_squared,rmse,residual_skewness,load_term,load_estimate,load_std_error_hc3,load_z_score,load_p_value,load_ci95_low,load_ci95_high
log1p__z_raw__z_raw__z_log1p,log1p(response_delay_at_time_n) ~ z(implicature_load) + z(explicit_statement_count) + z(log1p(average_response_time_0_to_n_minus_1)),log1p,z_raw,z_raw,z_log1p,61795,0.055571552738736596,0.0555257000200271,0.348514117194416,1.1504928213412478,z(implicature_load),0.015241443530513335,0.0019955743042265385,7.637622662424861,2.212692036099332e-14,0.011330189765755743,0.01915269729527093
log1p__raw__raw__log1p,log1p(response_delay_at_time_n) ~ implicature_load + explicit_statement_count + log1p(average_response_time_0_to_n_minus_1),log1p,raw,raw,log1p,61795,0.055571552738736596,0.0555257000200271,0.348514117194416,1.1504928213412475,implicature_load,0.0026629102647583096,0.000348656955502552,7.637622662424752,2.2126920361012098e-14,0.0019795551890139235,0.0033462653405026957
log1p__raw__z_raw__z_log1p,log1p(response_delay_at_time_n) ~ implicature_load + z(explicit_statement_count) + z(log1p(average_response_time_0_to_n_minus_1)),log1p,raw,z_raw,z_log1p,61795,0.055571552738736485,0.05552570002002699,0.348514117194416,1.1504928213412566,implicature_load,0.002662910264762868,0.00034865695550243496,7.63762266244039,2.212692035832541e-14,0.0019795551890187113,0.0033462653405070247
log1p__raw__raw__z_log1p,log1p(response_delay_at_time_n) ~ implicature_load + explicit_statement_count + z(log1p(average_response_time_0_to_n_minus_1)),log1p,raw,raw,z_log1p,61795,0.055571552738736374,0.05552570002002688,0.348514117194416,1.1504928213412493,implicature_load,0.0026629102647583672,0.000348656955502551,7.637622662424939,2.2126920360979887e-14,0.001979555189013983,0.0033462653405027516
log1p__raw__z_raw__log1p,log1p(response_delay_at_time_n) ~ implicature_load + z(explicit_statement_count) + log1p(average_response_time_0_to_n_minus_1),log1p,raw,z_raw,log1p,61795,0.055571552738736374,0.05552570002002688,0.348514117194416,1.1504928213412475,implicature_load,0.002662910264758343,0.0003486569555025514,7.637622662424861,2.212692036099332e-14,0.001979555189013958,0.0033462653405027278
log1p__z_raw__raw__z_log1p,log1p(response_delay_at_time_n) ~ z(implicature_load) + explicit_statement_count + z(log1p(average_response_time_0_to_n_minus_1)),log1p,z_raw,raw,z_log1p,61795,0.055571552738736374,0.05552570002002688,0.348514117194416,1.1504928213412478,z(implicature_load),0.015241443530513132,0.0019955743042265432,7.637622662424741,2.212692036101377e-14,0.01133018976575553,0.019152697295270735
log1p__z_raw__z_raw__log1p,log1p(response_delay_at_time_n) ~ z(implicature_load) + z(explicit_statement_count) + log1p(average_response_time_0_to_n_minus_1),log1p,z_raw,z_raw,log1p,61795,0.055571552738736374,0.05552570002002688,0.348514117194416,1.1504928213412478,z(implicature_load),0.015241443530513078,0.0019955743042265445,7.637622662424709,2.212692036101944e-14,0.011330189765755474,0.019152697295270683
log1p__z_raw__raw__log1p,log1p(response_delay_at_time_n) ~ z(implicature_load) + explicit_statement_count + log1p(average_response_time_0_to_n_minus_1),log1p,z_raw,raw,log1p,61795,0.055571552738736374,0.05552570002002688,0.348514117194416,1.1504928213412478,z(implicature_load),0.015241443530512997,0.001995574304226549,7.637622662424652,2.2126920361029118e-14,0.011330189765755384,0.01915269729527061
log1p__z_log1p__z_raw__log1p,log1p(response_delay_at_time_n) ~ z(log1p(implicature_load)) + z(explicit_statement_count) + log1p(average_response_time_0_to_n_minus_1),log1p,z_log1p,z_raw,log1p,61795,0.054604909102263566,0.05455900945227099,0.3486924275763864,1.1514701721691576,z(log1p(implicature_load)),0.008583075261160516,0.0022888609578388145,3.749933010026444,0.00017688181708667598,0.004096990218176588,0.013069160304144444
log1p__log1p__z_raw__z_log1p,log1p(response_delay_at_time_n) ~ log1p(implicature_load) + z(explicit_statement_count) + z(log1p(average_response_time_0_to_n_minus_1)),log1p,log1p,z_raw,z_log1p,61795,0.054604909102263566,0.05455900945227099,0.3486924275763864,1.151470172169157,log1p(implicature_load),0.011901244598760664,0.0031737219216823667,3.749933010026254,0.0001768818170868097,0.005680863935317975,0.01812162526220335
log1p__z_log1p__z_raw__z_log1p,log1p(response_delay_at_time_n) ~ z(log1p(implicature_load)) + z(explicit_statement_count) + z(log1p(average_response_time_0_to_n_minus_1)),log1p,z_log1p,z_raw,z_log1p,61795,0.054604909102263566,0.05455900945227099,0.3486924275763864,1.151470172169157,z(log1p(implicature_load)),0.008583075261159989,0.0022888609578388163,3.749933010026211,0.0001768818170868403,0.004096990218176057,0.01306916030414392
log1p__log1p__raw__log1p,log1p(response_delay_at_time_n) ~ log1p(implicature_load) + explicit_statement_count + log1p(average_response_time_0_to_n_minus_1),log1p,log1p,raw,log1p,61795,0.054604909102263455,0.05455900945227088,0.3486924275763864,1.151470172169157,log1p(implicature_load),0.011901244598760565,0.0031737219216823667,3.749933010026223,0.00017688181708683194,0.0056808639353178765,0.018121625262203254
log1p__z_log1p__raw__z_log1p,log1p(response_delay_at_time_n) ~ z(log1p(implicature_load)) + explicit_statement_count + z(log1p(average_response_time_0_to_n_minus_1)),log1p,z_log1p,raw,z_log1p,61795,0.054604909102263455,0.05455900945227088,0.3486924275763864,1.151470172169156,z(log1p(implicature_load)),0.008583075261159926,0.002288860957838815,3.7499330100261856,0.000176881817086858,0.004096990218175997,0.013069160304143856
log1p__log1p__z_raw__log1p,log1p(response_delay_at_time_n) ~ log1p(implicature_load) + z(explicit_statement_count) + log1p(average_response_time_0_to_n_minus_1),log1p,log1p,z_raw,log1p,61795,0.054604909102263344,0.05455900945227077,0.3486924275763864,1.151470172169157,log1p(implicature_load),0.01190124459876062,0.0031737219216823654,3.749933010026241,0.00017688181708681904,0.005680863935317933,0.018121625262203307
log1p__z_log1p__raw__log1p,log1p(response_delay_at_time_n) ~ z(log1p(implicature_load)) + explicit_statement_count + log1p(average_response_time_0_to_n_minus_1),log1p,z_log1p,raw,log1p,61795,0.054604909102263344,0.05455900945227077,0.3486924275763864,1.151470172169157,z(log1p(implicature_load)),0.008583075261159964,0.0022888609578388167,3.7499330100261994,0.0001768818170868483,0.004096990218176032,0.013069160304143897
log1p__log1p__raw__z_log1p,log1p(response_delay_at_time_n) ~ log1p(implicature_load) + explicit_statement_count + z(log1p(average_response_time_0_to_n_minus_1)),log1p,log1p,raw,z_log1p,61795,0.054604909102263344,0.05455900945227077,0.3486924275763864,1.1514701721691567,log1p(implicature_load),0.011901244598760425,0.0031737219216823698,3.749933010026175,0.00017688181708686566,0.00568086393531773,0.01812162526220312
log1p__raw__raw__raw,log1p(response_delay_at_time_n) ~ implicature_load + explicit_statement_count + average_response_time_0_to_n_minus_1,log1p,raw,raw,raw,61795,0.018870209388352266,0.018822574791536706,0.35522136269470816,1.1296880697651062,implicature_load,0.0033112150337822393,0.0003616462578848768,9.155949941659017,5.388163572114874e-20,0.0026024013931841964,0.004020028674380283
log1p__z_raw__z_raw__raw,log1p(response_delay_at_time_n) ~ z(implicature_load) + z(explicit_statement_count) + average_response_time_0_to_n_minus_1,log1p,z_raw,z_raw,raw,61795,0.018870209388352044,0.018822574791536484,0.35522136269470816,1.129688069765107,z(implicature_load),0.0189520832236373,0.002069919925774898,9.155949941658914,5.388163572120028e-20,0.01489511471823668,0.023009051729037923
log1p__raw__z_raw__raw,log1p(response_delay_at_time_n) ~ implicature_load + z(explicit_statement_count) + average_response_time_0_to_n_minus_1,log1p,raw,z_raw,raw,61795,0.018870209388352044,0.018822574791536484,0.35522136269470816,1.1296880697651062,implicature_load,0.003311215033782207,0.0003616462578848773,9.155949941658912,5.3881635721201025e-20,0.0026024013931841626,0.004020028674380251
log1p__z_raw__raw__z_raw,log1p(response_delay_at_time_n) ~ z(implicature_load) + explicit_statement_count + z(average_response_time_0_to_n_minus_1),log1p,z_raw,raw,z_raw,61795,0.018870209388352044,0.018822574791536484,0.35522136269470816,1.1296880697651068,z(implicature_load),0.018952083223637287,0.0020699199257749046,9.155949941658879,5.388163572121769e-20,0.014895114718236652,0.023009051729037923
log1p__z_raw__raw__raw,log1p(response_delay_at_time_n) ~ z(implicature_load) + explicit_statement_count + average_response_time_0_to_n_minus_1,log1p,z_raw,raw,raw,61795,0.018870209388352044,0.018822574791536484,0.3552213626947082,1.1296880697651062,z(implicature_load),0.01895208322363715,0.0020699199257749046,9.155949941658811,5.388163572125179e-20,0.014895114718236513,0.023009051729037784
log1p__z_raw__z_raw__z_raw,log1p(response_delay_at_time_n) ~ z(implicature_load) + z(explicit_statement_count) + z(average_response_time_0_to_n_minus_1),log1p,z_raw,z_raw,z_raw,61795,0.018870209388352044,0.018822574791536484,0.35522136269470816,1.1296880697651068,z(implicature_load),0.018952083223637103,0.002069919925774907,9.155949941658777,5.388163572126843e-20,0.014895114718236464,0.023009051729037742
log1p__raw__raw__z_raw,log1p(response_delay_at_time_n) ~ implicature_load + explicit_statement_count + z(average_response_time_0_to_n_minus_1),log1p,raw,raw,z_raw,61795,0.018870209388352044,0.018822574791536484,0.35522136269470816,1.1296880697650997,implicature_load,0.0033112150337821157,0.0003616462578848789,9.155949941658621,5.388163572134629e-20,0.0026024013931840685,0.004020028674380163
log1p__raw__z_raw__z_raw,log1p(response_delay_at_time_n) ~ implicature_load + z(explicit_statement_count) + z(average_response_time_0_to_n_minus_1),log1p,raw,z_raw,z_raw,61795,0.018870209388351822,0.018822574791536262,0.35522136269470816,1.1296880697651133,implicature_load,0.003311215033787369,0.00036164625788477606,9.15594994167575,5.3881635712797434e-20,0.0026024013931895233,0.0040200286743852145
log1p__log1p__raw__z_raw,log1p(response_delay_at_time_n) ~ log1p(implicature_load) + explicit_statement_count + z(average_response_time_0_to_n_minus_1),log1p,log1p,raw,z_raw,61795,0.017516360530334008,0.01746866020312765,0.35546636098783463,1.1310231063967493,log1p(implicature_load),0.017448816300294018,0.003256709650252058,5.35780532321742,8.423893518711674e-08,0.011065782677695948,0.023831849922892088
log1p__log1p__z_raw__z_raw,log1p(response_delay_at_time_n) ~ log1p(implicature_load) + z(explicit_statement_count) + z(average_response_time_0_to_n_minus_1),log1p,log1p,z_raw,z_raw,61795,0.017516360530333897,0.01746866020312754,0.35546636098783463,1.1310231063967495,log1p(implicature_load),0.01744881630029419,0.0032567096502520553,5.357805323217478,8.423893518708969e-08,0.011065782677696128,0.023831849922892254
log1p__z_log1p__raw__raw,log1p(response_delay_at_time_n) ~ z(log1p(implicature_load)) + explicit_statement_count + average_response_time_0_to_n_minus_1,log1p,z_log1p,raw,raw,61795,0.017516360530333897,0.01746866020312754,0.35546636098783463,1.1310231063967493,z(log1p(implicature_load)),0.012583936266563003,0.0023487109940392784,5.357805323217454,8.423893518710078e-08,0.007980547308152747,0.01718732522497326
log1p__z_log1p__raw__z_raw,log1p(response_delay_at_time_n) ~ z(log1p(implicature_load)) + explicit_statement_count + z(average_response_time_0_to_n_minus_1),log1p,z_log1p,raw,z_raw,61795,0.017516360530333897,0.01746866020312754,0.35546636098783463,1.1310231063967475,z(log1p(implicature_load)),0.012583936266562963,0.002348710994039275,5.357805323217445,8.4238935187105e-08,0.007980547308152714,0.01718732522497321
log1p__log1p__z_raw__raw,log1p(response_delay_at_time_n) ~ log1p(implicature_load) + z(explicit_statement_count) + average_response_time_0_to_n_minus_1,log1p,log1p,z_raw,raw,61795,0.017516360530333897,0.01746866020312754,0.35546636098783463,1.13102310639675,log1p(implicature_load),0.0174488163002937,0.0032567096502520553,5.357805323217327,8.423893518715998e-08,0.011065782677695635,0.02383184992289176
log1p__log1p__raw__raw,log1p(response_delay_at_time_n) ~ log1p(implicature_load) + explicit_statement_count + average_response_time_0_to_n_minus_1,log1p,log1p,raw,raw,61795,0.017516360530333785,0.01746866020312743,0.35546636098783463,1.1310231063967493,log1p(implicature_load),0.01744881630029392,0.003256709650252059,5.357805323217389,8.423893518713096e-08,0.01106578267769585,0.02383184992289199
log1p__z_log1p__z_raw__raw,log1p(response_delay_at_time_n) ~ z(log1p(implicature_load)) + z(explicit_statement_count) + average_response_time_0_to_n_minus_1,log1p,z_log1p,z_raw,raw,61795,0.017516360530333785,0.01746866020312743,0.35546636098783463,1.1310231063967493,z(log1p(implicature_load)),0.01258393626656283,0.0023487109940392753,5.357805323217387,8.423893518713187e-08,0.007980547308152581,0.017187325224973078
log1p__z_log1p__z_raw__z_raw,log1p(response_delay_at_time_n) ~ z(log1p(implicature_load)) + z(explicit_statement_count) + z(average_response_time_0_to_n_minus_1),log1p,z_log1p,z_raw,z_raw,61795,0.017516360530333785,0.01746866020312743,0.35546636098783463,1.1310231063967489,z(log1p(implicature_load)),0.01258393626656278,0.0023487109940392766,5.357805323217362,8.423893518714331e-08,0.007980547308152527,0.01718732522497303
raw__raw__z_raw__z_log1p,response_delay_at_time_n ~ implicature_load + z(explicit_statement_count) + z(log1p(average_response_time_0_to_n_minus_1)),raw,raw,z_raw,z_log1p,61795,0.029932614860370355,0.029885517351745827,1.0878220019099034,9.923638629509883,implicature_load,0.006119225504643709,0.0015787921223009039,3.875890573691017,0.00010623542211945677,0.003024849805858381,0.009213601203429036
raw__raw__raw__z_log1p,response_delay_at_time_n ~ implicature_load + explicit_statement_count + z(log1p(average_response_time_0_to_n_minus_1)),raw,raw,raw,z_log1p,61795,0.029932614860370133,0.029885517351745605,1.0878220019099034,9.92363862950989,implicature_load,0.006119225504636586,0.0015787921223012582,3.8758905736856355,0.00010623542212180478,0.0030248498058505634,0.009213601203422609
raw__z_raw__z_raw__z_log1p,response_delay_at_time_n ~ z(implicature_load) + z(explicit_statement_count) + z(log1p(average_response_time_0_to_n_minus_1)),raw,z_raw,z_raw,z_log1p,61795,0.029932614860370133,0.029885517351745605,1.0878220019099034,9.923638629509894,z(implicature_load),0.03502402285713487,0.009036380721097125,3.8758905736856266,0.0001062354221218086,0.017313042093192423,0.05273500362107732
raw__raw__z_raw__log1p,response_delay_at_time_n ~ implicature_load + z(explicit_statement_count) + log1p(average_response_time_0_to_n_minus_1),raw,raw,z_raw,log1p,61795,0.029932614860370133,0.029885517351745605,1.0878220019099034,9.92363862950989,implicature_load,0.0061192255046365355,0.0015787921223012593,3.8758905736856013,0.00010623542212181988,0.003024849805850511,0.00921360120342256
raw__z_raw__raw__z_log1p,response_delay_at_time_n ~ z(implicature_load) + explicit_statement_count + z(log1p(average_response_time_0_to_n_minus_1)),raw,z_raw,raw,z_log1p,61795,0.029932614860370133,0.029885517351745605,1.0878220019099034,9.92363862950989,z(implicature_load),0.03502402285713439,0.009036380721097146,3.875890573685565,0.00010623542212183579,0.017313042093191906,0.05273500362107688
raw__raw__raw__log1p,response_delay_at_time_n ~ implicature_load + explicit_statement_count + log1p(average_response_time_0_to_n_minus_1),raw,raw,raw,log1p,61795,0.029932614860370133,0.029885517351745605,1.0878220019099034,9.92363862950989,implicature_load,0.006119225504636481,0.0015787921223012612,3.875890573685562,0.0001062354221218371,0.003024849805850453,0.00921360120342251
raw__z_raw__z_raw__log1p,response_delay_at_time_n ~ z(implicature_load) + z(explicit_statement_count) + log1p(average_response_time_0_to_n_minus_1),raw,z_raw,z_raw,log1p,61795,0.029932614860370133,0.029885517351745605,1.0878220019099034,9.92363862950989,z(implicature_load),0.03502402285713431,0.009036380721097147,3.8758905736855547,0.0001062354221218402,0.01731304209319182,0.052735003621076804
raw__z_raw__raw__log1p,response_delay_at_time_n ~ z(implicature_load) + explicit_statement_count + log1p(average_response_time_0_to_n_minus_1),raw,z_raw,raw,log1p,61795,0.029932614860370133,0.029885517351745605,1.0878220019099034,9.92363862950989,z(implicature_load),0.03502402285713415,0.009036380721097161,3.875890573685531,0.00010623542212185059,0.017313042093191632,0.052735003621076665
raw__z_log1p__z_raw__log1p,response_delay_at_time_n ~ z(log1p(implicature_load)) + z(explicit_statement_count) + log1p(average_response_time_0_to_n_minus_1),raw,z_log1p,z_raw,log1p,61795,0.029263274162092068,0.029216144156468116,1.0881972325343958,9.917999823166278,z(log1p(implicature_load)),0.0016174728661222772,0.0076244577675016224,0.21214267498687842,0.8319957274787695,-0.013326189759827568,0.016561135492072124
raw__log1p__z_raw__z_log1p,response_delay_at_time_n ~ log1p(implicature_load) + z(explicit_statement_count) + z(log1p(average_response_time_0_to_n_minus_1)),raw,log1p,z_raw,z_log1p,61795,0.029263274162092068,0.029216144156468116,1.0881972325343958,9.91799982316628,log1p(implicature_load),0.0022427789138304787,0.010572030893702393,0.2121426749865506,0.8319957274790253,-0.018478020881271012,0.022963578708931967
raw__log1p__z_raw__log1p,response_delay_at_time_n ~ log1p(implicature_load) + z(explicit_statement_count) + log1p(average_response_time_0_to_n_minus_1),raw,log1p,z_raw,log1p,61795,0.029263274162092068,0.029216144156468116,1.0881972325343958,9.917999823166278,log1p(implicature_load),0.0022427789138303733,0.01057203089370239,0.21214267498654069,0.8319957274790329,-0.01847802088127111,0.022963578708931856
raw__log1p__raw__log1p,response_delay_at_time_n ~ log1p(implicature_load) + explicit_statement_count + log1p(average_response_time_0_to_n_minus_1),raw,log1p,raw,log1p,61795,0.029263274162092068,0.029216144156468116,1.0881972325343958,9.91799982316628,log1p(implicature_load),0.002242778913830323,0.010572030893702395,0.21214267498653583,0.8319957274790367,-0.018478020881271172,0.022963578708931814
raw__z_log1p__z_raw__z_log1p,response_delay_at_time_n ~ z(log1p(implicature_load)) + z(explicit_statement_count) + z(log1p(average_response_time_0_to_n_minus_1)),raw,z_log1p,z_raw,z_log1p,61795,0.029263274162092068,0.029216144156468116,1.0881972325343958,9.917999823166282,z(log1p(implicature_load)),0.0016174728661196391,0.007624457767501598,0.21214267498653308,0.8319957274790388,-0.013326189759830158,0.016561135492069435
raw__z_log1p__raw__z_log1p,response_delay_at_time_n ~ z(log1p(implicature_load)) + explicit_statement_count + z(log1p(average_response_time_0_to_n_minus_1)),raw,z_log1p,raw,z_log1p,61795,0.029263274162092068,0.029216144156468116,1.0881972325343958,9.91799982316628,z(log1p(implicature_load)),0.0016174728661195953,0.007624457767501593,0.21214267498652747,0.8319957274790433,-0.01332618975983019,0.016561135492069383
raw__log1p__raw__z_log1p,response_delay_at_time_n ~ log1p(implicature_load) + explicit_statement_count + z(log1p(average_response_time_0_to_n_minus_1)),raw,log1p,raw,z_log1p,61795,0.029263274162092068,0.029216144156468116,1.0881972325343958,9.91799982316628,log1p(implicature_load),0.00224277891383006,0.0105720308937024,0.21214267498651088,0.8319957274790561,-0.018478020881271442,0.022963578708931565
raw__z_log1p__raw__log1p,response_delay_at_time_n ~ z(log1p(implicature_load)) + explicit_statement_count + log1p(average_response_time_0_to_n_minus_1),raw,z_log1p,raw,log1p,61795,0.029263274162092068,0.029216144156468116,1.0881972325343958,9.917999823166278,z(log1p(implicature_load)),0.001617472866119343,0.007624457767501596,0.21214267498649428,0.8319957274790691,-0.01332618975983045,0.016561135492069137
raw__raw__z_raw__z_raw,response_delay_at_time_n ~ implicature_load + z(explicit_statement_count) + z(average_response_time_0_to_n_minus_1),raw,raw,z_raw,z_raw,61795,0.010946913110898238,0.010898893832028134,1.0984155897050132,9.749357874040797,implicature_load,0.007538470093274885,0.0016017401456102432,4.706425142639364,2.5209849617834505e-06,0.004399117095286866,0.010677823091262903
raw__raw__raw__raw,response_delay_at_time_n ~ implicature_load + explicit_statement_count + average_response_time_0_to_n_minus_1,raw,raw,raw,raw,61795,0.010946913110898238,0.010898893832028134,1.0984155897050132,9.749357874040804,implicature_load,0.007538470093266803,0.0016017401456106216,4.706425142633207,2.520984961859546e-06,0.004399117095278043,0.010677823091255563
raw__z_raw__z_raw__raw,response_delay_at_time_n ~ z(implicature_load) + z(explicit_statement_count) + average_response_time_0_to_n_minus_1,raw,z_raw,z_raw,raw,61795,0.010946913110898238,0.010898893832028134,1.0984155897050132,9.749357874040804,z(implicature_load),0.04314721669504519,0.009167726116409666,4.706425142633169,2.5209849618600214e-06,0.025178803686754986,0.061115629703335395
raw__raw__z_raw__raw,response_delay_at_time_n ~ implicature_load + z(explicit_statement_count) + average_response_time_0_to_n_minus_1,raw,raw,z_raw,raw,61795,0.010946913110898238,0.010898893832028134,1.0984155897050132,9.749357874040804,implicature_load,0.007538470093266744,0.0016017401456106233,4.706425142633165,2.5209849618600587e-06,0.004399117095277981,0.010677823091255508
raw__z_raw__raw__z_raw,response_delay_at_time_n ~ z(implicature_load) + explicit_statement_count + z(average_response_time_0_to_n_minus_1),raw,z_raw,raw,z_raw,61795,0.010946913110898238,0.010898893832028134,1.0984155897050132,9.749357874040802,z(implicature_load),0.043147216695045267,0.009167726116409695,4.7064251426331625,2.520984961860101e-06,0.025178803686755003,0.06111562970333553
raw__z_raw__raw__raw,response_delay_at_time_n ~ z(implicature_load) + explicit_statement_count + average_response_time_0_to_n_minus_1,raw,z_raw,raw,raw,61795,0.010946913110898238,0.010898893832028134,1.0984155897050132,9.749357874040804,z(implicature_load),0.043147216695045024,0.009167726116409688,4.706425142633139,2.52098496186038e-06,0.025178803686754774,0.06111562970333527
raw__z_raw__z_raw__z_raw,response_delay_at_time_n ~ z(implicature_load) + z(explicit_statement_count) + z(average_response_time_0_to_n_minus_1),raw,z_raw,z_raw,z_raw,61795,0.010946913110898238,0.010898893832028134,1.0984155897050132,9.749357874040804,z(implicature_load),0.04314721669504485,0.009167726116409697,4.706425142633116,2.520984961860665e-06,0.025178803686754583,0.06111562970333512
raw__raw__raw__z_raw,response_delay_at_time_n ~ implicature_load + explicit_statement_count + z(average_response_time_0_to_n_minus_1),raw,raw,raw,z_raw,61795,0.010946913110898238,0.010898893832028134,1.0984155897050132,9.749357874040799,implicature_load,0.007538470093266608,0.001601740145610627,4.706425142633069,2.5209849618612475e-06,0.004399117095277837,0.01067782309125538
raw__log1p__raw__raw,response_delay_at_time_n ~ log1p(implicature_load) + explicit_statement_count + average_response_time_0_to_n_minus_1,raw,log1p,raw,raw,61795,0.009965329712149584,0.009917262776659608,1.0989605145143184,9.74179832896554,log1p(implicature_load),0.014518881279722737,0.0107648219694934,1.348733989365363,0.1774224239905806,-0.0065797820804698575,0.03561754463991533
raw__z_log1p__z_raw__raw,response_delay_at_time_n ~ z(log1p(implicature_load)) + z(explicit_statement_count) + average_response_time_0_to_n_minus_1,raw,z_log1p,z_raw,raw,61795,0.009965329712149584,0.009917262776659608,1.0989605145143186,9.741798328965546,z(log1p(implicature_load)),0.010470892325386276,0.0077634970334760495,1.3487339893653583,0.17742242399058206,-0.0047452822543103314,0.025687066905082885
raw__z_log1p__z_raw__z_raw,response_delay_at_time_n ~ z(log1p(implicature_load)) + z(explicit_statement_count) + z(average_response_time_0_to_n_minus_1),raw,z_log1p,z_raw,z_raw,61795,0.009965329712149584,0.009917262776659608,1.0989605145143186,9.74179832896554,z(log1p(implicature_load)),0.010470892325386148,0.007763497033476051,1.3487339893653414,0.17742242399058727,-0.004745282254310463,0.02568706690508276
raw__log1p__z_raw__z_raw,response_delay_at_time_n ~ log1p(implicature_load) + z(explicit_statement_count) + z(average_response_time_0_to_n_minus_1),raw,log1p,z_raw,z_raw,61795,0.009965329712149362,0.009917262776659386,1.0989605145143184,9.741798328965546,log1p(implicature_load),0.014518881279723155,0.01076482196949339,1.3487339893654031,0.1774224239905675,-0.006579782080469419,0.03561754463991573
raw__z_log1p__raw__raw,response_delay_at_time_n ~ z(log1p(implicature_load)) + explicit_statement_count + average_response_time_0_to_n_minus_1,raw,z_log1p,raw,raw,61795,0.009965329712149362,0.009917262776659386,1.0989605145143184,9.741798328965546,z(log1p(implicature_load)),0.010470892325386522,0.007763497033476056,1.3487339893653887,0.1774224239905723,-0.004745282254310099,0.025687066905083142
raw__z_log1p__raw__z_raw,response_delay_at_time_n ~ z(log1p(implicature_load)) + explicit_statement_count + z(average_response_time_0_to_n_minus_1),raw,z_log1p,raw,z_raw,61795,0.009965329712149362,0.009917262776659386,1.0989605145143186,9.74179832896554,z(log1p(implicature_load)),0.01047089232538648,0.007763497033476045,1.3487339893653854,0.17742242399057329,-0.004745282254310118,0.02568706690508308
raw__log1p__raw__z_raw,response_delay_at_time_n ~ log1p(implicature_load) + explicit_statement_count + z(average_response_time_0_to_n_minus_1),raw,log1p,raw,z_raw,61795,0.009965329712149362,0.009917262776659386,1.0989605145143184,9.741798328965546,log1p(implicature_load),0.014518881279722888,0.010764821969493396,1.3487339893653776,0.17742242399057573,-0.0065797820804697,0.035617544639915476
raw__log1p__z_raw__raw,response_delay_at_time_n ~ log1p(implicature_load) + z(explicit_statement_count) + average_response_time_0_to_n_minus_1,raw,log1p,z_raw,raw,61795,0.009965329712149362,0.009917262776659386,1.0989605145143184,9.741798328965547,log1p(implicature_load),0.014518881279722364,0.01076482196949339,1.3487339893653296,0.17742242399059116,-0.00657978208047021,0.03561754463991494
