episode_id,turn_idx,implicature_load,duration_sec,new_assumption_count,gap_to_next_sec,next_response_type
85597,2,281.43179999999995,2814.3179999999998,10.0,,Silence/Abandonment
95299,4,248.5247,2485.247,10.0,2.762000000000171,Silence/Abandonment
48003,1,241.7506,2417.506,10.0,9.987999999999829,Silence/Abandonment
74365,0,227.88690000000003,2278.869,10.0,1.0509999999999309,Substantive
46748,2,226.01579999999998,2260.158,10.0,,Silence/Abandonment
74355,0,224.17169999999996,2241.7169999999996,10.0,2.0210000000001855,Substantive
74351,0,217.36549999999997,2173.6549999999997,10.0,0.9600000000000364,Backchannel
87315,0,211.4278,2114.278,10.0,1.1410000000000764,Substantive
74354,0,209.0884,2090.884,10.0,0.7600000000002183,Clarification
74373,0,208.2198,2082.198,10.0,1.400000000000091,Substantive
74375,0,198.6282,1986.282,10.0,0.7000000000000455,Silence/Abandonment
74383,0,195.5312,1955.3120000000001,10.0,1.0209999999999582,Substantive
74394,0,194.81199999999998,1948.12,10.0,1.441000000000031,Substantive
78348,1,186.1538,1861.538,10.0,,Silence/Abandonment
72058,1,172.6209,1726.209,10.0,2.69399999999996,Substantive
87177,0,143.50549999999998,1435.0549999999998,10.0,1.5170000000000528,Substantive
75371,16,138.3617,1383.6170000000002,10.0,,Silence/Abandonment
49011,3,136.466,545.864,4.0,0.4600000000000364,Clarification
75328,24,134.0517,1340.517,10.0,,Silence/Abandonment
75315,0,132.48020000000002,1324.8020000000001,10.0,1.04099999999994,Substantive
66021,1,128.1544,1281.544,10.0,1.2799999999999727,Substantive
87339,0,125.76970000000001,1257.6970000000001,10.0,0.9610000000000127,Substantive
47179,0,124.15959999999998,620.7979999999999,5.0,1.1210000000000946,Substantive
91056,3,122.25699999999999,1222.57,10.0,2.6840000000001965,Substantive
75342,18,120.28779999999999,1202.878,10.0,,Silence/Abandonment
91056,1,118.0577,1180.577,10.0,1.2409999999999854,Substantive
74378,2,114.30639999999998,1143.0639999999999,10.0,0.5399999999999636,Backchannel
65214,8,110.60979999999999,1106.098,10.0,1.4210000000000491,Backchannel
95633,8,110.6088,1106.088,10.0,1.4210000000000491,Backchannel
75317,16,109.8501,1098.501,10.0,,Silence/Abandonment
80082,3,108.1659,1081.6589999999999,10.0,2.3220000000001164,Substantive
87325,38,107.8572,1078.5720000000001,10.0,,Silence/Abandonment
74552,0,103.5374,1035.374,10.0,1.058999999999969,Substantive
77016,0,102.90360000000001,1029.036,10.0,72.79199999999992,Silence/Abandonment
51470,0,101.7425,1017.4250000000001,10.0,0.5359999999998308,Substantive
75336,20,101.1936,1011.936,10.0,,Silence/Abandonment
82735,1,100.59870000000001,1005.9870000000001,10.0,0.75,Clarification
75236,18,95.84799999999998,958.4799999999999,10.0,,Silence/Abandonment
84672,2,95.82430000000001,958.243,10.0,2.54099999999994,Substantive
47196,0,93.4046,934.046,10.0,1.738999999999919,Substantive
45082,3,92.98766666666667,278.963,3.0,1.7679999999999723,Clarification
77450,0,91.3442,913.442,10.0,1.8410000000000082,Substantive
83968,0,90.85060000000001,908.5060000000001,10.0,0.39999999999997726,Silence/Abandonment
75341,0,88.3101,883.101,10.0,0.01999999999998181,Substantive
51871,1,87.9471,879.471,10.0,0.7799999999999727,Substantive
47218,0,87.07910000000001,870.791,10.0,1.3009999999999309,Substantive
49237,1,82.99324999999999,331.97299999999996,4.0,7.1410000000000196,Silence/Abandonment
84680,0,81.24459999999999,812.4459999999999,10.0,3.508000000000038,Substantive
47184,0,81.21209999999999,812.121,10.0,1.1609999999999445,Substantive
51847,1,80.6561,806.5609999999999,10.0,1.7220000000000937,Substantive
84673,6,77.7687,777.687,10.0,,Silence/Abandonment
74378,0,75.9214,759.214,10.0,2.33299999999997,Substantive
77933,56,75.55119999999997,755.5119999999997,10.0,,Silence/Abandonment
47189,0,74.92979999999999,749.2979999999999,10.0,0.1610000000000582,Silence/Abandonment
85779,16,73.66925000000003,294.67700000000013,4.0,0.6209999999998672,Substantive
51842,1,73.45660000000001,734.566,10.0,2.949999999999932,Substantive
84701,5,72.1616,721.6160000000001,10.0,,Silence/Abandonment
66020,1,71.3642,713.6419999999999,10.0,8.918000000000006,Silence/Abandonment
78358,0,71.2997,712.997,10.0,1.0009999999999764,Substantive
95485,22,71.23420000000002,712.3420000000001,10.0,,Silence/Abandonment
93357,21,71.05799999999999,710.5799999999999,10.0,1.7419999999997344,Clarification
87022,7,70.826,283.304,4.0,0.5730000000000928,Substantive
76362,0,70.04400000000001,350.22,5.0,0.5,Substantive
47415,15,69.80425000000002,279.2170000000001,4.0,0.9800000000000182,Clarification
83091,1,69.2616,692.616,10.0,1.65199999999993,Substantive
47213,0,69.0275,690.2750000000001,10.0,0.9959999999999809,Substantive
91056,5,68.16750000000002,681.6750000000002,10.0,2.462999999999738,Substantive
47999,0,67.80666666666667,203.42000000000002,3.0,1.2789999999999964,Substantive
47185,0,67.35369999999999,673.5369999999999,10.0,1.2019999999999982,Substantive
95484,32,67.20599999999997,672.0599999999997,10.0,,Silence/Abandonment
80120,14,67.14799999999998,201.44399999999996,3.0,1.2200000000000273,Substantive
51846,1,67.0332,670.332,10.0,1.6240000000000236,Substantive
74622,26,66.7729,667.729,10.0,,Silence/Abandonment
71100,1,66.72525,266.901,4.0,0.12000000000000455,Backchannel
64548,0,66.10220000000001,661.022,10.0,0.6200000000000045,Clarification
47212,0,66.08149999999999,660.8149999999999,10.0,1.0199999999999818,Backchannel
76131,0,65.80519999999999,658.0519999999999,10.0,1.0710000000000264,Silence/Abandonment
76923,28,65.792,657.9200000000001,10.0,,Silence/Abandonment
43701,5,64.37374999999999,257.49499999999995,4.0,3.3759999999999764,Clarification
49498,2,64.3437,643.437,10.0,,Silence/Abandonment
91929,1,63.09409999999999,630.9409999999999,10.0,1.0450000000000728,Substantive
47182,0,62.2833,622.833,10.0,1.5620000000000118,Silence/Abandonment
45233,5,62.20400000000001,622.0400000000001,10.0,3.8599999999999,Clarification
65214,10,61.587400000000024,615.8740000000003,10.0,1.6209999999996398,Clarification
95633,10,61.58720000000001,615.8720000000001,10.0,1.6210000000000946,Clarification
73762,1,61.3679,613.679,10.0,1.322999999999979,Substantive
74580,6,61.0979,610.979,10.0,0.5,Clarification
80547,19,60.4384,302.192,5.0,0.90300000000002,Clarification
76922,32,60.30740000000001,603.0740000000001,10.0,,Silence/Abandonment
43159,21,60.28239999999996,301.4119999999998,5.0,2.6210000000000946,Clarification
92926,27,59.51629999999998,595.1629999999998,10.0,1.038000000000011,Clarification
90578,0,59.425,594.25,10.0,0.31999999999993634,Substantive
70889,1,58.8702,588.702,10.0,0.2800000000000864,Clarification
78108,5,58.621000000000016,175.86300000000006,3.0,1.6999999999999318,Clarification
88454,17,58.04800000000002,174.14400000000006,3.0,0.7599999999999909,Substantive
87417,9,58.04575,232.183,4.0,1.330000000000041,Substantive
96879,4,57.690200000000004,576.902,10.0,,Silence/Abandonment
88432,9,57.497800000000005,574.9780000000001,10.0,0.7609999999999673,Substantive
83835,1,57.375600000000006,573.7560000000001,10.0,0.5799999999999272,Substantive
72447,11,57.37020000000001,573.7020000000001,10.0,0.7599999999999909,Substantive
77789,11,57.35849999999999,229.43399999999997,4.0,0.01999999999998181,Substantive
77457,29,56.742400000000046,567.4240000000004,10.0,1.0609999999996944,Substantive
49237,27,56.636799999999994,566.3679999999999,10.0,8.539999999999964,Silence/Abandonment
73021,13,56.5664,565.664,10.0,0.8260000000000218,Clarification
43154,0,55.5727,555.727,10.0,1.1180000000000518,Substantive
72657,8,55.39533333333335,166.18600000000004,3.0,1.4009999999999536,Clarification
92346,31,54.13800000000001,270.69000000000005,5.0,1.0419999999999163,Clarification
70921,17,54.019899999999986,540.1989999999998,10.0,0.5,Substantive
84240,1,53.85260000000001,269.26300000000003,5.0,0.853999999999985,Clarification
77667,3,53.591100000000004,535.9110000000001,10.0,0.38900000000001,Substantive
93254,11,52.8769,528.769,10.0,0.9220000000000255,Clarification
81018,5,52.60166666666667,157.805,3.0,2.310000000000059,Clarification
88432,3,52.3856,523.856,10.0,0.14799999999991087,Silence/Abandonment
91864,23,52.26675,209.067,4.0,1.211999999999989,Silence/Abandonment
84703,0,52.083000000000006,520.83,10.0,10.812000000000012,Silence/Abandonment
72835,3,52.03066666666666,156.09199999999998,3.0,0.4200000000000159,Clarification
78084,23,51.34333333333333,154.02999999999997,3.0,1.8740000000000236,Substantive
46407,11,51.336299999999994,513.3629999999999,10.0,1.620999999999981,Silence/Abandonment
70924,12,51.25819999999999,256.29099999999994,5.0,0.7599999999999909,Substantive
84824,1,51.195699999999995,511.95699999999994,10.0,,Silence/Abandonment
46407,57,51.08409999999999,510.8409999999999,10.0,0.4600000000000364,Substantive
81197,3,51.019200000000005,510.19200000000006,10.0,1.12399999999991,Clarification
87970,1,50.6754,506.754,10.0,0.4599999999999227,Clarification
76131,18,49.74000000000001,497.4000000000001,10.0,,Silence/Abandonment
47243,1,49.21,246.05,5.0,1.1599999999999682,Substantive
72447,23,49.19200000000001,245.96000000000004,5.0,2.0540000000000873,Substantive
77399,0,49.03,147.09,3.0,1.281000000000006,Substantive
71083,3,48.9178,489.178,10.0,1.1399999999999864,Clarification
50774,2,48.7847,487.847,10.0,,Silence/Abandonment
80082,1,48.7042,487.042,10.0,1.4470000000000027,Substantive
51505,7,48.68000000000001,194.72000000000003,4.0,0.47899999999992815,Silence/Abandonment
89132,1,48.656800000000004,486.56800000000004,10.0,1.5809999999999604,Substantive
95966,3,48.614666666666665,145.844,3.0,0.5209999999999582,Clarification
91928,0,48.587777777777774,437.28999999999996,9.0,0.7210000000000036,Substantive
51130,0,48.3318,241.65900000000002,5.0,1.2399999999999807,Substantive
46767,11,48.308500000000016,483.08500000000015,10.0,0.2199999999997999,Substantive
45353,21,48.22199999999998,241.1099999999999,5.0,1.094000000000051,Substantive
72860,1,48.1681,481.68100000000004,10.0,0.7809999999999491,Substantive
94191,0,48.0641,480.641,10.0,0.01999999999998181,Clarification
96764,1,48.0228,480.22799999999995,10.0,0.8530000000000655,Substantive
88432,13,47.90219999999999,479.02199999999993,10.0,3.8890000000001237,Substantive
51849,1,47.8601,478.601,10.0,0.7800000000000296,Substantive
86991,10,47.63699999999999,190.54799999999997,4.0,0.22000000000002728,Substantive
47197,0,47.6234,476.234,10.0,1.1610000000000014,Substantive
48746,5,47.5288,475.28799999999995,10.0,0.2300000000000182,Clarification
75670,23,47.48933333333332,142.46799999999996,3.0,0.43000000000006366,Substantive
83475,13,46.850199999999994,468.50199999999995,10.0,0.68100000000004,Clarification
89113,30,46.822199999999995,468.222,10.0,,Silence/Abandonment
71519,18,46.73389999999999,467.33899999999994,10.0,,Silence/Abandonment
77043,7,46.67975000000001,186.71900000000005,4.0,2.201000000000022,Clarification
88953,16,46.64960000000001,466.4960000000001,10.0,,Silence/Abandonment
70889,3,46.62650000000001,466.2650000000001,10.0,0.2999999999999545,Clarification
70883,0,46.3296,463.296,10.0,2.863999999999976,Substantive
49230,5,46.32866666666666,138.986,3.0,1.6210000000000377,Clarification
75584,14,46.071100000000015,460.7110000000001,10.0,0.5599999999999454,Clarification
92617,17,45.89666666666668,137.69000000000005,3.0,0.16599999999993997,Substantive
92357,6,45.6342,456.342,10.0,0.13999999999998636,Clarification
81197,5,45.57190000000001,455.71900000000005,10.0,0.54099999999994,Clarification
72687,13,45.47280000000001,227.36400000000003,5.0,0.5699999999999363,Clarification
83774,0,45.2978,226.489,5.0,1.4809999999999945,Substantive
84070,0,45.2488,452.488,10.0,1.3410000000000082,Backchannel
77457,15,45.23009999999999,452.30099999999993,10.0,3.5419999999999163,Clarification
84238,7,45.2078,452.078,10.0,0.11999999999989086,Clarification
84108,6,45.16979999999999,225.84899999999993,5.0,0.6200000000001182,Substantive
90854,25,44.8861,448.861,10.0,0.7390000000000327,Substantive
97205,1,44.4734,444.734,10.0,,Silence/Abandonment
75111,30,44.37519999999999,443.75199999999995,10.0,0.7200000000002547,Substantive
51190,33,44.161249999999995,176.64499999999998,4.0,0.5940000000000509,Substantive
94147,32,43.87769999999999,438.77699999999993,10.0,,Silence/Abandonment
77759,3,43.8495,438.495,10.0,0.20000000000004547,Clarification
72830,3,43.792,175.168,4.0,0.367999999999995,Clarification
80189,0,43.700500000000005,437.00500000000005,10.0,0.700999999999965,Backchannel
51087,34,43.683333333333394,131.05000000000018,3.0,1.0030000000001564,Substantive
76927,12,43.4917,434.91700000000003,10.0,1.0049999999998818,Substantive
51917,0,43.3988,433.988,10.0,0.8790000000000191,Substantive
86462,21,43.125249999999994,172.50099999999998,4.0,1.91800000000012,Substantive
49868,29,42.967500000000015,429.6750000000002,10.0,2.0299999999997453,Substantive
45358,13,42.88680000000001,428.86800000000005,10.0,1.6600000000000819,Substantive
77433,0,42.8176,428.176,10.0,1.7420000000000186,Substantive
70913,16,42.150300000000016,421.50300000000016,10.0,1.806999999999789,Substantive
75306,10,42.143100000000004,421.43100000000004,10.0,0.33999999999991815,Substantive
46767,7,41.8722,418.722,10.0,1.2440000000000282,Clarification
91922,11,41.8597,418.597,10.0,0.5900000000000318,Clarification
65214,26,41.82685714285714,292.788,7.0,1.0409999999997126,Substantive
46004,9,41.7925,417.92499999999995,10.0,0.3530000000000655,Clarification
49867,5,41.75874999999999,167.03499999999997,4.0,0.44000000000005457,Clarification
47150,5,41.7158,208.579,5.0,1.3199999999999932,Substantive
91926,11,41.5654,415.654,10.0,0.6000000000001364,Clarification
91927,11,41.5654,415.654,10.0,0.6000000000001364,Substantive
79400,11,41.476800000000004,414.76800000000003,10.0,0.8399999999999181,Substantive
90860,9,41.431799999999996,414.318,10.0,0.36800000000005184,Substantive
86296,1,41.4268,414.26800000000003,10.0,2.4610000000000127,Clarification
93254,9,41.37060000000001,413.70600000000013,10.0,0.5599999999999454,Clarification
88891,11,41.191599999999994,411.91599999999994,10.0,1.0690000000001874,Substantive
50645,7,41.168899999999994,411.68899999999996,10.0,1.2789999999999964,Substantive
83330,17,41.13440000000001,205.67200000000003,5.0,0.9200000000000728,Clarification
84099,11,41.09200000000001,164.36800000000005,4.0,0.6399999999998727,Clarification
82735,0,40.9439,409.439,10.0,2.120999999999981,Substantive
49271,7,40.83610000000001,408.3610000000001,10.0,1.1609999999998308,Substantive
49237,33,40.28050000000003,402.8050000000003,10.0,2.6419999999998254,Silence/Abandonment
50729,23,40.10229999999999,401.0229999999999,10.0,1.9640000000001692,Substantive
94515,25,40.09780000000003,400.9780000000003,10.0,2.3359999999997854,Substantive
72210,41,39.66924999999998,158.6769999999999,4.0,0.14000000000032742,Clarification
90596,17,39.664300000000004,396.64300000000003,10.0,1.3209999999999127,Silence/Abandonment
90860,11,39.60939999999998,396.0939999999998,10.0,0.41800000000012005,Substantive
72515,11,39.567750000000004,316.54200000000003,8.0,0.4199999999999591,Clarification
75000,0,39.416,157.664,4.0,0.5200000000000102,Backchannel
77669,1,39.2031,392.031,10.0,11.005999999999972,Silence/Abandonment
80660,5,39.17122222222223,352.54100000000005,9.0,0.5240000000000009,Clarification
43233,5,39.14739999999999,195.73699999999997,5.0,2.0260000000000673,Clarification
47134,21,39.07759999999998,195.38799999999992,5.0,0.3400000000001455,Substantive
81015,7,38.898199999999996,388.98199999999997,10.0,1.0760000000000218,Clarification
66196,15,38.794900000000005,387.94900000000007,10.0,0.6400000000003274,Substantive
83819,11,38.75420000000001,387.54200000000014,10.0,1.2239999999999327,Substantive
84869,0,38.73675,154.947,4.0,0.4759999999999991,Substantive
43233,1,38.6582,386.582,10.0,1.1400000000000432,Substantive
77434,0,38.5257,385.257,10.0,1.836999999999989,Substantive
78108,19,38.495000000000026,192.47500000000014,5.0,1.3599999999999,Substantive
88455,5,38.48488888888889,346.36400000000003,9.0,0.8410000000000082,Substantive
77842,7,38.45075000000001,153.80300000000005,4.0,0.7799999999999727,Clarification
80192,7,38.153099999999995,381.53099999999995,10.0,1.2000000000000455,Clarification
84508,7,38.14880000000001,381.48800000000006,10.0,1.1999999999999318,Clarification
45222,17,38.12270000000001,381.2270000000001,10.0,2.061999999999898,Clarification
45353,22,38.07950000000001,380.7950000000001,10.0,,Silence/Abandonment
92377,9,38.0733,380.73300000000006,10.0,1.3709999999998672,Clarification
44129,23,37.9885,379.885,10.0,5.339999999999918,Silence/Abandonment
49229,29,37.968999999999994,151.87599999999998,4.0,1.081000000000131,Clarification
97304,12,37.934299999999986,379.34299999999985,10.0,0.8610000000001037,Substantive
47412,12,37.9326,379.326,10.0,0.8599999999999,Substantive
48868,12,37.9326,379.326,10.0,0.8599999999999,Substantive
72849,1,37.876,151.504,4.0,0.5800000000000125,Substantive
95947,3,37.8465,151.386,4.0,0.7479999999999905,Substantive
43159,27,37.6904,376.904,10.0,0.7190000000000509,Clarification
95558,0,37.5877,375.877,10.0,1.164000000000044,Substantive
91926,9,37.52689999999999,375.2689999999999,10.0,1.2609999999999673,Clarification
91927,9,37.52689999999999,375.2689999999999,10.0,1.2609999999999673,Substantive
45222,19,37.4422,374.422,10.0,0.12099999999986721,Substantive
73003,0,37.373333333333335,336.36,9.0,1.2999999999999545,Substantive
94547,5,37.1202,371.20199999999994,10.0,0.8720000000000709,Substantive
51839,1,37.104,371.03999999999996,10.0,0.8199999999999932,Substantive
50330,35,37.100599999999986,371.00599999999986,10.0,0.7560000000000855,Clarification
74449,12,36.967200000000005,369.672,10.0,0.6999999999999318,Clarification
45082,7,36.9308,369.308,10.0,1.558999999999969,Clarification
87022,3,36.922000000000004,369.22,10.0,0.9329999999999927,Substantive
84540,1,36.8485,147.394,4.0,0.040000000000020464,Substantive
47141,0,36.7174,183.587,5.0,0.9790000000000134,Substantive
95633,26,36.59975000000003,292.79800000000023,8.0,1.0409999999997126,Substantive
71099,30,36.591499999999996,365.91499999999996,10.0,1.622000000000071,Clarification
97173,29,36.59062500000002,292.72500000000014,8.0,2.0419999999999163,Substantive
77457,17,36.52990000000004,365.29900000000043,10.0,3.342999999999847,Clarification
66196,11,36.527,365.27,10.0,1.1600000000000819,Clarification
76906,0,36.5158,365.158,10.0,0.6199999999999477,Backchannel
95632,19,36.44309999999998,364.4309999999998,10.0,0.8400000000001455,Substantive
70873,0,36.4427,364.427,10.0,0.6549999999999727,Substantive
49799,13,36.3452,181.726,5.0,0.4600000000000364,Substantive
81066,22,36.2549,362.549,10.0,,Silence/Abandonment
92912,27,36.10709999999999,361.0709999999999,10.0,0.9410000000000309,Clarification
78463,5,36.0692,360.692,10.0,0.3410000000000082,Clarification
72254,11,36.0019,360.019,10.0,0.8689999999999145,Clarification
71723,3,35.995400000000004,359.954,10.0,0.3990000000000009,Clarification
77108,0,35.98425,143.937,4.0,0.7529999999999859,Substantive
81015,19,35.9049,359.049,10.0,0.640999999999849,Substantive
74115,1,35.886700000000005,358.867,10.0,0.8799999999999955,Substantive
94204,1,35.866,358.65999999999997,10.0,0.34000000000003183,Clarification
74120,23,35.853399999999986,358.5339999999999,10.0,1.5620000000001255,Substantive
71806,7,35.839800000000004,358.398,10.0,1.4990000000000236,Substantive
88432,7,35.779999999999994,178.89999999999998,5.0,0.9759999999999991,Silence/Abandonment
77668,5,35.683899999999994,356.83899999999994,10.0,1.3270000000001119,Substantive
45081,9,35.649699999999996,356.49699999999996,10.0,0.37999999999999545,Clarification
66001,15,35.5548,355.548,10.0,2.9249999999999545,Clarification
70949,8,35.548599999999986,177.74299999999994,5.0,1.0009999999999764,Substantive
75584,4,35.535999999999994,177.67999999999998,5.0,1.4510000000000218,Clarification
86296,7,35.52139999999999,355.21399999999994,10.0,9.182000000000016,Silence/Abandonment
72630,2,35.4876,177.438,5.0,1.2800000000000864,Substantive
84342,1,35.4582,354.582,10.0,,Silence/Abandonment
77457,13,35.42380000000001,354.23800000000006,10.0,5.231999999999971,Silence/Abandonment
45508,15,35.3941,353.94100000000003,10.0,1.3009999999999309,Clarification
84782,0,35.3762,353.762,10.0,0.8000000000000114,Substantive
66016,13,35.3362,353.36199999999997,10.0,0.9860000000001037,Clarification
49005,5,35.261399999999995,176.30699999999996,5.0,2.524000000000001,Substantive
66196,5,35.24059999999999,352.40599999999995,10.0,0.6399999999999864,Clarification
96767,0,35.1931,351.931,10.0,0.6200000000000045,Backchannel
65886,15,35.0586,350.586,10.0,1.4659999999998945,Clarification
87096,23,34.9697,349.697,10.0,0.22000000000002728,Silence/Abandonment
91645,7,34.9189,349.189,10.0,0.2999999999999545,Substantive
72753,15,34.90599999999999,174.52999999999997,5.0,0.28099999999994907,Clarification
87008,3,34.8636,348.63599999999997,10.0,0.42000000000007276,Substantive
72859,1,34.822199999999995,348.222,10.0,0.6890000000000214,Substantive
97304,6,34.794,347.93999999999994,10.0,0.3870000000000573,Clarification
47412,6,34.757099999999994,347.57099999999997,10.0,0.7710000000000719,Clarification
48868,6,34.757099999999994,347.57099999999997,10.0,0.7710000000000719,Clarification
83335,5,34.7355,347.355,10.0,0.9909999999999854,Substantive
87031,16,34.73387500000001,277.8710000000001,8.0,0.6599999999998545,Substantive
95368,3,34.7333,347.333,10.0,0.8809999999999718,Clarification
50645,1,34.7256,347.256,10.0,1.552000000000021,Clarification
97306,11,34.5957,345.957,10.0,0.44000000000005457,Clarification
47415,11,34.5955,345.95500000000004,10.0,0.44000000000005457,Clarification
48871,11,34.5955,345.95500000000004,10.0,0.44000000000005457,Clarification
81540,31,34.539499999999975,138.1579999999999,4.0,0.6010000000001128,Clarification
77712,7,34.4751,344.751,10.0,0.9390000000000782,Substantive
