implicature_load,duration_sec_control_value,p_Backchannel,p_Clarification,p_Silence/Abandonment,p_Substantive,p_Backchannel_ci95_low,p_Clarification_ci95_low,p_Silence/Abandonment_ci95_low,p_Substantive_ci95_low,p_Backchannel_ci95_high,p_Clarification_ci95_high,p_Silence/Abandonment_ci95_high,p_Substantive_ci95_high
0.00125,21.48769860279438,0.08938212603079863,0.16988733087080787,0.12579197972985465,0.6149385633685395,0.08658024149185503,0.16740195035754776,0.12354541895614134,0.6113758638139624,0.09236622848379102,0.17252855717717797,0.12811387247650935,0.6183699577166044
0.3329262026720168,21.48769860279438,0.08690568876879405,0.16962734483044198,0.12483652156005237,0.6186304448407124,0.08437891706982306,0.16733588369865252,0.12277168953981273,0.6154136760525551,0.08959140705513007,0.17205455931530367,0.1269902134336522,0.6218095724437209
0.6646024053440336,21.48769860279438,0.08448969312780115,0.1693510948193959,0.12387616243787787,0.6222830496149243,0.08222220845993237,0.16723047666565222,0.12200929874704926,0.6193806727440748,0.0868961314511278,0.1715755203813759,0.12581676486460935,0.6251764482959162
0.9962786080160504,21.48769860279438,0.08213307682948096,0.16905897718828017,0.12291135772954426,0.6258965882526957,0.0802056230807636,0.16710616207387344,0.12123341839571578,0.6232264060996363,0.08419262894878529,0.17107706193370198,0.12465723023604398,0.6285126727894551
1.3279548106880672,21.48769860279438,0.07983477468254548,0.16875138608580179,0.12194255189205168,0.6294712873396002,0.07813643787480612,0.16698681078317662,0.12039454122664606,0.6270695534048507,0.08158445846236956,0.17055879308008354,0.12351102738843575,0.6318208174575912
1.659631013360084,21.48769860279438,0.07759371996899397,0.16842871312337823,0.12097017841193083,0.6330073884956964,0.07606512859748854,0.16684874391215054,0.11954964751690142,0.6308696013019572,0.07911492427693717,0.17010235141137894,0.12237079317889442,0.6350993382116856
1.9913072160321008,21.48769860279438,0.07540884576170816,0.16809134706097745,0.11999465976554895,0.6365051474117654,0.07409854558548556,0.16666486538772113,0.11871711350648619,0.6345484995737969,0.07669999431762788,0.1696171723408312,0.12124025990042098,0.6384040592592758
2.322983418704118,21.48769860279438,0.07327908617428378,0.16773967351365324,0.11901640739981635,0.6399648329122483,0.07214147263639512,0.16645292495034222,0.11788314103082655,0.6381714219827621,0.07439334919470575,0.16910335571810797,0.12015690453641016,0.6416801681141756
2.6546596213761346,21.48769860279438,0.07120337754412212,0.16737407467825138,0.11803582173213623,0.6433867260454915,0.07025457289578228,0.16615717411320094,0.11704133108328135,0.6417539540759081,0.07213937520572287,0.16862609365996076,0.11907434370804929,0.645004360800517
2.9863358240481515,21.48769860279438,0.06918065954996458,0.16699492907970792,0.11705329216846586,0.6467711192018619,0.06833489368703605,0.1658507806390314,0.11612809201565985,0.6452308477624139,0.07003812756572975,0.16816168731468764,0.11803128162340626,0.6483196761921444
3.3180120267201683,21.48769860279438,0.06720987626516843,0.1666026113363562,0.11606919713836628,0.6501183152601097,0.06640891035300286,0.1654832766760506,0.11514597513911791,0.6486316267263798,0.06800080588410909,0.1677864456738672,0.11702410087195668,0.651567431616936
3.649688229392185,21.48769860279438,0.06528997714813976,0.16619749194362712,0.11508390414595364,0.6534286267622789,0.06447888356526878,0.16505673988689848,0.11417364839299324,0.651941380264633,0.06606913369590255,0.16738730869010912,0.11605698287986482,0.6548688809311999
3.981364432064202,21.48769860279438,0.06341991797143752,0.1657799370755228,0.11409776983568269,0.6567023751173564,0.06258547950736199,0.16461016639609008,0.1131166961411951,0.6551238052638273,0.06426176458617702,0.16694604457026882,0.11511443894952621,0.6581924464356672
4.313040634736218,21.48769860279438,0.0615986616911468,0.16535030840322815,0.11311114007192544,0.6599398898337006,0.06065009504194561,0.16410243453713047,0.11204756259190755,0.6582612931689857,0.06251075059301944,0.1666468127005908,0.11418209135974083,0.6615472016004006
4.644716837408235,21.48769860279438,0.059825179258189025,0.1649089629302149,0.11212435003133438,0.6631415077802615,0.05880412350664041,0.16356043259541075,0.11093127800485492,0.6613284714907071,0.060830335313195455,0.1663142777749875,0.11329534915284221,0.6648919371110791
4.976393040080252,21.48769860279438,0.05809845037330092,0.16445625284319473,0.11113772430701699,0.6663075724764878,0.056970135336516035,0.1629756223857267,0.10983688256923094,0.6643593351547903,0.05920967230742087,0.16596087112475413,0.11240515028080876,0.6682066507484077
5.308069242752269,21.48769860279438,0.05641746418745448,0.16399252537826625,0.11015157702357432,0.6694384334107054,0.05519109580033023,0.16235869737686556,0.10873815204835822,0.6673042288865602,0.057635746025582066,0.16563572514716465,0.11153848694081438,0.6715661930678741
5.6397454454242855,21.48769860279438,0.05478121994953695,0.1635181227016139,0.10916621196209697,0.6725344453867511,0.05347000105659533,0.16169150379676456,0.10761861305632245,0.6701714114313877,0.05610065513093395,0.16528807282894878,0.11068182511804468,0.6748481676893959
5.971421648096302,21.48769860279438,0.05318872760312849,0.16303338180411214,0.10818192269423972,0.6755959678985195,0.051763271070205494,0.16103640220691998,0.10652015673806049,0.6730281570000571,0.05463855599885383,0.1649201064475163,0.10983281613730929,0.6781236548207495
6.303097850768319,21.48769860279438,0.05163900833424077,0.1625386344091856,0.10719899272453941,0.6786233645320336,0.0501062931108376,0.16033874801043993,0.10542029536414547,0.675836195098851,0.053203760335872985,0.16458751627018794,0.10898783722879403,0.6813609448797749
6.634774053440336,21.48769860279438,0.050131095071884436,0.1620342068933141,0.10621769564016953,0.6816170023946319,0.04847031703855936,0.15963703655236797,0.1042987102750677,0.6785619025037157,0.05178277223833617,0.16424836506585777,0.10816428139685776,0.684639607576113
6.966450256112353,21.48769860279438,0.04866403294334035,0.1615204202185334,0.10523829526735981,0.6845772515707668,0.046883927144735306,0.158906873908987,0.10317431225348352,0.6813218342496083,0.050411444228203185,0.16389752892471118,0.10731417355143828,0.6878713258925655
7.2981264587843695,21.48769860279438,0.04723687968599958,0.16099758987634122,0.10426104583375534,0.6875044846039037,0.045350245613418876,0.1582167568499404,0.10205262523351423,0.6840765917098545,0.049081825318190025,0.1635506035152695,0.10646557625689987,0.6910296552490304
7.629802661456386,21.48769860279438,0.04584870601763245,0.16046602584239292,0.10328619213601198,0.6903990760039636,0.04390358527343932,0.15747138388893442,0.10094627237473255,0.6867409052866615,0.04777679520677698,0.1631849649284549,0.10564313266982524,0.6941460161798115
7.961478864128403,21.48769860279438,0.04449859596692377,0.15992603254140708,0.10231396971196552,0.6932614017797045,0.04248262614042991,0.1567421018006332,0.09984010531070177,0.6893663574413099,0.04649657641525852,0.16282059799512083,0.10478938088261659,0.6972694195367942
8.293155066800422,21.48769860279438,0.043185647166093764,0.159377908821707,0.10134460501675156,0.6960918389954477,0.041090976113525586,0.15597177826690026,0.09875599318249599,0.6919800321121641,0.04525505952338275,0.1624973637840766,0.10398073415293782,0.7003728156025445
8.624831269472438,21.48769860279438,0.0419089711073951,0.15882194793883667,0.10037831560227861,0.6988907653514896,0.03976172941169778,0.1552072463976565,0.09768769643481424,0.6945307578275616,0.044045642190247196,0.1621080908294129,0.10317904601669875,0.7034315543564669
8.956507472144454,21.48769860279438,0.04066769336524764,0.15825843754771454,0.09941531029949334,0.7016585587875447,0.03845331498051771,0.15441261811808132,0.09659551870580889,0.6970678981670368,0.042865645062306855,0.16172359752461152,0.1023549587308217,0.7064530262420131
9.288183674816471,21.48769860279438,0.03946095378573644,0.15768765970279025,0.09845578940291487,0.7043955971085591,0.03719797024736578,0.15365724325285668,0.09549602252055844,0.6995195512527153,0.04171509780149975,0.1613195810079743,0.10153223125984716,0.7094481862410985
9.619859877488489,21.48769860279438,0.03828790664516116,0.1571098908657063,0.09749994485693869,0.707102257632194,0.03597062139530992,0.15288940401584694,0.09439575276289935,0.7019494795426069,0.04059450449276967,0.16087555175753254,0.10070365190277804,0.7124104181983704
9.951536080160505,21.48769860279438,0.037147720779286936,0.15652540191996708,0.09654796044344485,0.7097789168573021,0.034787425707401336,0.15210189698375925,0.0933390378322746,0.7043844193610973,0.03950273930306076,0.16046715706100975,0.09988531727853434,0.7153410914675145
10.28321228283252,21.48769860279438,0.0360395796849009,0.15593445819213647,0.09560001197027836,0.7124259501526846,0.03362002764995097,0.15131014882932675,0.09228561903196637,0.7068257256201192,0.038437053783196264,0.1600122231398798,0.09906118351037171,0.7182378199513981
10.614888485504538,21.48769860279438,0.03496268159523851,0.155337319479119,0.09465626746019307,0.7150437314654488,0.03250159184429124,0.1505162347149702,0.09120367817975478,0.7092187648932425,0.037397938446669464,0.15954922490463863,0.09822490634464609,0.7211002156373659
10.946564688176556,21.48769860279438,0.0339162395307923,0.15473424008107559,0.09371688733988218,0.7176326330482503,0.03141861941460334,0.14971345879057743,0.09015279641848299,0.7115969022079062,0.03638479579947391,0.15913200843133776,0.09740092389331133,0.7239290087132639
11.278240890848572,21.48769860279438,0.0328994813269761,0.15412546883955403,0.09278202462874445,0.7201930252047258,0.030368430430808998,0.14890977902664027,0.08910903747658387,0.71395064958653,0.035397327246868636,0.15870833469677254,0.096578367141071,0.7267241038353833
11.609917093520588,21.48769860279438,0.03191164964006021,0.15351124918043843,0.09185182512706061,0.7227252760524407,0.029350840415285347,0.14810337938325685,0.08807248203732697,0.7162275492857003,0.034434688177937836,0.15827809336075332,0.09577330506254673,0.7293963648316242
11.941593296192606,21.48769860279438,0.030952001932755203,0.15289181916132016,0.09092642760327788,0.725229751302648,0.02836849966014906,0.1472928313871247,0.0870243003027908,0.7185320393051509,0.03349362631908816,0.15784164334491083,0.09497973981330865,0.7321007448807456
12.273269498864623,21.48769860279438,0.03001981044076192,0.1522674115229299,0.09000596398012886,0.7277068140561789,0.02741749977954043,0.14647991114600983,0.08597077522615941,0.7207423846780194,0.032576761140601346,0.15739934787774487,0.09418864067339973,0.7348850417420751
12.60494570153664,21.48769860279438,0.029114362121566182,0.15163825374427525,0.08909055951932981,0.7301568246148297,0.026496927016348645,0.14565967878078642,0.08492551224402818,0.72295056306254,0.0316834869475552,0.15695140513413158,0.09340719441050664,0.7375838538045882
12.936621904208655,21.48769860279438,0.028234958586699027,0.15100456810115034,0.08818033300462236,0.7325801403075287,0.025605889246866315,0.14484546435734308,0.08388860726622774,0.7252006250430812,0.030814104625646953,0.15649800907682257,0.09265217494103004,0.7402200192060818
13.268298106880673,21.48769860279438,0.027380916018640487,0.15036657172769458,0.08727539692295384,0.7349771153307104,0.024743515776671735,0.14402443664289247,0.08287707890021584,0.727427147034853,0.029970013855953548,0.15603764844781828,0.09189980212179973,0.7428246702494022
13.59997430955269,21.48769860279438,0.02655156507349224,0.1497244766807078,0.0863758576435966,0.737348100602205,0.023908957116295697,0.14320143484388304,0.08188703699965037,0.7296118750537639,0.029152699253461103,0.15555438240343597,0.0911478492939173,0.7453925889329264
13.931650512224707,21.48769860279438,0.025746250770499926,0.14907849000642023,0.08548181559503852,0.7396934436280408,0.023101384738544038,0.14237704502639587,0.08090495832782338,0.7316934288486451,0.028355851715353455,0.15506600567027737,0.09036606737651663,0.7479094755958283
14.263326714896722,21.48769860279438,0.02496433236945468,0.14842881380946224,0.08459336543948452,0.7420134883815984,0.022320111291255666,0.1415512477577034,0.07993091260913444,0.7337939437583494,0.027574924366048498,0.1545963379618496,0.08958730176378916,0.750398430329604
14.59500291756874,21.48769860279438,0.024205183236960474,0.14777564532375792,0.08371059624483211,0.7443085751944503,0.021564112498056332,0.14072406240165403,0.07896496349520188,0.7358993079766157,0.026814366353438916,0.15412389471687415,0.08881098803523618,0.7528590442165765
14.926679120240758,21.48769860279438,0.0234681907025058,0.14711917698511975,0.08283359165399541,0.7465790406583785,0.020832728915587594,0.13989562181177007,0.07800716876726053,0.7379828007293138,0.02607479438116362,0.15365164504940818,0.08803753029010437,0.7552860210054999
15.258355322912774,21.48769860279438,0.02275275590523474,0.1464595965052991,0.08196243005147039,0.7488252175379974,0.020125253607239144,0.13906610829751356,0.07705784248281015,0.7400447467843438,0.025359781054672622,0.1531727620513377,0.08726740127631885,0.7576854098808675
15.59003152558479,21.48769860279438,0.022058293632267925,0.14579708694728755,0.08109718472704422,0.7510474346934007,0.019440955152373488,0.13823569935808042,0.07611714377643516,0.7420854662056081,0.024660012022633782,0.1526895291601537,0.08650069573479922,0.7600576301288499
15.921707728256807,21.48769860279438,0.021384232149382218,0.1451318268016616,0.08023792403656715,0.7532460170123895,0.018779121594601562,0.1374045677612649,0.0751847229991852,0.7441052743255915,0.023977428472303712,0.15220230191788264,0.08573750402650433,0.7624030941721105
16.253383930928823,21.48769860279438,0.020730013024815495,0.14446399006378127,0.07938471155971781,0.7554212853516845,0.018139060101814965,0.1365669881471675,0.07426061654058572,0.7461044817253834,0.023312895814330718,0.15167660001329564,0.08497791225508866,0.7647222075555434
16.58506013360084,21.48769860279438,0.020095090946924354,0.14379374631166722,0.07853760625470307,0.7575735564867058,0.01752045250132902,0.13574084766505232,0.07334310929790598,0.7480542912445285,0.02266576436052897,0.15113619322427377,0.0842220023875974,0.7670153689437146
16.916736336272855,21.48769860279438,0.019478933536380885,0.1431212607843879,0.07769666260984251,0.7597031430693899,0.016921424498196645,0.13491123299613234,0.07242743338418717,0.7500129391969169,0.022035806122449247,0.15065318715171339,0.08346985237313966,0.7692829701291619
17.248412538944873,21.48769860279438,0.018881021153560176,0.14244669446079913,0.07686193079200213,0.7618103535936396,0.01634261108891659,0.13410264288357196,0.07152023709272277,0.751951879977126,0.02142007416783681,0.15016666606799273,0.08272153625948575,0.7715253960507525
17.58008874161689,21.48769860279438,0.01830084670173107,0.14177020413849814,0.07603345679184892,0.7638954923679228,0.015782989030955322,0.13326774801007152,0.07062153915452489,0.7538721161027758,0.02082034636619392,0.14967677039608315,0.08197712430754468,0.7737944036587454
17.911764944288905,21.48769860279438,0.017737915426629308,0.14109194251284732,0.0752112825659008,0.765958859494623,0.0152419555549551,0.13242872769969996,0.0697313541218209,0.7557743855148106,0.020240497723546004,0.1491701861498894,0.08123668310368337,0.7760142552658778
18.243441146960922,21.48769860279438,0.017191744712956984,0.1404120582559534,0.07439544617536792,0.7680007508557213,0.014718895655186519,0.13159535677103731,0.068849692522397,0.7576579613556035,0.01967611639960062,0.1486537583748122,0.08050027566985844,0.778232161717195
18.57511734963294,21.48769860279438,0.016661863878320735,0.13973069609547406,0.07358598192177175,0.7700214581044329,0.014213193397801268,0.13077087462493625,0.0679765610104251,0.7594895361280155,0.019126820134751626,0.14813434937339073,0.0797734378062265,0.7804047480839161
18.906793552304958,21.48769860279438,0.01614781396508893,0.13904799689315867,0.07278292047935131,0.772021268662401,0.0137244062572442,0.1299470921686588,0.06711196251376884,0.7612936320351601,0.018592234720542417,0.14761217162329743,0.07904558580448447,0.7825818101123041
19.238469754976975,21.48769860279438,0.015649147530618465,0.13836409772301023,0.07198628902425862,0.7740004657221127,0.013252389745766875,0.12912412200353332,0.06625590977956838,0.7630785478122605,0.01807199389769746,0.1470874940209292,0.07831583499269928,0.7847609232419707
19.57014595764899,21.48769860279438,0.015165428436273153,0.13767913194898745,0.07119611136056024,0.7759593282541787,0.012795849876768926,0.1283020085465085,0.06540423354425627,0.7648494632319063,0.017565739251769272,0.1465604376527694,0.07759612530065245,0.7869055601606968
19.901822160321007,21.48769860279438,0.014696231635627053,0.1369932293021608,0.0704124080430628,0.7778981310191493,0.012354624613164689,0.12748087318562448,0.06455949359681816,0.7666509498949706,0.017073120106663946,0.14603112060861112,0.07687537612896367,0.7890269931428091
20.233498362993025,21.48769860279438,0.014241142962221464,0.13630651595724208,0.0696351964969867,0.7798171445835496,0.01192822273954588,0.1266608335955143,0.06372348513187137,0.7684020476283049,0.01659379341629502,0.145499658042471,0.07615906341848298,0.7911262054703596
20.56517456566504,21.48769860279438,0.013799758917216999,0.1356191146084243,0.06886449113451426,0.781716635339844,0.011516167514833989,0.12583866502745236,0.06289619436893826,0.7701235443197668,0.016127423654603148,0.14496616223306005,0.0754469472374604,0.7932034550873918
20.896850768337057,21.48769860279438,0.013371686457259946,0.1349311445444635,0.0681003034682456,0.7835968655300322,0.011117996322346023,0.12500330556067207,0.06207760410602572,0.7718283375028329,0.015673718034848474,0.14443074264375266,0.07473911386476075,0.7952294730736313
21.228526971009074,21.48769860279438,0.012956542782858,0.13424272172294938,0.06734264222159755,0.7854580932725945,0.010733260323405833,0.12415841033759929,0.06126769388371733,0.7735166902453906,0.01523231601739391,0.1438935059820015,0.0740357433801356,0.7972182600444376
21.560203173681092,21.48769860279438,0.012553955127539207,0.13355395884370802,0.0665915134361826,0.7873005725925702,0.010361524114838584,0.12331523499687141,0.06046644014370074,0.7751888601852834,0.01480373772921956,0.14335455625815033,0.07333687153177319,0.7991873666000862
21.89187937635311,21.48769860279438,0.012163560548046726,0.13286496542129642,0.06584692057621062,0.7891245534544468,0.010002365390651642,0.12248862853211034,0.059673816381855274,0.7768450996147502,0.014385232017430112,0.14281399484360022,0.0726425314729945,0.8012038745154572
22.223555579025124,21.48769860279438,0.011785005715802991,0.1321758478565411,0.06510886462995531,0.7909302817977,0.00965537460817287,0.1216598931414868,0.05889724866319786,0.7784816449280121,0.013978956250797833,0.14227174662042477,0.07195275384766867,0.803218916575843
22.55523178169714,21.48769860279438,0.011417946709857352,0.131486709507093,0.06437734420833395,0.792717999574717,0.009320154658887211,0.12081689421438724,0.05813612209857151,0.7800860756245951,0.013583735215623444,0.141727703158818,0.07126756687347192,0.8051627508961845
22.88690798436916,21.48769860279438,0.011062048811513847,0.13079765075695562,0.06365235564064418,0.7944879447908858,0.008996320544184009,0.11997593802739329,0.05738317628415812,0.7816748340343623,0.013199320072011453,0.14118232965271002,0.0705869964230172,0.807081526838423
23.218584187041174,21.48769860279438,0.01071698630081938,0.13010876908496546,0.062933893067512,0.7962403515467023,0.008683499056200993,0.11913729090272776,0.05663837619392979,0.7832481637295903,0.012825431549989526,0.1406357177343358,0.06991106610288032,0.808999199408243
23.55026038971319,21.48769860279438,0.010382442255075562,0.12942015913220473,0.06222194853109581,0.7979754500816238,0.008381328463926484,0.11831564260680576,0.0558978405094449,0.7848063033163807,0.01246179686130015,0.1400879566785111,0.06923979733055204,0.8109015214140426
23.88193659238521,21.48769860279438,0.010058108349523587,0.1287319127683131,0.0615165120626064,0.7996934668195577,0.008089458204697872,0.117500494709573,0.055159265816567514,0.786349486518817,0.012108149583991142,0.13953913345583746,0.06857320940934628,0.8127843833385711
24.213612795057227,21.48769860279438,0.009743684660336743,0.12804411915669403,0.06081757176718677,0.8013946244157825,0.007807548581213508,0.11668813674251603,0.05442891757988329,0.7878779422636092,0.011764229547252723,0.13898933278508419,0.06791131960129669,0.8146339546667152
24.545288997729244,21.48769860279438,0.009438879470041635,0.12735686481859468,0.06012511390621314,0.8030791418051506,0.007535279080909416,0.11587515137042041,0.05370686066858436,0.7893922388615218,0.011429782716617348,0.13842672854141572,0.06725414319807402,0.8164171827898403
24.87696520040126,21.48769860279438,0.009143409075476916,0.1266702336960518,0.05943912297706659,0.8047472342514054,0.007272331344912124,0.11505856393577045,0.05299289958615917,0.7908934013895159,0.011104561079631713,0.1378581008188732,0.0666016935899588,0.8181804215185507
25.208641403073276,21.48769860279438,0.008856997598386087,0.12598430721369486,0.05875958179043214,0.8063991133974867,0.007018386389119009,0.1142552986714605,0.05228698991566586,0.7923804938707957,0.010788322532102256,0.13728853168051106,0.06595398233290392,0.8199481116621365
25.540317605745294,21.48769860279438,0.008579376798730165,0.12529916433939695,0.05808647154518033,0.8080349873166922,0.0067731450952578,0.11346126486559867,0.051589085758808134,0.7938834274302143,0.010480830765008694,0.1367181075338712,0.0653110192137229,0.8216849572589909
25.871993808417308,21.48769860279438,0.008310285890795136,0.12461488164377876,0.05741977190088489,0.8096550605645405,0.006536317780600737,0.11266462690909951,0.050899139816483197,0.7953980612955966,0.01018185295404884,0.13614691263278977,0.0646728123134403,0.8234354466529068
26.203670011089326,21.48769860279438,0.008049471362159272,0.12393153335855432,0.05675946104803419,0.8112595342312529,0.006307623929433321,0.11186795127542788,0.050217103466709156,0.7968987186135875,0.009891113490642417,0.13557502912185543,0.06403936806884031,0.825167756003479
26.535346213761343,21.48769860279438,0.007796686795576465,0.12324919143372845,0.05610551577598841,0.8128486059947061,0.006086918072607696,0.11107826568474058,0.0495429268399912,0.798385579087514,0.00960844850275599,0.13500253708028404,0.0634106913322513,0.8268820991312326
26.86702241643336,21.48769860279438,0.00755169269382294,0.12256792559364257,0.055457911538739794,0.8144224701737945,0.0058740495543706675,0.11029373739770647,0.04887655889218526,0.7998588195473858,0.009333643629867095,0.1344295145651925,0.06278808696409637,0.8285786869694058
27.19869861910538,21.48769860279438,0.007314256307546222,0.12188780339187441,0.05481662251853013,0.8159813177820499,0.005668500418322984,0.10951221583549035,0.04821794747491835,0.8012847861954898,0.009066489758085921,0.1338560376542583,0.06218196473964472,0.8302577275914068
27.530374821777393,21.48769860279438,0.0070841514661484604,0.1212088902650024,0.05418162168737716,0.8175253365814715,0.005470025428790017,0.10873375410127652,0.047567039403623806,0.8026777490956375,0.008806805034153665,0.13328218048775348,0.061580517705707695,0.8319193773956667
27.86205102444941,21.48769860279438,0.006861158411728476,0.12053124958523502,0.053552880866567634,0.8190547111364688,0.0052783872192470075,0.107958403065684,0.046923780523250344,0.8040581420125874,0.008555747111812796,0.1327080153099421,0.060983740434551986,0.8335116898939322
28.19372722712143,21.48769860279438,0.0066450636361009155,0.11985494271191889,0.05293037078416664,0.8205696228678128,0.005093356059568434,0.1071862114292888,0.04628811577170245,0.8054261457465761,0.008311674570925569,0.13213361250983355,0.060391626459544094,0.835063117069896
28.525403429793442,21.48769860279438,0.006435659720904064,0.1191800290419329,0.052314061130596966,0.8220702501065653,0.004914709628969557,0.10641722578359544,0.0456599892410701,0.8067819372562551,0.008074400484404375,0.13155904066128393,0.05980416831364485,0.836598155077573
28.85707963246546,21.48769860279438,0.0062327451808032175,0.1185065660589825,0.05170392061234162,0.8235567681478725,0.004742232794578844,0.10565149067048572,0.04503934423670418,0.8081681411812462,0.00784374259362065,0.13098436656244095,0.059221357566849965,0.8381170297258212
29.188755835137478,21.48769860279438,0.006036124309790309,0.11783460938180153,0.05109991700381701,0.8250293493045917,0.004575717395575041,0.1048890486401696,0.044426123334194524,0.8095613057033908,0.007619523207455483,0.13040965527452725,0.058643184862597716,0.8396199624211725
29.520432037809496,21.48769860279438,0.005845607030576174,0.11716421281127808,0.050502017197472826,0.8264881629606726,0.004414962032817308,0.10412994030766673,0.04382026843430601,0.8109435034607109,0.007401569102752885,0.12983497015995993,0.05806963995316637,0.8411071702670666
29.852108240481513,21.48769860279438,0.005661008747067467,0.1164954283765173,0.04991018725216107,0.8279333756242541,0.004259771863892815,0.10337420440784494,0.043221720815927754,0.8123155936651146,0.007189711426200357,0.12926037291980427,0.057500711734080875,0.8425788661615726
30.183784443153527,21.48769860279438,0.0054821501999154955,0.11582830637985403,0.049324392439830084,0.8293651509804001,0.0041099584035023656,0.10262188457296892,0.04263052920456527,0.813676701987763,0.006983198359885537,0.1286859236305607,0.05693638827755239,0.8440767941936129
30.515460645825545,21.48769860279438,0.0053088573251211255,0.11516289544082964,0.04874459729058575,0.8307836499434639,0.00396533932910104,0.10187315204004997,0.04204928629308257,0.8150237229959302,0.006781400344130367,0.12811168078028598,0.05637665686497024,0.8456059923298106
30.847136848497563,21.48769860279438,0.005140961115676152,0.11449924253915311,0.04817076563617044,0.8321890307090015,0.003825738291708302,0.10112789600841167,0.04147510516916871,0.8163117083563554,0.00658530225165272,0.12753770130404934,0.05582150401846817,0.8471201946303133
31.178813051169577,21.48769860279438,0.004978297486218142,0.1138373930566565,0.04760286065190395,0.8335814488052213,0.0036909847317992857,0.10038614819761917,0.04090792589107741,0.8175889847359967,0.00639474875571212,0.12696404061872588,0.05527091553158569,0.8485769172264223
31.510489253841595,21.48769860279438,0.004820707140673143,0.11317739081826322,0.047040844897132,0.8349610571439315,0.0035609137001870184,0.09964793870249423,0.040347688136355274,0.8188556913327416,0.006209588510254403,0.12639075265712996,0.054724876499044964,0.8499986275649413
31.842165456513612,21.48769860279438,0.004668035442858192,0.11251927813198587,0.04648468035422715,0.8363280060709288,0.0034353656838035334,0.09891329604007598,0.03979433124351118,0.8201119643731613,0.006029674059546591,0.12581788990149256,0.0541833713456646,0.8514044266956114
32.173841659185626,21.48769860279438,0.004520132290012327,0.11186309582797302,0.04593432846618442,0.8376824434158298,0.003314186436286465,0.09818224719533485,0.03924779425206803,0.8213579371855941,0.005854861749293474,0.1252455034162868,0.05364638385442961,0.8527955553912319
32.50551786185765,21.48769860279438,0.004376851989223656,0.11120888329661602,0.04538975017285452,0.8390245145413059,0.0031972268132765902,0.09745481766566992,0.03870801594104535,0.822593740271792,0.005685011639242687,0.12467364288040599,0.053110647970517934,0.8541723530442876
32.83719406452966,21.48769860279438,0.0042380531367175196,0.11055667852573813,0.04485090594585555,0.8403543623916885,0.0030843426123309237,0.09673103150421593,0.038174934865920405,0.8238488703239377,0.005519987417282577,0.12410235661870085,0.05257621442698449,0.8555349952533028
33.16887026720168,21.48769860279438,0.004103598499969028,0.10990651813688099,0.0443177558222043,0.8416721275409454,0.002975394417355445,0.09601091136198858,0.03764848939411388,0.8250940342318455,0.00535965631503505,0.12353169163288046,0.052046327718059664,0.8568836549097724
33.5005464698737,21.48769860279438,0.003973354902601922,0.10925843742070801,0.043790259436705996,0.8429779482399852,0.00287024744746124,0.09529447852889567,0.03712861773904543,0.8263287064523911,0.0052040332250685205,0.12296169363178468,0.05152097000370663,0.8582185022440098
33.83222267254571,21.48769860279438,0.0038471931120343935,0.1086124703715398,0.04326837605314058,0.8442719604632862,0.0027687723446026074,0.09458175297364037,0.03661525799280379,0.8275530068035659,0.005053317765197684,0.12239240706103403,0.05100012284505329,0.8595397048705956
34.16389887521773,21.48769860279438,0.0037249877298308094,0.10796864972103865,0.04275206459428522,0.8455542979548447,0.002670849914323786,0.09387275338254486,0.03610834815747431,0.8287670532408463,0.004906889253995484,0.1218238751320647,0.05048376723228877,0.8608474278333992
34.49557507788975,21.48769860279438,0.003606617084717923,0.10732700697106459,0.04224128367080545,0.8468250922734124,0.0025763501876949592,0.09316749719731929,0.03560782617516626,0.8299351591042227,0.004764629056434042,0.12125613985055615,0.04997188361164252,0.8621418336501436
34.82725128056176,21.48769860279438,0.003491963128222738,0.10668757242571225,0.041735991609056014,0.8480844728370087,0.0024851555220543596,0.0924660006518039,0.03511362995678132,0.831087339198981,0.004626421675609248,0.12068924204425897,0.04946445191147352,0.8634230823564898
35.15892748323378,21.48769860279438,0.003380911332888638,0.10605037522255584,0.04123614647782035,0.8493325669667362,0.002397152216410887,0.09176827880770858,0.034625697409563304,0.8322295110965893,0.004492154676369301,0.12012322139023174,0.04896145156749535,0.8646913315496193
35.490603685905796,21.48769860279438,0.003273350593025773,0.10541544336310868,0.04074170611402858,0.8505694999298375,0.002312230384841533,0.09107434558937658,0.034143966463468234,0.8333617993430397,0.004361718610480866,0.11955811644149454,0.04846286154716307,0.8659467364312918
35.82227988857781,21.48769860279438,0.003169173127951152,0.10478280374252447,0.04025262814748031,0.8517953949820439,0.0022302838336450232,0.09038421381759607,0.03366837509639331,0.834484326374083,0.004235006943318792,0.11899396465310795,0.047968660373246985,0.867189449850364
36.15395609124983,21.48769860279438,0.0030682743876733615,0.10415248217855003,0.03976887002461083,0.8530103734091653,0.0021512099421591,0.08969789524248556,0.0331988613583015,0.8355972125543805,0.004111915982064413,0.11843080240768683,0.047478826146617616,0.868478695618889
36.485632293921846,21.48769860279438,0.00297055296097688,0.10352450343975014,0.03929038903132707,0.8542145545679457,0.002074909547149783,0.08901540057547572,0.03273536339427862,0.8367005762161324,0.003992344805396366,0.11786866504035667,0.04699333656826564,0.8697559961525166
36.81730849659387,21.48769860279438,0.002875910485860216,0.10289889127302013,0.038817142314944875,0.8554080559261746,0.002001286830682102,0.08833673952041285,0.032277819466557486,0.837794533697176,0.003876195194657407,0.11730758686316257,0.046512168960580275,0.871020705738211
37.14898469926588,21.48769860279438,0.002784251562282629,0.1022756684304023,0.03834908690525838,0.8565909931020574,0.0019302492113830783,0.08766192080380583,0.03182616797554409,0.8388845673980044,0.0037633715664798792,0.11674760118893954,0.04603530028790827,0.8722729556376971
37.480660901937895,21.48769860279438,0.0026954836671734673,0.10165485669522191,0.0378861797347688,0.8577634799028359,0.0018616916882709504,0.0869909522042402,0.03138034747987877,0.8399806854242426,0.0036537809068517783,0.1161887403546529,0.04556259438230472,0.8735128755099063
37.81233710460992,21.48769860279438,0.0026095170716588425,0.1010364769075624,0.037428377658099816,0.8589256283626789,0.0017953384854375602,0.08632384058098136,0.030940296715565162,0.8410683903658579,0.003547332706604976,0.11563103574421908,0.045094100120494085,0.8747333097817157
38.14401330728193,21.48769860279438,0.0025262647604599895,0.10042054898908882,0.0369756374706282,0.8600775487798243,0.0017313265742886098,0.08566059190178894,0.030505954614198194,0.8421477745506781,0.00344393889830659,0.11507451781081501,0.044629835810677504,0.8759577663372197
38.47568950995395,21.48769860279438,0.0024456423534180175,0.09980709196724287,0.03652791592635469,0.8612193497529848,0.0016695745035739515,0.08500121126996305,0.03007726032032207,0.8432189285245009,0.0033435137945340356,0.1145192160986859,0.04416977718060737,0.877162886003371
38.807365712625966,21.48769860279438,0.0023675680291001264,0.09919612399881851,0.0360851697550401,0.8623511382170417,0.0016101615279538813,0.08434570295064402,0.029654153207947957,0.8442819410975513,0.003245974027513942,0.11396515926446106,0.04371389969160396,0.8783561704617138
39.13904191529798,21.48769860279438,0.002291962450442296,0.09858766239293623,0.03564735567863307,0.8634730194779879,0.001552994254511582,0.0836940703963859,0.029236572896260228,0.8453368993897685,0.0031512384901047712,0.11341237509798631,0.043262178555296474,0.8795377414237009
39.47071811797,21.48769860279438,0.0022187486923842146,0.09798172363343204,0.03521443042701136,0.864585097247172,0.0014978387945834906,0.08304631627202316,0.028824459264539568,0.8463838888749426,0.003059228278102786,0.11287153122503545,0.04281458874978492,0.8807077191464545
39.802394320642016,21.48769860279438,0.002147852171452159,0.09737832340067111,0.034786350753060996,0.8656874736748159,0.0014446252083430756,0.08240244247885076,0.028417752466330114,0.8474229934237221,0.002969866633850589,0.1123345639967837,0.04237110503524046,0.8818662224542702
40.13407052331403,21.48769860279438,0.002079200577246342,0.09677747659280611,0.034363073447115644,0.8667802493828333,0.001393285944553105,0.08176245017813599,0.028016392942877087,0.8484542953455156,0.002883078891127465,0.11179894404622977,0.041931701968961996,0.8830133687598551
40.46574672598605,21.48769860279438,0.002012723805789428,0.09617919734648829,0.033944555350777374,0.8678635234969446,0.0013437557612236235,0.08112635905613748,0.02762032143586071,0.8494778754293054,0.0027987924213004963,0.11126469167894959,0.0414963539199065,0.8841492740852943
40.797422928658065,21.48769860279438,0.0019483538946934956,0.09558349905705128,0.03353075337014114,0.8689373936781157,0.0012958683981531764,0.08049419399488505,0.027229478999451377,0.8504939950548505,0.0027169365807153335,0.11073182653845992,0.041065035082709644,0.8852740530827404
41.12909913133008,21.48769860279438,0.001886024960103312,0.0949903943981749,0.03312162448844207,0.8700019561532809,0.0012496689762384304,0.07986590813906612,0.026843807011710047,0.8515030398258753,0.0026374426593053896,0.11020036762375397,0.04063771949121239,0.886387819054823
41.4607753340021,21.48769860279438,0.0018256731353741918,0.09439989534104866,0.032717125778145666,0.8710573057454326,0.0012051021812146563,0.07924149994342766,0.02646324718535754,0.8525046017616486,0.0025602363481238826,0.10967033330632649,0.0402143810315102,0.8874900317923123
41.792451536674115,21.48769860279438,0.0017672365114433778,0.09381201317303957,0.0323172144125016,0.8721035359030155,0.0011621110055273038,0.07862096723041603,0.026087741577935416,0.8534987557050713,0.0024852590814449004,0.10914174134670226,0.03979499345453924,0.8885809500469878
42.124127739346136,21.48769860279438,0.0017106550788544206,0.09322675851588592,0.03192184767657771,0.8731407387286813,0.0011206403985600437,0.07800430721004986,0.025717249847402607,0.8544855751703834,0.0024124491675756735,0.1086146089104838,0.039379530388214776,0.8896611979217137
42.45580394201815,21.48769860279438,0.001655870671394657,0.09264414134342283,0.03153098297779311,0.8741690050073883,0.0010806372011673792,0.07739151649924639,0.025351749635442546,0.8554651323779473,0.0023417451240579255,0.1080889525839327,0.03896796534913615,0.8907283905363877
42.787480144690164,21.48769860279438,0.001602826911306506,0.09206417099885442,0.031144577855967893,0.8751884242338707,0.0010420500823061485,0.07678259114061654,0.0249911305330582,0.8564374982880901,0.0022730871630073485,0.10756468355047011,0.038560271753871916,0.8917569250525771
43.119156347362185,21.48769860279438,0.0015514691560339162,0.0914868562115845,0.030762589992906614,0.8761990846394753,0.001004829477703783,0.07617752662074394,0.024635336077546983,0.857402742634026,0.0022064171465858823,0.1070417683598376,0.0381564229298389,0.8927755717100698
43.4508325500342,21.48769860279438,0.001501744446465985,0.09091220511361528,0.030384977221530635,0.877201073218388,0.0009689275305027474,0.07557631788796193,0.024284310193874697,0.858360933953879,0.0021416785435437306,0.10652037710697672,0.03775639212578832,0.8937844329414886
43.78250875270622,21.48769860279438,0.0014536014566403348,0.09034022525552819,0.030011697534577036,0.8781944757532536,0.0009342980338220279,0.0749789593696434,0.023937997201602352,0.8593123184422083,0.002078816386810272,0.10600052424176806,0.037360152521911036,0.8947837012406473
44.114184955378235,21.48769860279438,0.0014069904448696263,0.08977092362205591,0.029642709092877504,0.8791793768401972,0.0009008963751781182,0.07438544498901706,0.02359634182134597,0.8602568931632132,0.00201777723211326,0.10548222370487405,0.036967677239575225,0.8958038369894491
44.44586115805025,21.48769860279438,0.0013618632062551207,0.08920430664725656,0.029277970233233076,0.8801558599132542,0.0008686794827093245,0.07379244390283501,0.02325928918078645,0.8611946171504608,0.0019585091176057895,0.10496548894083245,0.03657893935070727,0.8968141043400579
44.77753736072227,21.48769860279438,0.0013181730265519583,0.08864038022930167,0.028917439475899774,0.8811240072682481,0.0008376057731487389,0.07320122298814655,0.02292678482024699,0.8621255543339266,0.001900961524480771,0.1044503329107747,0.0361939118868281,0.8978146003995023
45.109213563394285,21.48769860279438,0.0012758746373514795,0.08807914974488518,0.02856107553169645,0.8820839000860681,0.0008076351014926369,0.07261388563556131,0.02259877469785429,0.8630497675969123,0.0018450853385526952,0.10393676810478111,0.035812567847756153,0.8988054211961639
45.4408897660663,21.48769860279438,0.0012349241725465535,0.08752062006326905,0.028208837308751573,0.8830356184554303,0.0007787287123124237,0.07203042437329214,0.022275205194299433,0.8639673188031518,0.0017908328127868075,0.10342480655388284,0.03543488020998712,0.8997866616959163
45.77256596873832,21.48769860279438,0.0011952791260466144,0.08696479555996893,0.02786068391889896,0.8839792413950855,0.000750849192659714,0.07145083126509373,0.021956051509203166,0.8648782688231529,0.0017381575307559769,0.102914459841723,0.035060821934761746,0.9007584158179687
46.104242171410334,21.48769860279438,0.001156898310709718,0.08641168013009234,0.02751657468373707,0.8849148468754617,0.0007239604265154102,0.07087509792547048,0.02164123994693459,0.8657826775597935,0.0016870143710057011,0.1024057391158867,0.03469036597583149,0.9017207764504184
46.43591837408235,21.48769860279438,0.0011197418184596616,0.08586127720134056,0.027176469140362786,0.8858425118398365,0.0006980275507350309,0.07030321553448753,0.021330710137393915,0.8666806039731931,0.0016373594723080073,0.1018986550989106,0.03432348528693148,0.9026738354655184
46.76759457675437,21.48769860279438,0.0010837709815568308,0.08531358974667753,0.02684032704679213,0.8867623122249729,0.0006730169124438404,0.06973517485219542,0.021024410188152824,0.867572106104874,0.0015891501997852184,0.10139321809898176,0.033960152828970976,0.9036176837346573
47.099270779426384,21.48769860279438,0.00104894833499216,0.08476862029668332,0.026508108387079014,0.8876743229812454,0.0006488960278366048,0.06917096623267834,0.020722288648194895,0.868457241101233,0.0015423451118847672,0.10088943802033573,0.03360034157695032,0.9045524111430603
47.430946982098405,21.48769860279438,0.0010152375799741711,0.0842263709515896,0.026179773376142083,0.8885786180922948,0.0006256335423380608,0.06861057963773592,0.020424294510563733,0.8693360652363412,0.0014969039281865029,0.1003873243733631,0.03324402452661263,0.9054781066042122
47.76262318477042,21.48769860279438,0.0009826035484798358,0.08368684339301456,0.025855282464312658,0.889475270594192,0.0006031991920814277,0.06805400465020861,0.02013037721470932,0.8702088782982919,0.0014527874980242682,0.09988688628443336,0.03289117470084004,0.9063948580740082
48.09429938744243,21.48769860279438,0.0009510121688405232,0.08315003889540377,0.025534596341610722,0.890364352594144,0.0005815637666635044,0.06750123048695574,0.019840486648544577,0.8710757542649282,0.001409957769903653,0.09938873471836136,0.032541765155801865,0.9073027525646313
48.425975590114454,21.48769860279438,0.0009204304323350221,0.08261595833717837,0.025217675941762115,0.8912459352887239,0.0005606990731360397,0.06695224601149555,0.01955457315022398,0.8719364745349045,0.001368377761698203,0.09889350508715332,0.03219576898686309,0.9082018761581669
48.75765179278647,21.48769860279438,0.0008908263607623033,0.08208460221160832,0.024904482445963758,0.8921200889816654,0.0005405779011942775,0.06640703974631625,0.01927258750965578,0.8727910921971735,0.001328011531606628,0.09839995500252893,0.03185315933426136,0.9090918492132195
49.08932799545849,21.48769860279438,0.0008621689749671606,0.08155597063740863,0.02459497728640844,0.8929868831012152,0.0005211746024513704,0.06586559988486641,0.018994480969758407,0.8736396595743254,0.0012888241498537293,0.09790809238957016,0.031513909388559365,0.909972957698066
49.421004198130504,21.48769860279438,0.0008344282642926772,0.08103006336907395,0.024289122149576202,0.8938463862170583,0.0005024634193846707,0.06532791430323376,0.018720205227472385,0.8744822282415543,0.0012507816711181906,0.0974179248312632,0.0311779923958805,0.9108455545334561
49.75268040080252,21.48769860279438,0.0008075751569339855,0.08050687980695233,0.023986878979302365,0.8946986660568104,0.0004844196335013931,0.06479397057151992,0.01844971243453734,0.8753188490450717,0.0012138511076705278,0.09692945957675315,0.030845381662934702,0.9117058513805227
50.08435660347454,21.48769860279438,0.0007815814911683617,0.07998641900706846,0.023688209979629633,0.8955437895221335,0.000467019642648605,0.06426375596491957,0.01818295519804441,0.8761477788580473,0.0011780004032048398,0.09644270354938222,0.03051605056184125,0.9125327829642291
50.41603280614655,21.48769860279438,0.0007564199874374049,0.07946867969070186,0.023393077617453156,0.8963818227044086,0.00045024066978735354,0.06373725747451148,0.017919886580773668,0.8769735081212893,0.0011431984073482786,0.0959576633545183,0.030189972534755315,0.9133516605195128
50.74770900881857,21.48769860279438,0.0007320642212575168,0.07895366025372787,0.02310144462496519,0.8972128309000493,0.00043406073460940564,0.06321446181776921,0.017660460101325548,0.8777913785920592,0.0011094148508323997,0.09547434528717993,0.029867121098304573,0.9141625678534259
51.07938521149059,21.48769860279438,0.0007084885969355696,0.07844135877572488,0.022813274001908298,0.8980368786254312,0.0004184586261072315,0.06269535544879884,0.01740462973405538,0.8786035063774164,0.001076620321310907,0.09499275533946307,0.029547469847842147,0.9149916353703796
51.4110614141626,21.48769860279438,0.0006856683220671875,0.07793177302885816,0.022528529017643236,0.8988540296314326,0.000403413876066434,0.062179924568310216,0.017152349908819788,0.8794099389733063,0.0010447862398085014,0.09451289920777636,0.02923099246152193,0.9158162159586224
51.74273761683462,21.48769860279438,0.000663579382795591,0.07742490048654176,0.022247173213039127,0.8996643469176245,0.0003889067334507322,0.06166815513332994,0.016903575510542876,0.8802107232434726,0.0010138848377858876,0.09403478229989,0.028917662704201996,0.916632932623689
52.07441381950664,21.48769860279438,0.0006421985198095772,0.07692073833188759,0.021969170402192373,0.9004678927461098,0.0003749181396505497,0.061160032866661496,0.016658261878610758,0.8810065784470449,0.0009838891348062711,0.09355840974180332,0.02860745443118186,0.9174418590531432
52.40609002217865,21.48769860279438,0.0006215032050597123,0.07641928346594758,0.021694484673981183,0.9012647286550128,0.00036142970456709566,0.06065554326609983,0.016416364806101685,0.8817969619655315,0.0009547729167889048,0.09308378638443711,0.028300341591779018,0.9182430681842378
52.737766224850674,21.48769860279438,0.0006014716191722933,0.07592053251574857,0.02142308039346206,0.9020549154716173,0.0003484236835047275,0.06015467161340683,0.01617976212764679,0.8825818326263067,0.0009265107148355762,0.09261091681015556,0.02799629823274982,0.9190366322156281
53.06944242752269,21.48769860279438,0.0005820826295412744,0.07542448184213646,0.021154922203113748,0.9028385133252086,0.0003358829548451792,0.059657402983053255,0.015946506676725765,0.8833612347897772,0.0008990777846161964,0.09213980533912207,0.027695298501560217,0.9198226226187789
53.4011186301947,21.48769860279438,0.0005633157690787474,0.07493112754742175,0.020889975023935598,0.9036155816595649,0.00032379099847807714,0.05916210683538468,0.015716497403784956,0.8841352122576706,0.0008724500862998832,0.0916704560354951,0.027397316649510835,0.9206011101490694
53.73279483286672,21.48769860279438,0.0005451512156051424,0.07444046548284192,0.020628204056404958,0.9043861792451484,0.00031213187496295067,0.05866853708163925,0.015489692170087516,0.8849038082859921,0.0008466042650182498,0.09120287271346741,0.027102327034721513,0.9213721648566052
54.06447103553874,21.48769860279438,0.0005275697718607621,0.07395249125584026,0.02036957478130001,0.9051503641909996,0.00030089020539869724,0.05817857645873429,0.015266060781836779,0.885667065597599,0.0008215176318478737,0.09073705894315426,0.0268103041249797,0.9221358560967498
54.39614723821076,21.48769860279438,0.0005105528461207849,0.07346720023716727,0.020114052960392627,0.9059081939563192,0.00029005115197723585,0.05769220911799818,0.015045580750860004,0.8864250263943984,0.0007971681452991517,0.09027301805633396,0.02652122250045731,0.9228922525403772
54.72782344088277,21.48769860279438,0.0004940824333962877,0.07298458756780894,0.019861604637017093,0.9066597253617764,0.0002796003991987828,0.05720941902840734,0.014828180225055455,0.8871777323691815,0.0007735343932990552,0.0898107531520461,0.02623505685630033,0.9236414221838609
55.05949964355479,21.48769860279438,0.0004781410972043588,0.07250464816574761,0.019612196136519263,0.9074050146005287,0.0002695241357269041,0.05673018998468039,0.0146138189035466,0.8879252247171073,0.0007505955756555315,0.08935026710205086,0.025951782005095292,0.9243834323588015
55.39117584622681,21.48769860279438,0.0004627119518907873,0.0720273767325572,0.01936579406659071,0.9081441172489614,0.0002598090368621891,0.05625450561516328,0.014402456937355593,0.8886675441468422,0.0007283314869915849,0.08889156255615341,0.025671372879216763,0.9251183497415048
55.72285204889882,21.48769860279438,0.0004477786454892626,0.07155276775984118,0.019122365317493152,0.9088770882771762,0.00025044224761403504,0.055783433020150826,0.014194054926694743,0.8893781547555684,0.0007067225001372832,0.08843464194739771,0.02539380453305972,0.9258462403622149
56.05452825157084,21.48769860279438,0.00043332534310144724,0.07108081553551235,0.018881877062176866,0.9096039820592102,0.00024141136635071024,0.055320210908918914,0.013988573918183715,0.8900787889707389,0.0006857495499682277,0.08797950749713318,0.025119052145160584,0.9265671696141122
56.38620445424286,21.48769860279438,0.0004193367107827283,0.07061151414992338,0.0186442967562985,0.9103248523829963,0.00023270442900846005,0.05486038694629603,0.013785975401997377,0.8908095441002803,0.0006653941176792669,0.08752616121995792,0.024847091020210627,0.9272812022620824
56.71788065691487,21.48769860279438,0.00040579789991883043,0.07014485750184786,0.018409592138140772,0.911039752460092,0.00022430989384106023,0.05440394530460317,0.013586221308948467,0.8915356840678498,0.000645638215482452,0.0870746049285418,0.024577896590965244,0.9279884024512618
57.049556859586886,21.48769860279438,0.00039269453207890797,0.06968083930431816,0.018177731228440012,0.9117487349351637,0.00021621662669179091,0.0539508700197905,0.013389274007509364,0.8922572971455999,0.0006264643717185038,0.08662484023833353,0.024311444420052578,0.9286888337153707
57.38123306225891,21.48769860279438,0.0003800126843311115,0.0692194530903242,0.017948682330124095,0.9124518518952188,0.00020841388677039367,0.0535011449979853,0.01319509630077714,0.8929739111951974,0.0006078556163713008,0.08617686857215404,0.024047710201684815,0.9293825589848346
57.71290926493092,21.48769860279438,0.0003677388750070105,0.06876069221837353,0.0177224140279645,0.9131491548786547,0.0002008913129181327,0.0530547540218747,0.013001982595299864,0.8936855644832651,0.000589795466975099,0.08573069116468023,0.023786669763275304,0.9300696405947068
58.04458546760294,21.48769860279438,0.00035586004990162417,0.06830454987792038,0.01749889518814739,0.9138406948840304,0.00019363891034460947,0.05261168075692776,0.012810875602298266,0.8943922948606052,0.0005722679149044632,0.08528630906682177,0.023528299066964697,0.9307501402923934
58.37626167027496,21.48769860279438,0.00034436356889619955,0.06785101909466326,0.017278094957765767,0.9145265223786743,0.0001866470378205273,0.052171908757459744,0.012622487938255761,0.8950941397706997,0.000555257412037105,0.08484372314999408,0.023272574211059074,0.9314241192451899
58.70793787294697,21.48769860279438,0.0003332371929912033,0.06740009273571781,0.01705998276423675,0.9152066873070535,0.0001799063953110891,0.051735421472542766,0.012436783249257994,0.895791136257962,0.0005387488577800323,0.08440293411029018,0.023019471431382988,0.9320916380476331
59.03961407561899,21.48769860279438,0.00032246907173737134,0.06695176351466464,0.01684452831464734,0.9158812390989495,0.0001734080120352281,0.05130220225176615,0.012253725603439219,0.8964833209757481,0.0005227275864496491,0.08396394247255486,0.02276896710255023,0.9327527567286766
59.371290278291006,21.48769860279438,0.00031204773105296955,0.06650602399647845,0.016631701595031485,0.9165502266774359,0.00016714323493633218,0.05087130802621688,0.012074390011035056,0.8971707301941348,0.0005071793549966731,0.08352674859436329,0.022521037739155068,0.9334075347586951
59.70296648096303,21.48769860279438,0.00030196206141578855,0.06606286660233905,0.01642147286958152,0.917213698466665,0.00016110371755060024,0.05044259836371425,0.011898431898312486,0.8978533998074717,0.0004920903310669147,0.0830913526699067,0.022275659996886594,0.9340560310563188
60.03464268363504,21.48769860279438,0.0002922013064186866,0.06562228361432945,0.016213812679797428,0.9178717023994547,0.00015528140925961747,0.05001714592152254,0.011724967134773098,0.898523818440265,0.0004774470813892088,0.08265775473378839,0.022032810673568767,0.9346983039951112
60.366318886307056,21.48769860279438,0.0002827550516778232,0.06518426718002131,0.016008691843575982,0.9185242859247255,0.0001496685449141659,0.04959493299390828,0.01155396218863813,0.8991832681026358,0.0004632365604819682,0.0822259546647319,0.02179246671012853,0.935334411410087
60.69799508897908,21.48769860279438,0.00027361321408303605,0.06474880931695173,0.015806081454242882,0.9191714960147217,0.00014425763481672435,0.04917594181674262,0.011385383930611025,0.8998381603019878,0.00044944609967005394,0.08179595218920392,0.021554605191494557,0.935964410604082
61.02967129165109,21.48769860279438,0.0002647660313801095,0.06431590191699604,0.015605952879530911,0.9198133791720955,0.00013904145505050817,0.04876022497138317,0.011219199630478805,0.9004885304924368,0.0004360633964038237,0.0813677468849544,0.021319203347428886,0.9365883583539758
61.361347494323105,21.48769860279438,0.0002562040520749729,0.06388553675063499,0.015408277760505707,0.9204499814367849,0.00013401303814330657,0.04834771958976366,0.011054659618677857,0.9011344137555086,0.0004230765038724407,0.08094133818447623,0.021086238553293484,0.9372063109167728
61.69302369699513,21.48769860279438,0.0002479181256501589,0.06345770547112263,0.015213028010442503,0.9210813483927859,0.00012916566405476082,0.04793838067658706,0.01089165381245325,0.9017785511145682,0.0004104738209037127,0.0805167253783861,0.02085568833075438,0.9378183240355478
62.02469989966714,21.48769860279438,0.00023989939308411838,0.06303239961855607,0.015020175813655843,0.9217075251747051,0.0001244928514760917,0.047532190297044835,0.01073098346088637,0.9024276558645539,0.00039824408214289553,0.08009390761872959,0.02062753034842501,0.9384242475489257
62.356376102339155,21.48769860279438,0.0002321392776642724,0.06260961062384782,0.014829693624284606,0.922328556474204,0.00011998834943165987,0.047129130479828994,0.010572616873341555,0.9030722752160033,0.0003863763485031019,0.07967288392221177,0.020401742422451026,0.9390240795193648
62.688052305011176,21.48769860279438,0.00022462947608492526,0.06218932981260675,0.01464155416503418,0.9229444865462731,0.00011564612917207975,0.04672918322116147,0.01041652274128955,0.903712442978815,0.0003748599978801332,0.0792536531733555,0.020178302517038622,0.9396093641459604
63.01972850768319,21.48769860279438,0.0002173619498214433,0.06177154840892727,0.01445573042587886,0.9235553592153722,0.00011146037634895964,0.04633233048871473,0.010262670135094278,0.9043481926312792,0.0003636847161247075,0.0788362141275899,0.019957188744928144,0.9401780411070498
63.35140471035521,21.48769860279438,0.00021032891677232694,0.06135625753908691,0.014272195662725272,0.924161217881415,0.0001074254834616584,0.04593855422542578,0.010111028500779788,0.9049795573257492,0.00035284048826525244,0.07842056541426974,0.019738379367814793,0.9407412565924462
63.683080913027226,21.48769860279438,0.00020352284316106815,0.06094344823516118,0.014090923396040095,0.9247621055256365,0.0001035360425667787,0.045547836353206424,0.009961567656779849,0.9056065698941638,0.00034231758997459194,0.07800670553962909,0.019521852796718548,0.9412990641356869
64.01475711569924,21.48769860279438,0.00019693643568990504,0.06053311143855159,0.013911887409442774,0.9253580647163155,9.978683824141483e-05,0.04516015877655181,0.00981425779067189,0.9062292628534242,0.00033210657927401274,0.07759463288966921,0.019307587592304547,0.9418515167206633
64.34643331837125,21.48769860279438,0.0001905626339378271,0.060125238003429546,0.013735061748266046,0.9259491376143656,9.6172840791479e-05,0.0447755033860503,0.00966906945589766,0.906847668410628,0.000322198288468367,0.07718434573298434,0.019095562465156105,0.9423986667883575
64.67810952104328,21.48769860279438,0.00018439460299540016,0.05971981870010219,0.013560420718085565,0.9265353659788172,9.268919969671784e-05,0.04439385206179652,0.009525973568472255,0.9074618184681671,0.00031258381630603065,0.0767758422235252,0.018885756276001628,0.9429405662434551
65.0097857237153,21.48769860279438,0.00017842572632919987,0.05931684421829771,0.013387938883220395,0.9271167911721531,8.933123728430707e-05,0.0440151866767102,0.009384941403683513,0.9080717446286912,0.0003032545203576722,0.07636912040330304,0.01867814803589727,0.9434772664608329
65.34146192638731,21.48769860279438,0.00017264959886885395,0.058916305170373766,0.013217591065206105,0.9276934541655506,8.609444262318716e-05,0.043639489099762764,0.009245944592783453,0.9086487848351134,0.0002942020096079579,0.07596417820503541,0.018472716906366638,0.9440085401124709
65.67313812905932,21.48769860279438,0.00016706002030990365,0.058518192094451936,0.01304935234124204,0.9282653955439951,8.297446563156565e-05,0.04326674119911419,0.009108955119673438,0.909215239279626,0.0002854181372544616,0.07556101345473511,0.01826944219949922,0.9445346573604675
66.00481433173134,21.48769860279438,0.00016165098862588092,0.05812249545747708,0.012883198042614343,0.9288326555112844,7.996711139025963e-05,0.042896924845161985,0.008973945317584884,0.9097777684298605,0.00027689499370818266,0.07515962387424352,0.018068303378008882,0.9450557294419352
66.33649053440337,21.48769860279438,0.00015641669378321343,0.05772920565820628,0.01271910375309611,0.9293952738949154,7.706833465480632e-05,0.04253002191350453,0.008840887865756722,0.9103364055027833,0.0002686248997902286,0.07476000708371049,0.01786928005525382,0.9455718057036802
66.66816673707538,21.48769860279438,0.00015135151165274118,0.05733831303012741,0.012557045307326303,0.9299532901508953,7.427423455949928e-05,0.042166014287820706,0.008709757295101284,0.9108911833409394,0.00026060040011936157,0.07436216060402148,0.0176723519952194,0.9460829349917951
66.9998429397474,21.48769860279438,0.00014644999811181192,0.05694980784430916,0.01239699878916843,0.9305067433684097,7.158104950674224e-05,0.04180488386266788,0.008580546964129061,0.9114550618911715,0.00025281425668521374,0.07396608185917342,0.017477499112465027,0.9465891656575226
67.33151914241941,21.48769860279438,0.00014170688333112397,0.05656368031218513,0.012238940530050958,0.9310556722744335,6.89851522353359e-05,0.04144661254619987,0.008453208430552733,0.9120249182743969,0.0002452594426021584,0.07357176817860052,0.01728470147203655,0.9470905455630113
67.66319534509142,21.48769860279438,0.0001371170662406247,0.05617992058827134,0.01208284710728987,0.9316001152381983,6.648304506152293e-05,0.041091182262807474,0.008327715736188424,0.9125908970904486,0.00023792913603889952,0.07317921679945205,0.01709393928934521,0.9475871220869785
67.99487154776344,21.48769860279438,0.00013267560916897285,0.0557985187728212,0.011928695342395578,0.9321401102756148,6.407135528683174e-05,0.0407385749556823,0.008203514895532095,0.9131530272341511,0.00023081671431901267,0.07278842486882181,0.016905192930014485,0.9480789421302744
68.32654775043547,21.48769860279438,0.00012837773265121402,0.05541946491441802,0.011776462299364594,0.932675695053566,6.17461393755921e-05,0.0403887725893069,0.008081079044749778,0.9137113373353483,0.00022391574818775962,0.0723993894459319,0.016718442909695878,0.9485660521213541
68.65822395310748,21.48769860279438,0.00012421881039949515,0.05504274901250576,0.0116261252829574,0.9332069068941368,5.950415285260548e-05,0.04004175715187194,0.00796042923158218,0.9142658557628113,0.00021721999624065212,0.07201210750427126,0.016533669893854817,0.9490570725977362
68.9899001557795,21.48769860279438,0.00012019436443178466,0.05466836101986225,0.011477661836963854,0.9337337827787421,5.73432844565739e-05,0.03969751065762252,0.007841540475473125,0.9148166106280528,0.00021072339950931905,0.07162657593369001,0.01635085469752776,0.949550980837877
69.32157635845151,21.48769860279438,0.00011630006035372928,0.05429629084501233,0.011331049742456708,0.9342563593521771,5.526061231080275e-05,0.03935601514913558,0.007724388116587083,0.9153636297890417,0.0002044200762003916,0.07124279154245088,0.01616997828505155,0.9500401409120542
69.65325256112352,21.48769860279438,0.00011253170278890987,0.05392652835458547,0.011186267016034855,0.9347746729265924,5.3253319187366885e-05,0.039017252699529346,0.007608947812496448,0.9159069408538318,0.00019830431658318862,0.07086075105923888,0.015991021769766023,0.9505245970234544
69.98492876379555,21.48769860279438,0.0001088852309529153,0.05355906337561765,0.01104329190805653,0.9352887594853733,5.1318688786472254e-05,0.03868120541460692,0.007495195534878232,0.9164465711840982,0.00019237057802213062,0.07048045113512993,0.015813966413690872,0.9510043929870216
70.31660496646757,21.48769860279438,0.00010535671436677908,0.05319388569779897,0.010902102900864389,0.9357986546869701,4.9454102146828896e-05,0.03834785543493549,0.0073831075662208565,0.9169825478985895,0.0001866134801498915,0.07010188834551973,0.015638793627177766,0.9514795722329361
70.64828116913958,21.48769860279438,0.00010194234870546729,0.052830985075668115,0.010762678707002421,0.936304393868625,4.765703418248168e-05,0.03801718493786217,0.007272870833674086,0.9175148978764959,0.00018102780017741803,0.06972505919201302,0.015465484968538537,0.9519501778100395
70.9799573718116,21.48769860279438,9.863845177722885e-05,0.052470351230755226,0.010624998267426208,0.9368060120500417,4.5925050341701075e-05,0.03768917613946879,0.007165074535883211,0.9180436477607381,0.0001756084683370398,0.06934996010427602,0.015294022143650504,0.952416252389205
71.31163357448361,21.48769860279438,9.54414596297519e-05,0.05211197385367439,0.010489040749707199,0.9373035439369879,4.42558033836858e-05,0.037363811296466196,0.007058844232363801,0.9185688239611761,0.0001703505634549995,0.06897658744185042,0.015124387005539681,0.9528778382666578
71.64330977715562,21.48769860279438,9.2347922779187e-05,0.051755842606165704,0.010354785546231744,0.9377970239248229,4.2647030268974786e-05,0.037041072708030025,0.006954157966896408,0.9190909636511739,0.00016524930864981926,0.06860493749593188,0.014956561553942717,0.9533349773672459
71.97498597982765,21.48769860279438,8.93545025582217e-05,0.05140194712309022,0.01022221227239584,0.9382864861019555,4.109654915960701e-05,0.03672094271757909,0.00685099407053068,0.919610101938256,0.00016030006715302795,0.06823500649111289,0.014790527934848538,0.953787711247662
72.30666218249966,21.48769860279438,8.645796757950575e-05,0.05105027701437637,0.010091300764795938,0.9387719642532485,3.960225652520182e-05,0.03640340371449778,0.006749331158390909,0.9201257379942891,0.00015549833824885274,0.0678667905870909,0.014626268440020332,0.9542360810996217
72.63833838517168,21.48769860279438,8.365519031083504e-05,0.05070082186692085,0.009962031079417323,0.9392534918633498,3.816212435126433e-05,0.03608843813580365,0.006649148126500131,0.9206378972573876,0.0001508397533295771,0.06750028588034267,0.014463765506498642,0.9546801277529943
72.97001458784369,21.48769860279438,8.094314375861725e-05,0.05035357124644367,0.009834383489819864,0.939731102119978,3.677419744614865e-05,0.03577602846776165,0.006550424148623234,0.921122278242951,0.00014632007206335514,0.06713548840576582,0.014303001716086467,0.9551198916788921
73.3016907905157,21.48769860279438,7.831889825624446e-05,0.050008514699299754,0.009708338485322454,0.9402048279171215,3.543659084323145e-05,0.035466157247446055,0.00645294158633095,0.9215955148086029,0.00014193517867134946,0.06677239413828764,0.014143959794817007,0.9555554129927187
73.63336699318774,21.48769860279438,7.577961835409878e-05,0.049665641754245766,0.009583876769186489,0.9406747018582141,3.414748729496991e-05,0.035158807064251445,0.006356573104686886,0.9220655956296486,0.00013768107831115683,0.06641099899444265,0.013986622612404714,0.9559867314571757
73.96504319585975,21.48769860279438,7.332255980802491e-05,0.04932494192416691,0.009460979256799147,0.9411407562592257,3.290513485562907e-05,0.034853960561353876,0.006261616735978584,0.9225325464051359,0.0001335538935635529,0.0660512988339193,0.013830973181680443,0.9564138864852306
74.29671939853176,21.48769860279438,7.094506666318796e-05,0.048986404707759265,0.009339627073856835,0.9416030231517211,3.1707844549577936e-05,0.034551600437123256,0.006168052476421807,0.9229963925587127,0.00012954986101967888,0.0656932894610763,0.013676994658011272,0.9568369171430484
74.62839560120378,21.48769860279438,6.864456843034354e-05,0.04865001959117443,0.009219801554549833,0.9420615342858465,3.0553988122157784e-05,0.03425170944648836,0.006075860587635168,0.9234954081431179,0.00012566532796586249,0.06533696662642956,0.0135246703387057,0.9572558621528854
74.96007180387579,21.48769860279438,6.641857735162402e-05,0.04831577604962269,0.009101484239748076,0.9425163211332787,2.944199587023057e-05,0.03395427040225516,0.005985021593608783,0.9240004777565786,0.00012189674916334461,0.06498232602811042,0.01337398366240479,0.9576631644275271
75.29174800654782,21.48769860279438,6.4264685753044e-05,0.047983663548938085,0.008984656875189033,0.9429674148901188,2.83703545496148e-05,0.03365926617638001,0.005895516277693051,0.9245021630542514,0.00011824068372025657,0.06462936331329533,0.013224918208459963,0.9580646407109562
75.62342420921983,21.48769860279438,6.218056348100916e-05,0.047653671547105245,0.008869301409668401,0.9434148464797432,2.7337605356713934e-05,0.0333666797011985,0.005807325679608032,0.9250004868043629,0.0001146937920532649,0.06427807407960826,0.013077457696297944,0.9584622487473453
75.95510041189185,21.48769860279438,6.016395542019555e-05,0.047325789495749726,0.008755399993233114,0.9438586465555977,2.6342341981731866e-05,0.0330764939706107,0.0057204310924735486,0.9254954716146276,0.0001112528329363638,0.06392845387649594,0.012931585984773394,0.9588560261802204
76.28677661456386,21.48769860279438,5.821267909025011e-05,0.04700000684159072,0.008642934975378472,0.9442988455039398,2.5383208730965974e-05,0.03278869204122462,0.005634814059860679,0.9259871399339656,0.00010791466063437915,0.0635804982065767,0.01278728707150989,0.9592460102855519
76.61845281723588,21.48769860279438,5.6324622318839335e-05,0.04667631302785962,0.008531888903248705,0.9447354734465715,2.4458898715749114e-05,0.03250325703345795,0.00555046653064304,0.9264755140541803,0.00010467622211879447,0.06323420252696334,0.01264454509222986,0.9596395337141526
76.9501290199079,21.48769860279438,5.44977409886495e-05,0.046354697495682856,0.008422244519842177,0.9451685602434875,2.3568152105700013e-05,0.0322201721325997,0.005467362302313268,0.9269606161115933,0.00010153455436359181,0.06288956225056096,0.012503344320073611,0.9600317610375309
77.28180522257992,21.48769860279438,5.273005685601685e-05,0.04603514968543045,0.008313984762220962,0.9455981354954933,2.270975444402125e-05,0.03193942058983232,0.005385481374596643,0.9274424680886411,9.848678171885017e-05,0.06254657274733984,0.012363669164908565,0.9604201787530642
77.61348142525193,21.48769860279438,5.101965543893669e-05,0.04571765903803279,0.008207092759726031,0.946024228546803,2.188253502266189e-05,0.03166098572321532,0.005304806271329086,0.9279078482935309,9.553011335991412e-05,0.062205229345583965,0.01222550417262854,0.9608048231929796
77.94515762792395,21.48769860279438,4.9364683972268515e-05,0.045402214996262576,0.008101551832197466,0.9464468684875668,2.1085365315238836e-05,0.03138485091863143,0.0052253197522573215,0.9283665095379203,9.26618408100001e-05,0.06186552733311601,0.012088834024444084,0.9611857303583035
78.27683383059596,21.48769860279438,4.776334942802742e-05,0.0450888070059863,0.007997345488200832,0.9468660841563861,2.03171574656837e-05,0.031110999630695947,0.005147004810224642,0.9288221051545125,8.987933553417049e-05,0.061527461958499056,0.011953643536164026,0.9615629359217399
78.60851003326798,21.48769860279438,4.6213916598707666e-05,0.04477742451738434,0.00789445742325968,0.9472819041427571,1.9576862830651057e-05,0.030839415383630223,0.005069844668379467,0.9292746570984395,8.71800466026556e-05,0.061191028432215334,0.01181991765746879,0.9619364752305224
78.94018623594,21.48769860279438,4.4714706241657616e-05,0.04446805698613974,0.007792871518094535,0.9476943567895237,1.886347057379554e-05,0.03057008177210016,0.004993822777407012,0.929724187148452,8.4561498421568e-05,0.060856221927822855,0.011687641471175845,0.9623063833092319
79.27186243861202,21.48769860279438,4.3264093282581323e-05,0.04416069387459782,0.007692571836868852,0.9481034701952507,1.8176006310087645e-05,0.030302982462020598,0.004918922812784197,0.9301719478989809,8.202128852909837e-05,0.06052303758309015,0.011556800192497925,0.9626726948625883
79.60353864128403,21.48769860279438,4.186050507630082e-05,0.04385532465289569,0.007593542625441962,0.9485092722165855,1.7513530798403918e-05,0.030038101191326185,0.004845128672057836,0.9306167380850465,7.955708545534138e-05,0.060191470501109665,0.011427379168294031,0.9630354442782123
79.93521484395605,21.48769860279438,4.0502419722976304e-05,0.04355193880006378,0.007495768309629628,0.9489117904705838,1.687513868068825e-05,0.029775421770709663,0.0047724244721463705,0.931058560635939,7.71666266439466e-05,0.05986151575138981,0.011299363876314033,0.9633946656293607
80.26689104662806,21.48769860279438,3.9188364438030445e-05,0.04325052580509875,0.007399233493472123,0.949311052336992,1.6259957266039953e-05,0.029514928084328398,0.004700794546665157,0.9314974366227633,7.484771643384337e-05,0.05953316837092717,0.011172739924436985,0.9637503926776334
80.59856724930009,21.48769860279438,3.791691397408513e-05,0.04295107516800918,0.007303922957510562,0.9497070849605064,1.5667145358142048e-05,0.029256604090479827,0.004630223443275384,0.9319333869515702,7.25982240993308e-05,0.05920642336525774,0.01104749304990366,0.9641026588756542
80.9302434519721,21.48769860279438,3.6686689093263314e-05,0.04265357640083408,0.007209821657071007,0.9500999152530026,1.509589212449839e-05,0.02900043382224639,0.004560695921056835,0.9323664323650451,7.041608194687982e-05,0.05888127570948922,0.01092360911854358,0.9644514973697267
81.26191965464412,21.48769860279438,3.549635508826787e-05,0.042358019028635036,0.00711691472055756,0.9504895698957205,1.4545416006001886e-05,0.028746401388111093,0.0044921969479043726,0.9327965934441637,6.829928346702914e-05,0.058557720349313204,0.010801074123996975,0.9647969410024622
81.59359585731613,21.48769860279438,3.43446203506931e-05,0.042064392590462664,0.00702518744775364,0.950876075341431,1.4014963665407438e-05,0.028494490972543952,0.004424711697948353,0.9332238906098189,6.62458815398141e-05,0.05823575220199911,0.010679874186931936,0.9651390223153853
81.92527205998815,21.48769860279438,3.323023498507477e-05,0.0417726866402979,0.0069346253081325,0.9512594578165846,1.3503808973333482e-05,0.02824468683656021,0.00435822554899893,0.9336483441244185,6.425398669219877e-05,0.057915366157368746,0.010559995554257174,0.9654777735515135
82.25694826266016,21.48769860279438,3.215198946723303e-05,0.041482890747967995,0.006845213939176659,0.951639743323388,1.3011252030463749e-05,0.027996973318251187,0.004292724080014333,0.9340699740934543,6.232176540603365e-05,0.05759655707875345,0.010441424598330591,0.9658132266579128
82.58862446533219,21.48769860279438,3.110871334550226e-05,0.04119499450003856,0.006756939144706575,0.9520169576419107,1.2536618224667633e-05,0.027751334833287913,0.004228193068593073,0.934488800467044,6.044743847509575e-05,0.05727931980393274,0.010324147816164182,0.9661454132882312
82.9203006680042,21.48769860279438,3.0099273983493097e-05,0.04090898750068237,0.006669786893219006,0.9523911263321152,1.2079257321802334e-05,0.027507755875398842,0.004164618488490147,0.9349048430414466,5.862927940981204e-05,0.05696364914605557,0.01020815182862524,0.9664743648052072
83.25197687067622,21.48769860279438,2.912257534306745e-05,0.0406248593725239,0.0065837433162347185,0.9527622747358998,1.1638542589003286e-05,0.027266221016821735,0.0041019865071572365,0.9353181214605507,5.686561288830386e-05,0.05664953989454446,0.010093423379634524,0.9668001122831571
83.58365307334823,21.48769860279438,2.8177556806253297e-05,0.040342599757461545,0.00649879470665615,0.9531304279790763,1.1213869949311322e-05,0.02702671490873048,0.004040283483306842,0.9357286552173404,5.515481325243033e-05,0.05633698681598288,0.009979949335361416,0.9671225921681962
83.91532927602024,21.48769860279438,2.726319203486334e-05,0.04006219831746815,0.00641492751713504,0.9534956109733601,1.0804657166524964e-05,0.026789222281637826,0.0039794959645003515,0.9361364636553322,5.349530304754146e-05,0.05602598465498547,0.009867716683416438,0.9674418679128224
84.24700547869227,21.48769860279438,2.6378487866621542e-05,0.0397836447353688,0.006332128358450029,0.9538578484183144,1.041034305920623e-05,0.02655372794577387,0.003919610684760106,0.9365415659699944,5.18855516046936e-05,0.055716528135052935,0.009756712532041368,0.9677580331482148
84.57868168136429,21.48769860279438,2.5522483246638188e-05,0.03950692871559722,0.0062503839978946115,0.9542171648032616,1.003038674280483e-05,0.026320216791441822,0.00386061456220527,0.9369439812101361,5.032407366410922e-05,0.05540861195941013,0.009646924109297331,0.9680711178126701
84.9103578840363,21.48769860279438,2.4694248193110772e-05,0.03923203998493225,0.006169681357675264,0.9545735844091996,9.66426689890246e-06,0.026088673789350578,0.0038024946967115565,0.9373437282792813,4.88094280386989e-05,0.05510223081182899,0.009538338762250836,0.9683811515678153
85.24203408670832,21.48769860279438,2.389288279616423e-05,0.03895896829321265,0.0060900075133202254,0.9549271313106708,9.311481070614669e-06,0.025859083990925562,0.0037452383675948024,0.9377408259370148,4.7340216316500794e-05,0.054797379357435914,0.009430943956158356,0.9686881638009798
85.57371028938033,21.48769860279438,2.3117516248776217e-05,0.038687703414032416,0.006011349692098774,0.9552778293776214,8.971544983220122e-06,0.025631432528597994,0.003688833031318199,0.938135292800311,4.591508160091639e-05,0.054494052243504225,0.0093247272736494,0.9689902312396673
85.90538649205236,21.48769860279438,2.236730590876775e-05,0.038418235145416195,0.0059336952714511455,0.9556257022772233,8.643991889121263e-06,0.02540570461607283,0.003633266319223214,0.9385271473448407,4.453270728766041e-05,0.054192244100231546,0.009219676413908466,0.9692855851119235
