model_number,model_name,short_label,term,coefficient,clustered_se,z_or_t,p_value,ci95_low,ci95_high
1,spec_01_stance_core,Core,Intercept,0.022463635921290793,0.0013305715687687994,16.882696465607467,6.0325342687884435e-64,0.019855763567650987,0.0250715082749306
1,spec_01_stance_core,Core,agree_move,0.3096457395412871,0.005052720815078966,61.282970279537956,0.0,0.2997425887197965,0.3195488903627777
1,spec_01_stance_core,Core,disagree_move,-0.39910740954133944,0.005003887635285713,-79.759466764795,0.0,-0.40891484908918474,-0.38929996999349414
2,spec_02_add_lagged_stance,+ Lagged stance,Intercept,0.0075758881343893185,0.0013364520257955388,5.668657002393844,1.4392115343919819e-08,0.004956490296764467,0.010195285972014169
2,spec_02_add_lagged_stance,+ Lagged stance,agree_move,0.19083921809364202,0.0052999160174521595,36.00797021409871,6.277083722735249e-284,0.18045157357834882,0.20122686260893521
2,spec_02_add_lagged_stance,+ Lagged stance,disagree_move,-0.3054401704746329,0.005118493039707441,-59.67384699073284,0.0,-0.31547223248757844,-0.29540810846168736
2,spec_02_add_lagged_stance,+ Lagged stance,lag_agree_move,-0.13013475936991636,0.0048406488430057775,-26.8837429837422,3.4025304116785817e-159,-0.13962225676401316,-0.12064726197581956
2,spec_02_add_lagged_stance,+ Lagged stance,lag_disagree_move,0.27119581108012136,0.005552150731743073,48.84518165719551,0.0,0.26031379560916723,0.2820778265510755
3,spec_03_add_previous_outcome,+ Previous outcome,Intercept,1.8813255677935947,0.007193721355256337,261.5232749345984,0.0,1.8672261330224755,1.895425002564714
3,spec_03_add_previous_outcome,+ Previous outcome,agree_move,0.22170438548379282,0.0033824375272117177,65.54574436340081,0.0,0.21507492975050113,0.2283338412170845
3,spec_03_add_previous_outcome,+ Previous outcome,disagree_move,-0.1903086572512368,0.003512576112408969,-54.17922663054288,0.0,-0.1971931799245141,-0.1834241345779595
3,spec_03_add_previous_outcome,+ Previous outcome,previous_log_assumption_count,-0.9735715835453158,0.003336222092979707,-291.81857694485257,0.0,-0.9801104586919829,-0.9670327083986487
4,spec_04_add_timeline,+ Timeline,Intercept,0.03074596984868167,0.002531335810529502,12.146144229773395,6.01353687772205e-34,0.02578464282726734,0.035707296870096
4,spec_04_add_timeline,+ Timeline,agree_move,0.3098976952350399,0.005054890528523063,61.30650970310642,0.0,0.2999902918533421,0.3198050986167377
4,spec_04_add_timeline,+ Timeline,disagree_move,-0.3976706759844645,0.005017961217243788,-79.24945187258598,0.0,-0.4075056992460811,-0.38783565272284787
4,spec_04_add_timeline,+ Timeline,timeline_position,0.002243308191939077,0.009966741719113062,0.2250793945665433,0.8219175104800461,-0.017291146620735345,0.021777763004613503
4,spec_04_add_timeline,+ Timeline,I(timeline_position ** 2),-0.025881152459662396,0.009208453233609602,-2.8105862953399936,0.00494513257439859,-0.043929389150858617,-0.007832915768466175
5,spec_05_add_category,+ Category FE,Intercept,0.018494584840678483,0.001362693748591467,13.57207726225735,5.863638666549917e-42,0.015823754171481328,0.021165415509875638
5,spec_05_add_category,+ Category FE,C(category)[T.commentary],0.01165578808314907,0.002300276720139605,5.067124307740537,4.0387055454658896e-07,0.007147328557199522,0.01616424760909862
5,spec_05_add_category,+ Category FE,C(category)[T.news],0.003666075836094963,0.007162865841916141,0.5118169063898382,0.6087791569542054,-0.010372883240152845,0.017705034912342772
5,spec_05_add_category,+ Category FE,C(category)[T.political],-0.0011819390878005313,0.001154727315734906,-1.0235655394090222,0.30604052892312783,-0.003445163038605559,0.0010812848630044963
5,spec_05_add_category,+ Category FE,C(category)[T.religion],0.018316027622649184,0.0025422258723863528,7.204720800617208,5.816290223720835e-13,0.013333356472206013,0.023298698773092354
5,spec_05_add_category,+ Category FE,C(category)[T.sports],0.0003536699566289835,0.003186540704395495,0.11098868316388782,0.9116253208118268,-0.005891835059257081,0.006599174972515048
5,spec_05_add_category,+ Category FE,agree_move,0.31071886310599317,0.005084770717190132,61.107743178181664,0.0,0.3007528956306566,0.32068483058132974
5,spec_05_add_category,+ Category FE,disagree_move,-0.3979615720708573,0.005017054156010452,-79.32176127580718,0.0,-0.4077948175251248,-0.3881283266165898
6,spec_06_add_current_duration,+ Current duration,Intercept,-0.7393180957565332,0.005714985180432362,-129.36483165133959,0.0,-0.7505192608823608,-0.7281169306307056
6,spec_06_add_current_duration,+ Current duration,agree_move,0.13815201908867628,0.0044904453662060854,30.765772172259826,7.523886467742494e-208,0.12935090789636758,0.14695313028098497
6,spec_06_add_current_duration,+ Current duration,disagree_move,-0.272816044540129,0.0045208765737809,-60.345828975367816,0.0,-0.28167679980329036,-0.2639552892769676
6,spec_06_add_current_duration,+ Current duration,log_duration,0.23756357672138093,0.001579441939767828,150.40981927851166,0.0,0.2344679274037639,0.24065922603899795
7,spec_07_add_response_timing,+ Gap/overlap,Intercept,0.0230523074321564,0.0016531379274015957,13.944575978841671,3.3945945599350265e-44,0.01981221663297208,0.026292398231340715
7,spec_07_add_response_timing,+ Gap/overlap,agree_move,0.3096294732114766,0.00505340481628886,61.27145646702089,0.0,0.2997249817722492,0.319533964650704
7,spec_07_add_response_timing,+ Gap/overlap,disagree_move,-0.39923149141461234,0.005015442702189183,-79.60044907707797,0.0,-0.4090615784774274,-0.38940140435179726
7,spec_07_add_response_timing,+ Gap/overlap,log_gap,-0.0005383188545113497,0.0007249030511429946,-0.7426080682962399,0.4577190023027572,-0.001959102727034816,0.0008824650180121167
7,spec_07_add_response_timing,+ Gap/overlap,overlap,0.0062292269119677965,0.008933625107740165,0.6972787459561902,0.4856283665488049,-0.011280356550585686,0.02373881037452128
8,spec_08_add_previous_duration,+ Previous duration,Intercept,0.7683764025997465,0.005226004884788521,147.02940765254183,0.0,0.7581336212425306,0.7786191839569624
8,spec_08_add_previous_duration,+ Previous duration,agree_move,0.2607462859868071,0.004344842721986479,60.01282501374247,0.0,0.25223055073322265,0.26926202124039156
8,spec_08_add_previous_duration,+ Previous duration,disagree_move,-0.23823909162424908,0.004254772590794939,-55.99337838634937,0.0,-0.24657829266461534,-0.22989989058388283
8,spec_08_add_previous_duration,+ Previous duration,previous_log_duration,-0.23683384579266822,0.001435903845554335,-164.93712063375511,0.0,-0.2396481656152173,-0.23401952597011916
9,spec_09_exp2_baseline,Exp2 controls,Intercept,1.7852918119304166,0.007585756644566673,235.3478888897838,0.0,1.7704240021115805,1.8001596217492528
9,spec_09_exp2_baseline,Exp2 controls,C(category)[T.commentary],-0.04678955653339099,0.005727190093146771,-8.169722983244432,3.0909837774693726e-16,-0.05801464284857326,-0.035564470218208716
9,spec_09_exp2_baseline,Exp2 controls,C(category)[T.news],-0.02356496704609183,0.01757857213494067,-1.3405506923541355,0.1800663753273144,-0.058018335330214915,0.010888401238031253
9,spec_09_exp2_baseline,Exp2 controls,C(category)[T.political],0.022637011517769316,0.0034196802421536136,6.619628127427842,3.601036038353496e-11,0.015934561404505023,0.029339461631033608
9,spec_09_exp2_baseline,Exp2 controls,C(category)[T.religion],0.01815563526074571,0.0051853961297538146,3.501301502612044,0.00046299172710675013,0.007992445600854848,0.028318824920636573
9,spec_09_exp2_baseline,Exp2 controls,C(category)[T.sports],0.012656795509604187,0.009108244309792962,1.3895977181898722,0.16465106905039084,-0.005195035299981901,0.030508626319190275
9,spec_09_exp2_baseline,Exp2 controls,agree_move,0.188237757427232,0.0034680414988650667,54.277827266148265,0.0,0.18144052099256616,0.19503499386189785
9,spec_09_exp2_baseline,Exp2 controls,disagree_move,-0.20088481206737704,0.0038240699321022394,-52.53167845624174,0.0,-0.20837985140865997,-0.19338977272609412
9,spec_09_exp2_baseline,Exp2 controls,lag_agree_move,0.03777486500511297,0.0034960165999497763,10.805116029956965,3.25545173587702e-27,0.030922798379857234,0.0446269316303687
9,spec_09_exp2_baseline,Exp2 controls,lag_disagree_move,0.08449091278625001,0.003796486398239708,22.255028445624184,1.0082955209211655e-109,0.077049936177904,0.09193188939459603
9,spec_09_exp2_baseline,Exp2 controls,previous_log_assumption_count,-0.9768661100639755,0.0033444305919983325,-292.08742211638713,0.0,-0.9834210735730862,-0.9703111465548648
9,spec_09_exp2_baseline,Exp2 controls,timeline_position,0.4246998704774233,0.013884577153618361,30.58788652895672,1.7737244077299307e-205,0.39748659931576363,0.45191314163908297
9,spec_09_exp2_baseline,Exp2 controls,I(timeline_position ** 2),-0.38105520524674436,0.012630258470371625,-30.17002432219682,5.859703259940874e-200,-0.4058100569641047,-0.356300353529384
10,spec_10_full_timing,Full timing,Intercept,1.1151707775233812,0.0049675114176337505,224.4928463706657,0.0,1.1054346340520276,1.1249069209947349
10,spec_10_full_timing,Full timing,C(category)[T.commentary],-0.007775342462884328,0.003084610835739888,-2.5206883062184735,0.011712555055083783,-0.013821068607256504,-0.0017296163185121513
10,spec_10_full_timing,Full timing,C(category)[T.news],0.01013060704729384,0.00819074806866799,1.2368353857746375,0.2161482021093667,-0.005922964173736426,0.02618417826832411
10,spec_10_full_timing,Full timing,C(category)[T.political],0.02076408308309173,0.0018607552511822906,11.158954445996379,6.47485625541725e-29,0.01711706980673066,0.0244110963594528
10,spec_10_full_timing,Full timing,C(category)[T.religion],0.0007551973230176367,0.002684688925720451,0.2812978873576481,0.7784819305651625,-0.004506696281087975,0.006017090927123249
10,spec_10_full_timing,Full timing,C(category)[T.sports],0.03805950174648353,0.004266244671982514,8.921078061094272,4.6177097630419355e-19,0.029697815840161908,0.04642118765280515
10,spec_10_full_timing,Full timing,agree_move,0.031242507058708045,0.0023763831782425376,13.147083073451794,1.7686677354166426e-39,0.026584881615885844,0.03590013250153025
10,spec_10_full_timing,Full timing,disagree_move,-0.03740841856349388,0.0026436370533877585,-14.150360964095233,1.8580112096031433e-45,-0.04258985197632948,-0.032226985150658284
10,spec_10_full_timing,Full timing,lag_agree_move,0.01325241338118957,0.002537253153174641,5.2231340670945645,1.7591992478817664e-07,0.008279488581306584,0.018225338181072557
10,spec_10_full_timing,Full timing,lag_disagree_move,0.010527102183575191,0.0025786513040030852,4.082406243617728,4.457179549942867e-05,0.0054730384990418985,0.015581165868108485
10,spec_10_full_timing,Full timing,previous_log_assumption_count,-0.9968495017473015,0.0023496164393570188,-424.26052399433036,0.0,-1.0014546653459244,-0.9922443381486785
10,spec_10_full_timing,Full timing,timeline_position,-0.14338109774658744,0.009424128330084762,-15.214255655758654,2.844361432977448e-52,-0.16185204985923718,-0.12491014563393771
10,spec_10_full_timing,Full timing,I(timeline_position ** 2),0.15209966064862776,0.008648954665795799,17.585901016470746,3.15919588262472e-69,0.13514802099974832,0.1690513002975072
10,spec_10_full_timing,Full timing,log_duration,0.25616182751780825,0.0009009328482288415,284.3295457829082,0.0,0.2543960315827906,0.2579276234528259
10,spec_10_full_timing,Full timing,log_gap,0.036364967943524784,0.0005804718788810346,62.647251773203706,0.0,0.03522726396687966,0.03750267192016991
10,spec_10_full_timing,Full timing,overlap,-0.005018074471733497,0.004491183405374046,-1.11731675569717,0.2638589137229771,-0.01382063219423058,0.003784483250763587
10,spec_10_full_timing,Full timing,previous_log_duration,-0.014369204103227132,0.000856785601912384,-16.771061594819546,3.9734584393507943e-63,-0.016048473025447877,-0.012689935181006386
11,spec_11_drop_lagged_stance,− Lagged stance,Intercept,1.1165462662060994,0.004974450071452278,224.45622132460696,0.0,1.1067965232231602,1.1262960091890386
11,spec_11_drop_lagged_stance,− Lagged stance,C(category)[T.commentary],-0.007700008134729725,0.003086257621852754,-2.4949336958161084,0.012598066818935017,-0.013748961920573361,-0.00165105434888609
11,spec_11_drop_lagged_stance,− Lagged stance,C(category)[T.news],0.010078327759645662,0.008179565645578063,1.2321348340903755,0.21789872102615182,-0.005953326314868458,0.02610998183415978
11,spec_11_drop_lagged_stance,− Lagged stance,C(category)[T.political],0.02146999301970766,0.0018569469616300533,11.5619850557611,6.420712957551391e-31,0.017830443853711672,0.025109542185703645
11,spec_11_drop_lagged_stance,− Lagged stance,C(category)[T.religion],0.0006368419979512427,0.002684007209560357,0.23727283432131988,0.8124451354813124,-0.004623715467032907,0.005897399462935392
11,spec_11_drop_lagged_stance,− Lagged stance,C(category)[T.sports],0.038257790936629066,0.00427028934050788,8.959062931337327,3.274492266700724e-19,0.029888177625668325,0.04662740424758981
11,spec_11_drop_lagged_stance,− Lagged stance,agree_move,0.03276623021099603,0.0022271931071275283,14.711894584325258,5.4072071374705846e-49,0.028401011934410213,0.03713144848758184
11,spec_11_drop_lagged_stance,− Lagged stance,disagree_move,-0.03344491823410513,0.0024675574526816803,-13.553855938696795,7.517508628350592e-42,-0.03828124197114462,-0.028608594497065636
11,spec_11_drop_lagged_stance,− Lagged stance,previous_log_assumption_count,-0.9967880675800868,0.0023532106959471776,-423.586408686994,0.0,-1.0014002757921776,-0.9921758593679959
11,spec_11_drop_lagged_stance,− Lagged stance,timeline_position,-0.14036055505445835,0.009406898921616716,-14.921022987917393,2.405568774758831e-50,-0.1587977381470358,-0.12192337196188091
11,spec_11_drop_lagged_stance,− Lagged stance,I(timeline_position ** 2),0.1498498746218208,0.008636937654567871,17.349884949391612,1.976396461660769e-67,0.13292178788214992,0.1667779613614917
11,spec_11_drop_lagged_stance,− Lagged stance,log_duration,0.25632160329037024,0.0008971311676386586,285.71251622550915,0.0,0.2545632585123901,0.2580799480683504
11,spec_11_drop_lagged_stance,− Lagged stance,log_gap,0.03635879341418164,0.0005801038701110099,62.676350370191365,0.0,0.03522181072147176,0.037495776106891525
11,spec_11_drop_lagged_stance,− Lagged stance,overlap,-0.005071414088636887,0.0044913449613263315,-1.1291526552303068,0.2588334420284627,-0.01387428845498194,0.0037314602777081653
11,spec_11_drop_lagged_stance,− Lagged stance,previous_log_duration,-0.014362973986244735,0.0008450890182348101,-16.995811892391608,8.82006594086479e-65,-0.016019318025715275,-0.012706629946774194
12,spec_12_drop_previous_outcome,− Previous outcome,Intercept,-0.007999161641053514,0.0033491126441064036,-2.3884421012622634,0.016919974135076853,-0.014563301803669777,-0.0014350214784372506
12,spec_12_drop_previous_outcome,− Previous outcome,C(category)[T.commentary],0.00242234181679574,0.001615808803834651,1.4991512678028602,0.13383439402406844,-0.0007445852446229212,0.005589268878214402
12,spec_12_drop_previous_outcome,− Previous outcome,C(category)[T.news],0.005345278753016599,0.004829050420707724,1.1069005885909178,0.26833691138918037,-0.004119486151098537,0.014810043657131735
12,spec_12_drop_previous_outcome,− Previous outcome,C(category)[T.political],-0.0005599599171704884,0.0009170322351188518,-0.6106218470040095,0.5414499559975166,-0.0023573100706657047,0.0012373902363247281
12,spec_12_drop_previous_outcome,− Previous outcome,C(category)[T.religion],0.013747248294263976,0.0019978452521499227,6.881037597616871,5.941816510382424e-12,0.009831543553365785,0.017662953035162167
12,spec_12_drop_previous_outcome,− Previous outcome,C(category)[T.sports],-0.00070395667062308,0.001975553196219719,-0.3563339483695617,0.721590488502242,-0.00457596978475672,0.0031680564435105597
12,spec_12_drop_previous_outcome,− Previous outcome,agree_move,0.04130332732378203,0.0036616695943743746,11.279916513286347,1.649024001153477e-29,0.03412658679552287,0.04848006785204119
12,spec_12_drop_previous_outcome,− Previous outcome,disagree_move,-0.05816573600225238,0.0036578477632352095,-15.901628434860635,6.173880772366809e-57,-0.06533498587912379,-0.05099648612538098
12,spec_12_drop_previous_outcome,− Previous outcome,lag_agree_move,-0.015240119977713244,0.0035236081658782657,-4.3251460605905985,1.524308298460956e-05,-0.02214626507846588,-0.008333974876960606
12,spec_12_drop_previous_outcome,− Previous outcome,lag_disagree_move,0.037782280901532204,0.003858945400465403,9.790830649476286,1.2327890981939882e-22,0.030218886898313518,0.04534567490475089
12,spec_12_drop_previous_outcome,− Previous outcome,timeline_position,-0.08017199656532477,0.007565643093177818,-10.59685152708544,3.081812194676947e-26,-0.0950003845478375,-0.06534360858281203
12,spec_12_drop_previous_outcome,− Previous outcome,I(timeline_position ** 2),0.09970570857695606,0.007162309368211361,13.920888284926946,4.729888792813053e-44,0.08566784016912796,0.11374357698478416
12,spec_12_drop_previous_outcome,− Previous outcome,log_duration,0.27438181288099234,0.0010848808146084194,252.91424568147482,0.0,0.27225548555684137,0.2765081402051433
12,spec_12_drop_previous_outcome,− Previous outcome,log_gap,0.0005284097981724949,0.0005459963615082265,0.9677899623961749,0.3331492778162479,-0.0005417234060735406,0.0015985430024185302
12,spec_12_drop_previous_outcome,− Previous outcome,overlap,0.006171976974786788,0.0063784882297730165,0.9676237930451465,0.3332322900342598,-0.00632963023138097,0.018673584180954547
12,spec_12_drop_previous_outcome,− Previous outcome,previous_log_duration,-0.2696173897954825,0.0010768529550130856,-250.37530754810084,0.0,-0.27172798280395366,-0.26750679678701134
13,spec_13_drop_timeline,− Timeline,Intercept,1.1007748426361128,0.004811004415869532,228.8035402763522,0.0,1.0913454472515454,1.1102042380206802
13,spec_13_drop_timeline,− Timeline,C(category)[T.commentary],-0.008325981452885434,0.0030830271104344193,-2.70058651923831,0.006921733123274226,-0.014368603552697487,-0.00228335935307338
13,spec_13_drop_timeline,− Timeline,C(category)[T.news],0.009632170228809864,0.008158390239438951,1.180645929664706,0.2377434096327451,-0.006357980812313589,0.025622321269933315
13,spec_13_drop_timeline,− Timeline,C(category)[T.political],0.020513615797562175,0.0018531926867435483,11.069337767358093,1.7670154714343659e-28,0.016881424875131803,0.024145806719992547
13,spec_13_drop_timeline,− Timeline,C(category)[T.religion],0.0018276982429094282,0.0026695439790183594,0.6846481111659778,0.49356599970395043,-0.003404511811112306,0.007059908296931162
13,spec_13_drop_timeline,− Timeline,C(category)[T.sports],0.03769446114883108,0.004255537342239791,8.857744185365691,8.164981989211138e-19,0.029353761223175782,0.04603516107448637
13,spec_13_drop_timeline,− Timeline,agree_move,0.03055385114355198,0.002377007439952773,12.853914813223737,8.176525332916936e-38,0.02589500217026079,0.03521270011684317
13,spec_13_drop_timeline,− Timeline,disagree_move,-0.037815754302376256,0.0026395540798430663,-14.32656924559946,1.4931676743823293e-46,-0.04298918523411443,-0.032642323370638084
13,spec_13_drop_timeline,− Timeline,lag_agree_move,0.012663942903100805,0.0025387577819850037,4.988243854125825,6.093062894512484e-07,0.007688069084939408,0.017639816721262202
13,spec_13_drop_timeline,− Timeline,lag_disagree_move,0.009689241808722947,0.002570596497010258,3.7692581546703483,0.00016373347192855233,0.004650965255798016,0.014727518361647879
13,spec_13_drop_timeline,− Timeline,previous_log_assumption_count,-0.9965204121799446,0.0023507718520575913,-423.9120063087819,0.0,-1.001127840345848,-0.9919129840140412
13,spec_13_drop_timeline,− Timeline,log_duration,0.25506408978624945,0.0008931584857814228,285.5753977001006,0.0,0.25331353132163154,0.25681464825086736
13,spec_13_drop_timeline,− Timeline,log_gap,0.03565573965625981,0.0005754925012896541,61.956914427828025,0.0,0.03452779508035922,0.0367836842321604
13,spec_13_drop_timeline,− Timeline,overlap,-0.004343822639247519,0.0045031176250850055,-0.9646256218247288,0.33473236135906514,-0.013169771002561673,0.004482125724066634
13,spec_13_drop_timeline,− Timeline,previous_log_duration,-0.014944988750145043,0.000854382204691576,-17.492158273053036,1.644110999881896e-68,-0.01661954710037246,-0.013270430399917625
14,spec_14_drop_category,− Category FE,Intercept,1.1164185688300345,0.0050097247937316135,222.85027916642173,0.0,1.1065996886618632,1.1262374489982059
14,spec_14_drop_category,− Category FE,agree_move,0.03305091372329343,0.0023824088468529193,13.872897494883198,9.246480930067045e-44,0.02838147818701211,0.03772034925957476
14,spec_14_drop_category,− Category FE,disagree_move,-0.035501362206289744,0.002639757299841842,-13.448722050476674,3.1323906637036017e-41,-0.040675191441906455,-0.030327532970673032
14,spec_14_drop_category,− Category FE,lag_agree_move,0.015094814065693313,0.002536145719230134,5.9518717521781275,2.650930715888843e-09,0.010124059796456818,0.02006556833492981
14,spec_14_drop_category,− Category FE,lag_disagree_move,0.01295407127016211,0.0025807049153981046,5.019586390086675,5.178285372941774e-07,0.007895982581256338,0.018012159959067884
14,spec_14_drop_category,− Category FE,previous_log_assumption_count,-0.9953514863606521,0.0023443668933501617,-424.5715502910335,0.0,-0.9999463610381665,-0.9907566116831377
14,spec_14_drop_category,− Category FE,timeline_position,-0.14215448271699996,0.009420537584666211,-15.089848263902105,1.8887616208592642e-51,-0.16061839709795167,-0.12369056833604823
14,spec_14_drop_category,− Category FE,I(timeline_position ** 2),0.15082478190610266,0.008629824426469259,17.47715532236036,2.1390756496589133e-68,0.13391063683731888,0.16773892697488643
14,spec_14_drop_category,− Category FE,log_duration,0.2566540154103159,0.000904891423149944,283.6296254382636,0.0,0.25488046081102284,0.258427570009609
14,spec_14_drop_category,− Category FE,log_gap,0.03447537005372442,0.000551806347880783,62.477298759116074,0.0,0.033393849485437506,0.03555689062201133
14,spec_14_drop_category,− Category FE,overlap,-0.010899320574677336,0.004483487397718303,-2.430991682997508,0.015057560199309776,-0.01968679439934442,-0.0021118467500102524
14,spec_14_drop_category,− Category FE,previous_log_duration,-0.014189254967404577,0.0008562370312894584,-16.5716436557715,1.1172951695418417e-61,-0.01586744871096141,-0.012511061223847743
15,spec_15_drop_current_duration,− Current duration,Intercept,1.7996447572451135,0.007445820965775372,241.69863410860393,0.0,1.7850512163168606,1.8142382981733665
15,spec_15_drop_current_duration,− Current duration,C(category)[T.commentary],-0.045733333361168575,0.005499502162560931,-8.315904241752698,9.10553208553109e-17,-0.05651215953268814,-0.03495450718964901
15,spec_15_drop_current_duration,− Current duration,C(category)[T.news],-0.01541851477992796,0.016170864981663608,-0.9534749561888773,0.3403494792283598,-0.0471128277428486,0.016275798182992674
15,spec_15_drop_current_duration,− Current duration,C(category)[T.political],0.06434542917564191,0.003468208573173709,18.552929507570045,7.72260745980524e-77,0.05754786528134839,0.07114299306993543
15,spec_15_drop_current_duration,− Current duration,C(category)[T.religion],0.0024485572063458706,0.004977771466385614,0.4918982767450714,0.6227912565811702,-0.007307695591041065,0.012204810003732806
15,spec_15_drop_current_duration,− Current duration,C(category)[T.sports],0.024015741231545533,0.008716075980262071,2.7553386737254484,0.005863141068537524,0.0069325462237172265,0.04109893623937384
15,spec_15_drop_current_duration,− Current duration,agree_move,0.1803103521760242,0.0034126360325177517,52.836092234247445,0.0,0.17362170845994576,0.18699899589210264
15,spec_15_drop_current_duration,− Current duration,disagree_move,-0.1884188118579506,0.0037670569244137573,-50.01751118673976,0.0,-0.19580210775751378,-0.1810355159583874
15,spec_15_drop_current_duration,− Current duration,lag_agree_move,0.026379859802900557,0.0034602423247512863,7.6237030031694895,2.4650015211806595e-14,0.019597909468606886,0.03316181013719423
15,spec_15_drop_current_duration,− Current duration,lag_disagree_move,0.09770570607228089,0.0037454533424214026,26.086483301141595,5.190269637809144e-150,0.09036475241535978,0.105046659729202
15,spec_15_drop_current_duration,− Current duration,previous_log_assumption_count,-1.0600496408699953,0.0034539931134217683,-306.9055455700766,0.0,-1.0668193429751514,-1.0532799387648393
15,spec_15_drop_current_duration,− Current duration,timeline_position,0.27855368888969595,0.013925481659632907,20.003163674917293,5.168741281196859e-89,0.2512602463694424,0.3058471314099495
15,spec_15_drop_current_duration,− Current duration,I(timeline_position ** 2),-0.25549837915736495,0.01267891651117844,-20.151436357523398,2.6141793522490915e-90,-0.28034859888226493,-0.23064815943246497
15,spec_15_drop_current_duration,− Current duration,log_gap,0.055534518913303466,0.0008239936891046062,67.39677699916624,0.0,0.053919520959170145,0.057149516867436786
15,spec_15_drop_current_duration,− Current duration,overlap,0.06490414649268528,0.006480509245707193,10.015284915406758,1.3058510267815458e-23,0.052202581769620345,0.0776057112157502
15,spec_15_drop_current_duration,− Current duration,previous_log_duration,0.03090232540528101,0.001296352116430937,23.837910251082103,1.3516599040726412e-125,0.0283615219457941,0.03344312886476792
16,spec_16_drop_response_timing,− Gap/overlap,Intercept,1.1075277931666234,0.005021645223867471,220.55078441277251,0.0,1.0976855493847055,1.1173700369485413
16,spec_16_drop_response_timing,− Gap/overlap,C(category)[T.commentary],-0.006140737582315222,0.003248653831571097,-1.8902406660378066,0.05872578019947969,-0.012507982090432624,0.00022650692580217843
16,spec_16_drop_response_timing,− Gap/overlap,C(category)[T.news],0.006004567863181162,0.008814736391777218,0.6811965322959053,0.49574714194544645,-0.011271997997916734,0.023281133724279056
16,spec_16_drop_response_timing,− Gap/overlap,C(category)[T.political],-0.007533285251151971,0.001810584131949511,-4.160693291308509,3.1728295193660204e-05,-0.01108196494075273,-0.003984605561551212
16,spec_16_drop_response_timing,− Gap/overlap,C(category)[T.religion],0.011123723419140726,0.002760254626555562,4.029962783912325,5.5785684426822396e-05,0.005713723762931768,0.016533723075349685
16,spec_16_drop_response_timing,− Gap/overlap,C(category)[T.sports],0.032623418185727344,0.0043489133688033145,7.501510243857604,6.308669874620405e-14,0.024099704610988093,0.041147131760466596
16,spec_16_drop_response_timing,− Gap/overlap,agree_move,0.03351890540963044,0.0024112471975707224,13.901065574446282,6.240532829121545e-44,0.02879294774456869,0.038244863074692194
16,spec_16_drop_response_timing,− Gap/overlap,disagree_move,-0.04580222880003358,0.0026679725117811507,-17.167429048755753,4.6559038146333505e-66,-0.0510313588348675,-0.04057309876519966
16,spec_16_drop_response_timing,− Gap/overlap,lag_agree_move,0.01669269579214191,0.0025583606322317856,6.52476260845995,6.810932012218266e-11,0.011678401093502488,0.021706990490781335
16,spec_16_drop_response_timing,− Gap/overlap,lag_disagree_move,0.00521481908454351,0.0026171361990101013,1.9925669464645934,0.04630888761824549,8.532639184766037e-05,0.01034431177723936
16,spec_16_drop_response_timing,− Gap/overlap,previous_log_assumption_count,-0.9745248796852513,0.0023249167880474036,-419.16548785546524,0.0,-0.9790816328568767,-0.9699681265136259
16,spec_16_drop_response_timing,− Gap/overlap,timeline_position,-0.07086777850666658,0.009394322166317722,-7.543681944478652,4.568846482174995e-14,-0.08928031161181561,-0.05245524540151754
16,spec_16_drop_response_timing,− Gap/overlap,I(timeline_position ** 2),0.08950657463178387,0.008596471835565176,10.412012781973973,2.1855118492758846e-25,0.0726577994399632,0.10635534982360453
16,spec_16_drop_response_timing,− Gap/overlap,log_duration,0.25936488002068203,0.0009101786347450751,284.96041339547105,0.0,0.25758096267708386,0.2611487973642802
16,spec_16_drop_response_timing,− Gap/overlap,previous_log_duration,-0.017607211799427168,0.0008670677714257311,-20.306615445382537,1.1238715049940558e-91,-0.01930663340357701,-0.015907790195277327
17,spec_17_drop_previous_duration,− Previous duration,Intercept,1.1284661037312307,0.005077869025644568,222.23221946690265,0.0,1.118513663322756,1.1384185441397054
17,spec_17_drop_previous_duration,− Previous duration,C(category)[T.commentary],-0.006692183614694406,0.003188423741196624,-2.098900321254919,0.035825688540443996,-0.012941379314892247,-0.00044298791449656413
17,spec_17_drop_previous_duration,− Previous duration,C(category)[T.news],0.010933569662680236,0.008595799649746378,1.2719665543859942,0.20338500286075212,-0.005913888069144677,0.02778102739450515
17,spec_17_drop_previous_duration,− Previous duration,C(category)[T.political],0.01991583571071517,0.0019238877865553536,10.351869713967934,4.1039178689725546e-25,0.016145084938770194,0.023686586482660147
17,spec_17_drop_previous_duration,− Previous duration,C(category)[T.religion],0.0005720720379261018,0.0027639650604897596,0.20697513369605827,0.8360292784383617,-0.0048451999351609,0.0059893440110131025
17,spec_17_drop_previous_duration,− Previous duration,C(category)[T.sports],0.039520444909824363,0.00436483361526673,9.054284399660744,1.3746616525058977e-19,0.030965528225391815,0.04807536159425691
17,spec_17_drop_previous_duration,− Previous duration,agree_move,0.031162739725669953,0.002376408127460571,13.11337870190271,2.7602209539728468e-39,0.026505065383278965,0.03582041406806094
17,spec_17_drop_previous_duration,− Previous duration,disagree_move,-0.039760979582132934,0.0026411119104519164,-15.054636429748824,3.218639520305055e-51,-0.044937463805758464,-0.034584495358507404
17,spec_17_drop_previous_duration,− Previous duration,lag_agree_move,0.010189216685326987,0.0025270145964292204,4.0321162765441825,5.5276824233841244e-05,0.005236359087918695,0.015142074282735278
17,spec_17_drop_previous_duration,− Previous duration,lag_disagree_move,0.014584939523298614,0.0025561483308586246,5.705826750046016,1.1577971872585562e-08,0.009574980855673536,0.019594898190923693
17,spec_17_drop_previous_duration,− Previous duration,previous_log_assumption_count,-1.02382643019889,0.0017040119667293989,-600.8328874379765,0.0,-1.027166232282905,-1.020486628114875
17,spec_17_drop_previous_duration,− Previous duration,timeline_position,-0.15740983352718577,0.009591402602623391,-16.411555228025964,1.5810309081648451e-60,-0.17620863718955135,-0.13861102986482018
17,spec_17_drop_previous_duration,− Previous duration,I(timeline_position ** 2),0.16329047307306402,0.008797431108270122,18.56115393953594,6.626589540746472e-77,0.1460478249443823,0.18053312120174575
17,spec_17_drop_previous_duration,− Previous duration,log_duration,0.25478244412414425,0.0009054207124030453,281.39674809065843,0.0,0.2530078521369777,0.2565570361113108
17,spec_17_drop_previous_duration,− Previous duration,log_gap,0.03687624925219194,0.0005867423096948786,62.8491394652766,0.0,0.03572625545698413,0.03802624304739975
17,spec_17_drop_previous_duration,− Previous duration,overlap,-0.007343296753408105,0.004491370103211024,-1.6349792122804905,0.1020534054582217,-0.016146220396941656,0.0014596268901254468
