prompt,num_statements,visibility
prompt1,7,explicit
prompt1,0,explicit
prompt1,7,explicit
prompt1,5,explicit
prompt1,5,explicit
prompt1,7,explicit
prompt1,5,explicit
prompt1,8,explicit
prompt1,4,explicit
prompt1,5,explicit
prompt1,6,explicit
prompt1,5,explicit
prompt1,6,explicit
prompt1,8,explicit
prompt1,5,explicit
prompt1,4,explicit
prompt1,6,explicit
prompt1,4,explicit
prompt1,10,explicit
prompt1,0,explicit
prompt1,6,explicit
prompt1,5,explicit
prompt1,5,explicit
prompt1,5,explicit
prompt1,4,explicit
prompt1,6,explicit
prompt1,5,explicit
prompt1,9,explicit
prompt1,6,explicit
prompt1,0,explicit
prompt1,5,explicit
prompt1,8,explicit
prompt1,5,explicit
prompt1,0,explicit
prompt1,6,explicit
prompt1,9,explicit
prompt1,8,explicit
prompt1,9,explicit
prompt1,6,explicit
prompt1,0,explicit
prompt1,10,explicit
prompt1,5,explicit
prompt1,0,explicit
prompt1,10,explicit
prompt1,4,explicit
prompt1,0,explicit
prompt1,6,explicit
prompt1,8,explicit
prompt1,10,explicit
prompt1,7,explicit
prompt1,6,explicit
prompt1,5,explicit
prompt1,8,explicit
prompt1,10,explicit
prompt1,3,explicit
prompt1,10,explicit
prompt1,10,explicit
prompt1,10,explicit
prompt1,7,explicit
prompt1,5,explicit
prompt1,8,explicit
prompt1,10,explicit
prompt1,4,explicit
prompt1,7,explicit
prompt1,4,explicit
prompt1,10,explicit
prompt1,3,explicit
prompt1,0,explicit
prompt1,5,explicit
prompt1,4,explicit
prompt1,7,explicit
prompt1,3,explicit
prompt1,10,explicit
prompt1,10,explicit
prompt1,5,explicit
prompt1,6,explicit
prompt1,5,explicit
prompt1,5,explicit
prompt1,10,explicit
prompt1,7,explicit
prompt1,10,explicit
prompt1,5,explicit
prompt1,8,explicit
prompt1,6,explicit
prompt1,5,explicit
prompt1,6,explicit
prompt1,5,explicit
prompt1,10,explicit
prompt1,3,explicit
prompt1,10,explicit
prompt1,7,explicit
prompt1,7,explicit
prompt1,9,explicit
prompt1,5,explicit
prompt1,10,explicit
prompt1,3,explicit
prompt1,7,explicit
prompt1,4,explicit
prompt1,10,explicit
prompt1,7,explicit
prompt1,10,explicit
prompt1,5,explicit
prompt1,10,explicit
prompt1,5,explicit
prompt1,10,explicit
prompt1,0,explicit
prompt1,10,explicit
prompt1,4,explicit
prompt1,6,explicit
prompt1,0,explicit
prompt1,10,explicit
prompt1,4,explicit
prompt1,10,explicit
prompt1,8,explicit
prompt1,9,explicit
prompt1,0,explicit
prompt1,10,explicit
prompt1,3,explicit
prompt1,5,explicit
prompt1,5,explicit
prompt1,8,explicit
prompt1,7,explicit
prompt1,10,explicit
prompt1,10,explicit
prompt1,5,explicit
prompt1,7,explicit
prompt1,4,explicit
prompt1,5,explicit
prompt1,4,explicit
prompt1,3,explicit
prompt1,3,explicit
prompt1,6,explicit
prompt1,7,explicit
prompt1,4,explicit
prompt1,4,explicit
prompt1,0,explicit
prompt1,3,explicit
prompt1,6,explicit
prompt1,4,explicit
prompt1,7,explicit
prompt1,5,explicit
prompt1,3,explicit
prompt1,5,explicit
prompt1,5,explicit
prompt1,8,explicit
prompt1,5,explicit
prompt1,10,explicit
prompt1,6,explicit
prompt1,5,explicit
prompt1,10,explicit
prompt1,4,explicit
prompt1,8,explicit
prompt1,5,explicit
prompt1,10,explicit
prompt1,8,explicit
prompt1,7,explicit
prompt1,10,explicit
prompt1,10,explicit
prompt1,5,explicit
prompt1,5,explicit
prompt1,0,explicit
prompt1,4,explicit
prompt1,4,explicit
prompt1,3,explicit
prompt1,3,explicit
prompt1,6,explicit
prompt1,4,explicit
prompt1,10,explicit
prompt1,10,explicit
prompt1,7,explicit
prompt1,0,explicit
prompt1,8,explicit
prompt1,4,explicit
prompt1,7,explicit
prompt1,5,explicit
prompt1,4,explicit
prompt1,4,explicit
prompt1,4,explicit
prompt1,4,explicit
prompt1,8,explicit
prompt1,5,explicit
prompt1,5,explicit
prompt1,0,explicit
prompt1,5,explicit
prompt1,0,explicit
prompt1,0,explicit
prompt1,4,explicit
prompt1,5,explicit
prompt1,5,explicit
prompt1,6,explicit
prompt1,7,explicit
prompt1,4,explicit
prompt1,5,explicit
prompt1,0,explicit
prompt1,7,explicit
prompt1,2,explicit
prompt1,8,explicit
prompt1,4,explicit
prompt1,0,explicit
prompt1,5,explicit
prompt1,5,explicit
prompt1,10,explicit
prompt1,10,explicit
prompt1,5,explicit
prompt1,7,explicit
prompt1,5,explicit
prompt1,0,explicit
prompt1,7,explicit
prompt1,5,explicit
prompt1,0,explicit
prompt1,3,explicit
prompt1,5,explicit
prompt1,3,explicit
prompt1,7,explicit
prompt1,5,explicit
prompt1,10,explicit
prompt1,5,explicit
prompt1,7,explicit
prompt1,10,explicit
prompt1,0,explicit
prompt1,7,explicit
prompt1,10,explicit
prompt1,6,explicit
prompt1,7,explicit
prompt1,5,explicit
prompt1,4,explicit
prompt1,6,explicit
prompt1,5,explicit
prompt1,10,explicit
prompt1,3,explicit
prompt1,0,explicit
prompt1,8,explicit
prompt1,5,explicit
prompt1,10,explicit
prompt1,5,explicit
prompt1,0,explicit
prompt1,8,explicit
prompt1,8,explicit
prompt1,5,explicit
prompt2,6,explicit
prompt2,10,explicit
prompt2,5,explicit
prompt2,6,explicit
prompt2,6,explicit
prompt2,8,explicit
prompt2,5,explicit
prompt2,7,explicit
prompt2,7,explicit
prompt2,5,explicit
prompt2,8,explicit
prompt2,5,explicit
prompt2,7,explicit
prompt2,7,explicit
prompt2,5,explicit
prompt2,4,explicit
prompt2,4,explicit
prompt2,5,explicit
prompt2,8,explicit
prompt2,5,explicit
prompt2,7,explicit
prompt2,6,explicit
prompt2,4,explicit
prompt2,4,explicit
prompt2,6,explicit
prompt2,5,explicit
prompt2,7,explicit
prompt2,0,explicit
prompt2,8,explicit
prompt2,10,explicit
prompt2,10,explicit
prompt2,10,explicit
prompt2,6,explicit
prompt2,8,explicit
prompt2,7,explicit
prompt2,9,explicit
prompt2,7,explicit
prompt2,10,explicit
prompt2,5,explicit
prompt2,8,explicit
prompt2,10,explicit
prompt2,5,explicit
prompt2,7,explicit
prompt2,10,explicit
prompt2,5,explicit
prompt2,10,explicit
prompt2,5,explicit
prompt2,5,explicit
prompt2,8,explicit
prompt2,8,explicit
prompt2,0,explicit
prompt2,4,explicit
prompt2,0,explicit
prompt2,10,explicit
prompt2,3,explicit
prompt2,10,explicit
prompt2,10,explicit
prompt2,10,explicit
prompt2,7,explicit
prompt2,5,explicit
prompt2,7,explicit
prompt2,10,explicit
prompt2,5,explicit
prompt2,8,explicit
prompt2,4,explicit
prompt2,10,explicit
prompt2,3,explicit
prompt2,0,explicit
prompt2,0,explicit
prompt2,4,explicit
prompt2,7,explicit
prompt2,4,explicit
prompt2,5,explicit
prompt2,10,explicit
prompt2,4,explicit
prompt2,6,explicit
prompt2,5,explicit
prompt2,4,explicit
prompt2,8,explicit
prompt2,5,explicit
prompt2,10,explicit
prompt2,6,explicit
prompt2,10,explicit
prompt2,5,explicit
prompt2,5,explicit
prompt2,6,explicit
prompt2,6,explicit
prompt2,10,explicit
prompt2,4,explicit
prompt2,10,explicit
prompt2,8,explicit
prompt2,8,explicit
prompt2,10,explicit
prompt2,5,explicit
prompt2,10,explicit
prompt2,2,explicit
prompt2,7,explicit
prompt2,4,explicit
prompt2,10,explicit
prompt2,0,explicit
prompt2,10,explicit
prompt2,5,explicit
prompt2,10,explicit
prompt2,4,explicit
prompt2,10,explicit
prompt2,4,explicit
prompt2,10,explicit
prompt2,3,explicit
prompt2,5,explicit
prompt2,4,explicit
prompt2,10,explicit
prompt2,4,explicit
prompt2,10,explicit
prompt2,8,explicit
prompt2,10,explicit
prompt2,8,explicit
prompt2,8,explicit
prompt2,2,explicit
prompt2,5,explicit
prompt2,5,explicit
prompt2,7,explicit
prompt2,7,explicit
prompt2,8,explicit
prompt2,8,explicit
prompt2,4,explicit
prompt2,7,explicit
prompt2,4,explicit
prompt2,7,explicit
prompt2,4,explicit
prompt2,8,explicit
prompt2,2,explicit
prompt2,5,explicit
prompt2,7,explicit
prompt2,4,explicit
prompt2,4,explicit
prompt2,6,explicit
prompt2,5,explicit
prompt2,5,explicit
prompt2,4,explicit
prompt2,6,explicit
prompt2,6,explicit
prompt2,4,explicit
prompt2,5,explicit
prompt2,5,explicit
prompt2,10,explicit
prompt2,5,explicit
prompt2,10,explicit
prompt2,8,explicit
prompt2,5,explicit
prompt2,10,explicit
prompt2,0,explicit
prompt2,10,explicit
prompt2,5,explicit
prompt2,9,explicit
prompt2,6,explicit
prompt2,8,explicit
prompt2,10,explicit
prompt2,10,explicit
prompt2,5,explicit
prompt2,5,explicit
prompt2,4,explicit
prompt2,5,explicit
prompt2,5,explicit
prompt2,2,explicit
prompt2,3,explicit
prompt2,5,explicit
prompt2,5,explicit
prompt2,10,explicit
prompt2,10,explicit
prompt2,5,explicit
prompt2,5,explicit
prompt2,0,explicit
prompt2,7,explicit
prompt2,7,explicit
prompt2,5,explicit
prompt2,4,explicit
prompt2,5,explicit
prompt2,4,explicit
prompt2,4,explicit
prompt2,10,explicit
prompt2,4,explicit
prompt2,5,explicit
prompt2,4,explicit
prompt2,0,explicit
prompt2,8,explicit
prompt2,6,explicit
prompt2,5,explicit
prompt2,3,explicit
prompt2,5,explicit
prompt2,9,explicit
prompt2,0,explicit
prompt2,4,explicit
prompt2,5,explicit
prompt2,5,explicit
prompt2,8,explicit
prompt2,3,explicit
prompt2,7,explicit
prompt2,5,explicit
prompt2,5,explicit
prompt2,5,explicit
prompt2,7,explicit
prompt2,10,explicit
prompt2,10,explicit
prompt2,5,explicit
prompt2,7,explicit
prompt2,5,explicit
prompt2,4,explicit
prompt2,8,explicit
prompt2,5,explicit
prompt2,5,explicit
prompt2,4,explicit
prompt2,5,explicit
prompt2,2,explicit
prompt2,7,explicit
prompt2,7,explicit
prompt2,9,explicit
prompt2,5,explicit
prompt2,6,explicit
prompt2,10,explicit
prompt2,10,explicit
prompt2,8,explicit
prompt2,10,explicit
prompt2,5,explicit
prompt2,0,explicit
prompt2,5,explicit
prompt2,4,explicit
prompt2,8,explicit
prompt2,5,explicit
prompt2,10,explicit
prompt2,3,explicit
prompt2,5,explicit
prompt2,8,explicit
prompt2,3,explicit
prompt2,10,explicit
prompt2,4,explicit
prompt2,10,explicit
prompt2,8,explicit
prompt2,8,explicit
prompt2,5,explicit
prompt3,8,explicit
prompt3,10,explicit
prompt3,6,explicit
prompt3,5,explicit
prompt3,6,explicit
prompt3,8,explicit
prompt3,5,explicit
prompt3,6,explicit
prompt3,8,explicit
prompt3,5,explicit
prompt3,8,explicit
prompt3,5,explicit
prompt3,5,explicit
prompt3,7,explicit
prompt3,5,explicit
prompt3,3,explicit
prompt3,5,explicit
prompt3,5,explicit
prompt3,5,explicit
prompt3,7,explicit
prompt3,7,explicit
prompt3,6,explicit
prompt3,6,explicit
prompt3,6,explicit
prompt3,5,explicit
prompt3,7,explicit
prompt3,7,explicit
prompt3,5,explicit
prompt3,7,explicit
prompt3,10,explicit
prompt3,10,explicit
prompt3,8,explicit
prompt3,6,explicit
prompt3,10,explicit
prompt3,8,explicit
prompt3,8,explicit
prompt3,7,explicit
prompt3,10,explicit
prompt3,6,explicit
prompt3,8,explicit
prompt3,10,explicit
prompt3,5,explicit
prompt3,7,explicit
prompt3,10,explicit
prompt3,5,explicit
prompt3,8,explicit
prompt3,3,explicit
prompt3,8,explicit
prompt3,10,explicit
prompt3,10,explicit
prompt3,8,explicit
prompt3,5,explicit
prompt3,10,explicit
prompt3,8,explicit
prompt3,4,explicit
prompt3,10,explicit
prompt3,9,explicit
prompt3,10,explicit
prompt3,7,explicit
prompt3,4,explicit
prompt3,8,explicit
prompt3,10,explicit
prompt3,5,explicit
prompt3,10,explicit
prompt3,4,explicit
prompt3,10,explicit
prompt3,4,explicit
prompt3,8,explicit
prompt3,6,explicit
prompt3,4,explicit
prompt3,8,explicit
prompt3,4,explicit
prompt3,10,explicit
prompt3,10,explicit
prompt3,5,explicit
prompt3,5,explicit
prompt3,7,explicit
prompt3,5,explicit
prompt3,10,explicit
prompt3,5,explicit
prompt3,10,explicit
prompt3,6,explicit
prompt3,10,explicit
prompt3,6,explicit
prompt3,5,explicit
prompt3,6,explicit
prompt3,6,explicit
prompt3,10,explicit
prompt3,3,explicit
prompt3,10,explicit
prompt3,8,explicit
prompt3,8,explicit
prompt3,10,explicit
prompt3,6,explicit
prompt3,10,explicit
prompt3,5,explicit
prompt3,8,explicit
prompt3,4,explicit
prompt3,10,explicit
prompt3,8,explicit
prompt3,10,explicit
prompt3,5,explicit
prompt3,10,explicit
prompt3,4,explicit
prompt3,0,explicit
prompt3,4,explicit
prompt3,10,explicit
prompt3,4,explicit
prompt3,5,explicit
prompt3,3,explicit
prompt3,10,explicit
prompt3,4,explicit
prompt3,10,explicit
prompt3,10,explicit
prompt3,10,explicit
prompt3,8,explicit
prompt3,8,explicit
prompt3,4,explicit
prompt3,5,explicit
prompt3,5,explicit
prompt3,8,explicit
prompt3,7,explicit
prompt3,8,explicit
prompt3,10,explicit
prompt3,6,explicit
prompt3,8,explicit
prompt3,4,explicit
prompt3,8,explicit
prompt3,4,explicit
prompt3,5,explicit
prompt3,4,explicit
prompt3,6,explicit
prompt3,5,explicit
prompt3,5,explicit
prompt3,5,explicit
prompt3,5,explicit
prompt3,4,explicit
prompt3,4,explicit
prompt3,4,explicit
prompt3,6,explicit
prompt3,6,explicit
prompt3,5,explicit
prompt3,5,explicit
prompt3,5,explicit
prompt3,10,explicit
prompt3,5,explicit
prompt3,10,explicit
prompt3,8,explicit
prompt3,4,explicit
prompt3,10,explicit
prompt3,5,explicit
prompt3,10,explicit
prompt3,6,explicit
prompt3,5,explicit
prompt3,8,explicit
prompt3,5,explicit
prompt3,10,explicit
prompt3,8,explicit
prompt3,5,explicit
prompt3,7,explicit
prompt3,5,explicit
prompt3,5,explicit
prompt3,5,explicit
prompt3,3,explicit
prompt3,4,explicit
prompt3,6,explicit
prompt3,5,explicit
prompt3,10,explicit
prompt3,10,explicit
prompt3,5,explicit
prompt3,4,explicit
prompt3,8,explicit
prompt3,5,explicit
prompt3,6,explicit
prompt3,5,explicit
prompt3,4,explicit
prompt3,7,explicit
prompt3,4,explicit
prompt3,4,explicit
prompt3,0,explicit
prompt3,5,explicit
prompt3,5,explicit
prompt3,4,explicit
prompt3,7,explicit
prompt3,10,explicit
prompt3,6,explicit
prompt3,5,explicit
prompt3,3,explicit
prompt3,6,explicit
prompt3,6,explicit
prompt3,8,explicit
prompt3,4,explicit
prompt3,5,explicit
prompt3,5,explicit
prompt3,8,explicit
prompt3,3,explicit
prompt3,6,explicit
prompt3,5,explicit
prompt3,7,explicit
prompt3,6,explicit
prompt3,7,explicit
prompt3,10,explicit
prompt3,10,explicit
prompt3,5,explicit
prompt3,5,explicit
prompt3,5,explicit
prompt3,5,explicit
prompt3,8,explicit
prompt3,5,explicit
prompt3,7,explicit
prompt3,3,explicit
prompt3,6,explicit
prompt3,4,explicit
prompt3,10,explicit
prompt3,5,explicit
prompt3,9,explicit
prompt3,4,explicit
prompt3,6,explicit
prompt3,10,explicit
prompt3,10,explicit
prompt3,10,explicit
prompt3,10,explicit
prompt3,7,explicit
prompt3,7,explicit
prompt3,5,explicit
prompt3,5,explicit
prompt3,8,explicit
prompt3,5,explicit
prompt3,10,explicit
prompt3,4,explicit
prompt3,5,explicit
prompt3,10,explicit
prompt3,4,explicit
prompt3,10,explicit
prompt3,5,explicit
prompt3,10,explicit
prompt3,6,explicit
prompt3,10,explicit
prompt3,10,explicit
prompt4,3,explicit
prompt4,10,explicit
prompt4,2,explicit
prompt4,4,explicit
prompt4,5,explicit
prompt4,6,explicit
prompt4,0,explicit
prompt4,5,explicit
prompt4,5,explicit
prompt4,5,explicit
prompt4,5,explicit
prompt4,5,explicit
prompt4,4,explicit
prompt4,6,explicit
prompt4,3,explicit
prompt4,2,explicit
prompt4,5,explicit
prompt4,3,explicit
prompt4,5,explicit
prompt4,4,explicit
prompt4,7,explicit
prompt4,5,explicit
prompt4,3,explicit
prompt4,4,explicit
prompt4,5,explicit
prompt4,5,explicit
prompt4,0,explicit
prompt4,5,explicit
prompt4,8,explicit
prompt4,5,explicit
prompt4,5,explicit
prompt4,7,explicit
prompt4,4,explicit
prompt4,7,explicit
prompt4,5,explicit
prompt4,8,explicit
prompt4,5,explicit
prompt4,5,explicit
prompt4,3,explicit
prompt4,8,explicit
prompt4,5,explicit
prompt4,5,explicit
prompt4,5,explicit
prompt4,8,explicit
prompt4,3,explicit
prompt4,7,explicit
prompt4,3,explicit
prompt4,5,explicit
prompt4,10,explicit
prompt4,8,explicit
prompt4,6,explicit
prompt4,2,explicit
prompt4,5,explicit
prompt4,7,explicit
prompt4,3,explicit
prompt4,5,explicit
prompt4,9,explicit
prompt4,7,explicit
prompt4,7,explicit
prompt4,3,explicit
prompt4,5,explicit
prompt4,8,explicit
prompt4,3,explicit
prompt4,6,explicit
prompt4,4,explicit
prompt4,10,explicit
prompt4,3,explicit
prompt4,8,explicit
prompt4,4,explicit
prompt4,3,explicit
prompt4,5,explicit
prompt4,0,explicit
prompt4,8,explicit
prompt4,7,explicit
prompt4,3,explicit
prompt4,3,explicit
prompt4,5,explicit
prompt4,2,explicit
prompt4,8,explicit
prompt4,5,explicit
prompt4,10,explicit
prompt4,5,explicit
prompt4,7,explicit
prompt4,5,explicit
prompt4,3,explicit
prompt4,5,explicit
prompt4,4,explicit
prompt4,7,explicit
prompt4,2,explicit
prompt4,5,explicit
prompt4,0,explicit
prompt4,5,explicit
prompt4,7,explicit
prompt4,5,explicit
prompt4,8,explicit
prompt4,0,explicit
prompt4,7,explicit
prompt4,2,explicit
prompt4,10,explicit
prompt4,5,explicit
prompt4,8,explicit
prompt4,7,explicit
prompt4,8,explicit
prompt4,4,explicit
prompt4,5,explicit
prompt4,4,explicit
prompt4,10,explicit
prompt4,3,explicit
prompt4,3,explicit
prompt4,3,explicit
prompt4,8,explicit
prompt4,3,explicit
prompt4,10,explicit
prompt4,5,explicit
prompt4,8,explicit
prompt4,7,explicit
prompt4,6,explicit
prompt4,2,explicit
prompt4,5,explicit
prompt4,5,explicit
prompt4,5,explicit
prompt4,6,explicit
prompt4,5,explicit
prompt4,5,explicit
prompt4,3,explicit
prompt4,5,explicit
prompt4,3,explicit
prompt4,8,explicit
prompt4,3,explicit
prompt4,4,explicit
prompt4,2,explicit
prompt4,5,explicit
prompt4,5,explicit
prompt4,4,explicit
prompt4,3,explicit
prompt4,5,explicit
prompt4,3,explicit
prompt4,4,explicit
prompt4,3,explicit
prompt4,6,explicit
prompt4,3,explicit
prompt4,4,explicit
prompt4,4,explicit
prompt4,3,explicit
prompt4,5,explicit
prompt4,3,explicit
prompt4,8,explicit
prompt4,8,explicit
prompt4,5,explicit
prompt4,10,explicit
prompt4,4,explicit
prompt4,5,explicit
prompt4,4,explicit
prompt4,4,explicit
prompt4,5,explicit
prompt4,5,explicit
prompt4,10,explicit
prompt4,7,explicit
prompt4,4,explicit
prompt4,5,explicit
prompt4,5,explicit
prompt4,5,explicit
prompt4,4,explicit
prompt4,0,explicit
prompt4,4,explicit
prompt4,5,explicit
prompt4,0,explicit
prompt4,10,explicit
prompt4,0,explicit
prompt4,5,explicit
prompt4,5,explicit
prompt4,5,explicit
prompt4,5,explicit
prompt4,4,explicit
prompt4,6,explicit
prompt4,3,explicit
prompt4,5,explicit
prompt4,3,explicit
prompt4,2,explicit
prompt4,5,explicit
prompt4,3,explicit
prompt4,4,explicit
prompt4,3,explicit
prompt4,5,explicit
prompt4,5,explicit
prompt4,5,explicit
prompt4,5,explicit
prompt4,0,explicit
prompt4,5,explicit
prompt4,3,explicit
prompt4,7,explicit
prompt4,3,explicit
prompt4,4,explicit
prompt4,4,explicit
prompt4,4,explicit
prompt4,0,explicit
prompt4,5,explicit
prompt4,5,explicit
prompt4,3,explicit
prompt4,4,explicit
prompt4,5,explicit
prompt4,10,explicit
prompt4,10,explicit
prompt4,4,explicit
prompt4,5,explicit
prompt4,4,explicit
prompt4,3,explicit
prompt4,6,explicit
prompt4,4,explicit
prompt4,4,explicit
prompt4,2,explicit
prompt4,2,explicit
prompt4,5,explicit
prompt4,7,explicit
prompt4,6,explicit
prompt4,10,explicit
prompt4,2,explicit
prompt4,5,explicit
prompt4,8,explicit
prompt4,10,explicit
prompt4,10,explicit
prompt4,10,explicit
prompt4,3,explicit
prompt4,5,explicit
prompt4,4,explicit
prompt4,3,explicit
prompt4,5,explicit
prompt4,4,explicit
prompt4,8,explicit
prompt4,3,explicit
prompt4,0,explicit
prompt4,7,explicit
prompt4,4,explicit
prompt4,8,explicit
prompt4,4,explicit
prompt4,8,explicit
prompt4,4,explicit
prompt4,5,explicit
prompt4,4,explicit
prompt5,4,explicit
prompt5,10,explicit
prompt5,3,explicit
prompt5,4,explicit
prompt5,7,explicit
prompt5,8,explicit
prompt5,5,explicit
prompt5,4,explicit
prompt5,5,explicit
prompt5,5,explicit
prompt5,5,explicit
prompt5,8,explicit
prompt5,5,explicit
prompt5,8,explicit
prompt5,3,explicit
prompt5,4,explicit
prompt5,5,explicit
prompt5,4,explicit
prompt5,6,explicit
prompt5,5,explicit
prompt5,7,explicit
prompt5,5,explicit
prompt5,3,explicit
prompt5,4,explicit
prompt5,4,explicit
prompt5,6,explicit
prompt5,5,explicit
prompt5,6,explicit
prompt5,5,explicit
prompt5,0,explicit
prompt5,8,explicit
prompt5,8,explicit
prompt5,4,explicit
prompt5,7,explicit
prompt5,4,explicit
prompt5,7,explicit
prompt5,4,explicit
prompt5,8,explicit
prompt5,3,explicit
prompt5,6,explicit
prompt5,7,explicit
prompt5,5,explicit
prompt5,7,explicit
prompt5,10,explicit
prompt5,4,explicit
prompt5,8,explicit
prompt5,2,explicit
prompt5,6,explicit
prompt5,8,explicit
prompt5,10,explicit
prompt5,6,explicit
prompt5,3,explicit
prompt5,5,explicit
prompt5,8,explicit
prompt5,4,explicit
prompt5,8,explicit
prompt5,7,explicit
prompt5,7,explicit
prompt5,7,explicit
prompt5,3,explicit
prompt5,7,explicit
prompt5,5,explicit
prompt5,5,explicit
prompt5,7,explicit
prompt5,4,explicit
prompt5,9,explicit
prompt5,3,explicit
prompt5,6,explicit
prompt5,4,explicit
prompt5,4,explicit
prompt5,5,explicit
prompt5,2,explicit
prompt5,10,explicit
prompt5,10,explicit
prompt5,4,explicit
prompt5,4,explicit
prompt5,5,explicit
prompt5,4,explicit
prompt5,7,explicit
prompt5,4,explicit
prompt5,8,explicit
prompt5,5,explicit
prompt5,8,explicit
prompt5,4,explicit
prompt5,3,explicit
prompt5,8,explicit
prompt5,5,explicit
prompt5,6,explicit
prompt5,3,explicit
prompt5,7,explicit
prompt5,8,explicit
prompt5,7,explicit
prompt5,8,explicit
prompt5,5,explicit
prompt5,10,explicit
prompt5,4,explicit
prompt5,7,explicit
prompt5,3,explicit
prompt5,10,explicit
prompt5,8,explicit
prompt5,10,explicit
prompt5,5,explicit
prompt5,10,explicit
prompt5,4,explicit
prompt5,6,explicit
prompt5,4,explicit
prompt5,10,explicit
prompt5,4,explicit
prompt5,5,explicit
prompt5,3,explicit
prompt5,10,explicit
prompt5,4,explicit
prompt5,10,explicit
prompt5,8,explicit
prompt5,6,explicit
prompt5,8,explicit
prompt5,5,explicit
prompt5,2,explicit
prompt5,4,explicit
prompt5,4,explicit
prompt5,5,explicit
prompt5,5,explicit
prompt5,5,explicit
prompt5,5,explicit
prompt5,3,explicit
prompt5,5,explicit
prompt5,3,explicit
prompt5,5,explicit
prompt5,2,explicit
prompt5,4,explicit
prompt5,2,explicit
prompt5,5,explicit
prompt5,4,explicit
prompt5,4,explicit
prompt5,4,explicit
prompt5,5,explicit
prompt5,3,explicit
prompt5,4,explicit
prompt5,3,explicit
prompt5,5,explicit
prompt5,5,explicit
prompt5,3,explicit
prompt5,5,explicit
prompt5,4,explicit
prompt5,5,explicit
prompt5,5,explicit
prompt5,10,explicit
prompt5,0,explicit
prompt5,3,explicit
prompt5,10,explicit
prompt5,4,explicit
prompt5,5,explicit
prompt5,3,explicit
prompt5,10,explicit
prompt5,5,explicit
prompt5,5,explicit
prompt5,10,explicit
prompt5,6,explicit
prompt5,4,explicit
prompt5,6,explicit
prompt5,5,explicit
prompt5,4,explicit
prompt5,5,explicit
prompt5,2,explicit
prompt5,2,explicit
prompt5,5,explicit
prompt5,5,explicit
prompt5,10,explicit
prompt5,5,explicit
prompt5,5,explicit
prompt5,4,explicit
prompt5,6,explicit
prompt5,3,explicit
prompt5,5,explicit
prompt5,4,explicit
prompt5,3,explicit
prompt5,4,explicit
prompt5,3,explicit
prompt5,3,explicit
prompt5,5,explicit
prompt5,3,explicit
prompt5,4,explicit
prompt5,4,explicit
prompt5,2,explicit
prompt5,6,explicit
prompt5,5,explicit
prompt5,4,explicit
prompt5,2,explicit
prompt5,4,explicit
prompt5,5,explicit
prompt5,10,explicit
prompt5,3,explicit
prompt5,4,explicit
prompt5,3,explicit
prompt5,4,explicit
prompt5,2,explicit
prompt5,10,explicit
prompt5,4,explicit
prompt5,5,explicit
prompt5,3,explicit
prompt5,10,explicit
prompt5,10,explicit
prompt5,10,explicit
prompt5,4,explicit
prompt5,5,explicit
prompt5,5,explicit
prompt5,4,explicit
prompt5,8,explicit
prompt5,4,explicit
prompt5,4,explicit
prompt5,2,explicit
prompt5,4,explicit
prompt5,2,explicit
prompt5,5,explicit
prompt5,7,explicit
prompt5,9,explicit
prompt5,4,explicit
prompt5,3,explicit
prompt5,10,explicit
prompt5,0,explicit
prompt5,8,explicit
prompt5,10,explicit
prompt5,5,explicit
prompt5,4,explicit
prompt5,4,explicit
prompt5,5,explicit
prompt5,5,explicit
prompt5,4,explicit
prompt5,8,explicit
prompt5,2,explicit
prompt5,4,explicit
prompt5,8,explicit
prompt5,5,explicit
prompt5,0,explicit
prompt5,3,explicit
prompt5,8,explicit
prompt5,5,explicit
prompt5,8,explicit
prompt5,5,explicit
prompt1,5,implicit
prompt1,0,implicit
prompt1,5,implicit
prompt1,5,implicit
prompt1,5,implicit
prompt1,5,implicit
prompt1,5,implicit
prompt1,7,implicit
prompt1,4,implicit
prompt1,5,implicit
prompt1,5,implicit
prompt1,5,implicit
prompt1,5,implicit
prompt1,5,implicit
prompt1,6,implicit
prompt1,5,implicit
prompt1,5,implicit
prompt1,5,implicit
prompt1,10,implicit
prompt1,0,implicit
prompt1,5,implicit
prompt1,5,implicit
prompt1,5,implicit
prompt1,5,implicit
prompt1,5,implicit
prompt1,5,implicit
prompt1,5,implicit
prompt1,7,implicit
prompt1,5,implicit
prompt1,0,implicit
prompt1,5,implicit
prompt1,5,implicit
prompt1,5,implicit
prompt1,0,implicit
prompt1,5,implicit
prompt1,7,implicit
prompt1,8,implicit
prompt1,7,implicit
prompt1,5,implicit
prompt1,0,implicit
prompt1,10,implicit
prompt1,5,implicit
prompt1,0,implicit
prompt1,10,implicit
prompt1,4,implicit
prompt1,0,implicit
prompt1,5,implicit
prompt1,5,implicit
prompt1,10,implicit
prompt1,7,implicit
prompt1,5,implicit
prompt1,5,implicit
prompt1,8,implicit
prompt1,10,implicit
prompt1,4,implicit
prompt1,10,implicit
prompt1,10,implicit
prompt1,10,implicit
prompt1,6,implicit
prompt1,5,implicit
prompt1,6,implicit
prompt1,10,implicit
prompt1,4,implicit
prompt1,5,implicit
prompt1,4,implicit
prompt1,10,implicit
prompt1,4,implicit
prompt1,0,implicit
prompt1,5,implicit
prompt1,5,implicit
prompt1,5,implicit
prompt1,4,implicit
prompt1,10,implicit
prompt1,8,implicit
prompt1,5,implicit
prompt1,5,implicit
prompt1,5,implicit
prompt1,5,implicit
prompt1,10,implicit
prompt1,6,implicit
prompt1,10,implicit
prompt1,5,implicit
prompt1,5,implicit
prompt1,5,implicit
prompt1,5,implicit
prompt1,5,implicit
prompt1,4,implicit
prompt1,10,implicit
prompt1,4,implicit
prompt1,10,implicit
prompt1,7,implicit
prompt1,5,implicit
prompt1,9,implicit
prompt1,5,implicit
prompt1,10,implicit
prompt1,4,implicit
prompt1,6,implicit
prompt1,5,implicit
prompt1,10,implicit
prompt1,5,implicit
prompt1,10,implicit
prompt1,5,implicit
prompt1,10,implicit
prompt1,4,implicit
prompt1,10,implicit
prompt1,0,implicit
prompt1,10,implicit
prompt1,4,implicit
prompt1,5,implicit
prompt1,0,implicit
prompt1,10,implicit
prompt1,4,implicit
prompt1,10,implicit
prompt1,8,implicit
prompt1,7,implicit
prompt1,0,implicit
prompt1,10,implicit
prompt1,4,implicit
prompt1,5,implicit
prompt1,5,implicit
prompt1,8,implicit
prompt1,5,implicit
prompt1,8,implicit
prompt1,10,implicit
prompt1,5,implicit
prompt1,7,implicit
prompt1,4,implicit
prompt1,5,implicit
prompt1,4,implicit
prompt1,3,implicit
prompt1,4,implicit
prompt1,5,implicit
prompt1,6,implicit
prompt1,4,implicit
prompt1,4,implicit
prompt1,0,implicit
prompt1,4,implicit
prompt1,5,implicit
prompt1,5,implicit
prompt1,6,implicit
prompt1,5,implicit
prompt1,3,implicit
prompt1,5,implicit
prompt1,5,implicit
prompt1,5,implicit
prompt1,5,implicit
prompt1,10,implicit
prompt1,5,implicit
prompt1,5,implicit
prompt1,10,implicit
prompt1,4,implicit
prompt1,6,implicit
prompt1,5,implicit
prompt1,5,implicit
prompt1,7,implicit
prompt1,5,implicit
prompt1,10,implicit
prompt1,10,implicit
prompt1,5,implicit
prompt1,5,implicit
prompt1,0,implicit
prompt1,4,implicit
prompt1,4,implicit
prompt1,4,implicit
prompt1,4,implicit
prompt1,6,implicit
prompt1,4,implicit
prompt1,10,implicit
prompt1,10,implicit
prompt1,5,implicit
prompt1,0,implicit
prompt1,5,implicit
prompt1,5,implicit
prompt1,5,implicit
prompt1,5,implicit
prompt1,4,implicit
prompt1,4,implicit
prompt1,4,implicit
prompt1,4,implicit
prompt1,5,implicit
prompt1,5,implicit
prompt1,5,implicit
prompt1,0,implicit
prompt1,5,implicit
prompt1,0,implicit
prompt1,0,implicit
prompt1,4,implicit
prompt1,5,implicit
prompt1,5,implicit
prompt1,5,implicit
prompt1,5,implicit
prompt1,4,implicit
prompt1,5,implicit
prompt1,0,implicit
prompt1,7,implicit
prompt1,4,implicit
prompt1,7,implicit
prompt1,5,implicit
prompt1,0,implicit
prompt1,5,implicit
prompt1,5,implicit
prompt1,10,implicit
prompt1,10,implicit
prompt1,5,implicit
prompt1,10,implicit
prompt1,5,implicit
prompt1,0,implicit
prompt1,5,implicit
prompt1,4,implicit
prompt1,0,implicit
prompt1,3,implicit
prompt1,5,implicit
prompt1,4,implicit
prompt1,6,implicit
prompt1,5,implicit
prompt1,10,implicit
prompt1,5,implicit
prompt1,5,implicit
prompt1,10,implicit
prompt1,0,implicit
prompt1,6,implicit
prompt1,10,implicit
prompt1,5,implicit
prompt1,6,implicit
prompt1,5,implicit
prompt1,4,implicit
prompt1,6,implicit
prompt1,5,implicit
prompt1,10,implicit
prompt1,3,implicit
prompt1,0,implicit
prompt1,7,implicit
prompt1,5,implicit
prompt1,10,implicit
prompt1,5,implicit
prompt1,0,implicit
prompt1,6,implicit
prompt1,8,implicit
prompt1,5,implicit
prompt2,5,implicit
prompt2,10,implicit
prompt2,5,implicit
prompt2,5,implicit
prompt2,5,implicit
prompt2,5,implicit
prompt2,4,implicit
prompt2,5,implicit
prompt2,5,implicit
prompt2,5,implicit
prompt2,10,implicit
prompt2,5,implicit
prompt2,5,implicit
prompt2,5,implicit
prompt2,5,implicit
prompt2,5,implicit
prompt2,4,implicit
prompt2,5,implicit
prompt2,10,implicit
prompt2,5,implicit
prompt2,10,implicit
prompt2,10,implicit
prompt2,5,implicit
prompt2,4,implicit
prompt2,5,implicit
prompt2,5,implicit
prompt2,6,implicit
prompt2,0,implicit
prompt2,5,implicit
prompt2,10,implicit
prompt2,10,implicit
prompt2,10,implicit
prompt2,5,implicit
prompt2,10,implicit
prompt2,10,implicit
prompt2,8,implicit
prompt2,5,implicit
prompt2,10,implicit
prompt2,5,implicit
prompt2,5,implicit
prompt2,10,implicit
prompt2,5,implicit
prompt2,5,implicit
prompt2,10,implicit
prompt2,10,implicit
prompt2,10,implicit
prompt2,5,implicit
prompt2,4,implicit
prompt2,10,implicit
prompt2,8,implicit
prompt2,0,implicit
prompt2,4,implicit
prompt2,0,implicit
prompt2,10,implicit
prompt2,5,implicit
prompt2,10,implicit
prompt2,10,implicit
prompt2,10,implicit
prompt2,5,implicit
prompt2,5,implicit
prompt2,5,implicit
prompt2,10,implicit
prompt2,5,implicit
prompt2,5,implicit
prompt2,5,implicit
prompt2,10,implicit
prompt2,4,implicit
prompt2,0,implicit
prompt2,0,implicit
prompt2,5,implicit
prompt2,5,implicit
prompt2,4,implicit
prompt2,5,implicit
prompt2,10,implicit
prompt2,4,implicit
prompt2,5,implicit
prompt2,5,implicit
prompt2,5,implicit
prompt2,10,implicit
prompt2,5,implicit
prompt2,10,implicit
prompt2,5,implicit
prompt2,10,implicit
prompt2,5,implicit
prompt2,5,implicit
prompt2,5,implicit
prompt2,5,implicit
prompt2,10,implicit
prompt2,4,implicit
prompt2,10,implicit
prompt2,10,implicit
prompt2,5,implicit
prompt2,10,implicit
prompt2,5,implicit
prompt2,10,implicit
prompt2,7,implicit
prompt2,6,implicit
prompt2,5,implicit
prompt2,10,implicit
prompt2,0,implicit
prompt2,10,implicit
prompt2,5,implicit
prompt2,10,implicit
prompt2,4,implicit
prompt2,10,implicit
prompt2,4,implicit
prompt2,10,implicit
prompt2,5,implicit
prompt2,5,implicit
prompt2,4,implicit
prompt2,10,implicit
prompt2,4,implicit
prompt2,10,implicit
prompt2,10,implicit
prompt2,10,implicit
prompt2,10,implicit
prompt2,10,implicit
prompt2,4,implicit
prompt2,10,implicit
prompt2,5,implicit
prompt2,5,implicit
prompt2,5,implicit
prompt2,8,implicit
prompt2,8,implicit
prompt2,4,implicit
prompt2,4,implicit
prompt2,4,implicit
prompt2,10,implicit
prompt2,5,implicit
prompt2,5,implicit
prompt2,5,implicit
prompt2,5,implicit
prompt2,5,implicit
prompt2,4,implicit
prompt2,5,implicit
prompt2,5,implicit
prompt2,5,implicit
prompt2,5,implicit
prompt2,5,implicit
prompt2,10,implicit
prompt2,5,implicit
prompt2,4,implicit
prompt2,5,implicit
prompt2,5,implicit
prompt2,10,implicit
prompt2,5,implicit
prompt2,10,implicit
prompt2,10,implicit
prompt2,5,implicit
prompt2,10,implicit
prompt2,0,implicit
prompt2,10,implicit
prompt2,5,implicit
prompt2,5,implicit
prompt2,10,implicit
prompt2,7,implicit
prompt2,10,implicit
prompt2,10,implicit
prompt2,5,implicit
prompt2,10,implicit
prompt2,5,implicit
prompt2,3,implicit
prompt2,5,implicit
prompt2,2,implicit
prompt2,4,implicit
prompt2,5,implicit
prompt2,5,implicit
prompt2,10,implicit
prompt2,10,implicit
prompt2,5,implicit
prompt2,5,implicit
prompt2,0,implicit
prompt2,6,implicit
prompt2,5,implicit
prompt2,5,implicit
prompt2,4,implicit
prompt2,5,implicit
prompt2,4,implicit
prompt2,4,implicit
prompt2,10,implicit
prompt2,4,implicit
prompt2,10,implicit
prompt2,4,implicit
prompt2,0,implicit
prompt2,10,implicit
prompt2,5,implicit
prompt2,10,implicit
prompt2,4,implicit
prompt2,5,implicit
prompt2,5,implicit
prompt2,0,implicit
prompt2,4,implicit
prompt2,5,implicit
prompt2,5,implicit
prompt2,7,implicit
prompt2,4,implicit
prompt2,10,implicit
prompt2,5,implicit
prompt2,5,implicit
prompt2,5,implicit
prompt2,5,implicit
prompt2,10,implicit
prompt2,10,implicit
prompt2,5,implicit
prompt2,5,implicit
prompt2,10,implicit
prompt2,5,implicit
prompt2,10,implicit
prompt2,5,implicit
prompt2,10,implicit
prompt2,5,implicit
prompt2,5,implicit
prompt2,2,implicit
prompt2,5,implicit
prompt2,5,implicit
prompt2,10,implicit
prompt2,4,implicit
prompt2,5,implicit
prompt2,10,implicit
prompt2,10,implicit
prompt2,10,implicit
prompt2,10,implicit
prompt2,4,implicit
prompt2,0,implicit
prompt2,5,implicit
prompt2,4,implicit
prompt2,7,implicit
prompt2,5,implicit
prompt2,10,implicit
prompt2,5,implicit
prompt2,5,implicit
prompt2,5,implicit
prompt2,4,implicit
prompt2,10,implicit
prompt2,4,implicit
prompt2,10,implicit
prompt2,7,implicit
prompt2,10,implicit
prompt2,5,implicit
prompt3,7,implicit
prompt3,10,implicit
prompt3,6,implicit
prompt3,5,implicit
prompt3,10,implicit
prompt3,8,implicit
prompt3,9,implicit
prompt3,5,implicit
prompt3,10,implicit
prompt3,8,implicit
prompt3,8,implicit
prompt3,5,implicit
prompt3,5,implicit
prompt3,6,implicit
prompt3,5,implicit
prompt3,5,implicit
prompt3,10,implicit
prompt3,10,implicit
prompt3,5,implicit
prompt3,10,implicit
prompt3,7,implicit
prompt3,6,implicit
prompt3,10,implicit
prompt3,7,implicit
prompt3,5,implicit
prompt3,5,implicit
prompt3,8,implicit
prompt3,5,implicit
prompt3,7,implicit
prompt3,10,implicit
prompt3,10,implicit
prompt3,10,implicit
prompt3,6,implicit
prompt3,10,implicit
prompt3,10,implicit
prompt3,8,implicit
prompt3,7,implicit
prompt3,10,implicit
prompt3,8,implicit
prompt3,7,implicit
prompt3,10,implicit
prompt3,10,implicit
prompt3,5,implicit
prompt3,10,implicit
prompt3,5,implicit
prompt3,8,implicit
prompt3,4,implicit
prompt3,6,implicit
prompt3,10,implicit
prompt3,10,implicit
prompt3,8,implicit
prompt3,5,implicit
prompt3,10,implicit
prompt3,9,implicit
prompt3,4,implicit
prompt3,10,implicit
prompt3,10,implicit
prompt3,10,implicit
prompt3,5,implicit
prompt3,6,implicit
prompt3,10,implicit
prompt3,10,implicit
prompt3,5,implicit
prompt3,10,implicit
prompt3,7,implicit
prompt3,10,implicit
prompt3,5,implicit
prompt3,10,implicit
prompt3,6,implicit
prompt3,8,implicit
prompt3,10,implicit
prompt3,5,implicit
prompt3,10,implicit
prompt3,10,implicit
prompt3,5,implicit
prompt3,5,implicit
prompt3,7,implicit
prompt3,5,implicit
prompt3,10,implicit
prompt3,7,implicit
prompt3,10,implicit
prompt3,6,implicit
prompt3,10,implicit
prompt3,6,implicit
prompt3,5,implicit
prompt3,6,implicit
prompt3,6,implicit
prompt3,10,implicit
prompt3,5,implicit
prompt3,10,implicit
prompt3,10,implicit
prompt3,10,implicit
prompt3,10,implicit
prompt3,8,implicit
prompt3,10,implicit
prompt3,5,implicit
prompt3,10,implicit
prompt3,5,implicit
prompt3,10,implicit
prompt3,10,implicit
prompt3,10,implicit
prompt3,8,implicit
prompt3,10,implicit
prompt3,5,implicit
prompt3,0,implicit
prompt3,5,implicit
prompt3,10,implicit
prompt3,4,implicit
prompt3,10,implicit
prompt3,4,implicit
prompt3,10,implicit
prompt3,5,implicit
prompt3,10,implicit
prompt3,10,implicit
prompt3,10,implicit
prompt3,10,implicit
prompt3,9,implicit
prompt3,5,implicit
prompt3,10,implicit
prompt3,5,implicit
prompt3,8,implicit
prompt3,5,implicit
prompt3,8,implicit
prompt3,10,implicit
prompt3,8,implicit
prompt3,10,implicit
prompt3,5,implicit
prompt3,5,implicit
prompt3,5,implicit
prompt3,10,implicit
prompt3,5,implicit
prompt3,6,implicit
prompt3,10,implicit
prompt3,10,implicit
prompt3,7,implicit
prompt3,5,implicit
prompt3,5,implicit
prompt3,5,implicit
prompt3,5,implicit
prompt3,10,implicit
prompt3,7,implicit
prompt3,9,implicit
prompt3,10,implicit
prompt3,5,implicit
prompt3,10,implicit
prompt3,6,implicit
prompt3,10,implicit
prompt3,8,implicit
prompt3,5,implicit
prompt3,10,implicit
prompt3,5,implicit
prompt3,10,implicit
prompt3,6,implicit
prompt3,5,implicit
prompt3,7,implicit
prompt3,5,implicit
prompt3,10,implicit
prompt3,10,implicit
prompt3,8,implicit
prompt3,7,implicit
prompt3,4,implicit
prompt3,5,implicit
prompt3,6,implicit
prompt3,5,implicit
prompt3,5,implicit
prompt3,10,implicit
prompt3,5,implicit
prompt3,7,implicit
prompt3,10,implicit
prompt3,5,implicit
prompt3,4,implicit
prompt3,10,implicit
prompt3,8,implicit
prompt3,7,implicit
prompt3,5,implicit
prompt3,5,implicit
prompt3,7,implicit
prompt3,4,implicit
prompt3,5,implicit
prompt3,0,implicit
prompt3,5,implicit
prompt3,10,implicit
prompt3,5,implicit
prompt3,7,implicit
prompt3,10,implicit
prompt3,10,implicit
prompt3,8,implicit
prompt3,5,implicit
prompt3,8,implicit
prompt3,5,implicit
prompt3,6,implicit
prompt3,5,implicit
prompt3,5,implicit
prompt3,5,implicit
prompt3,10,implicit
prompt3,4,implicit
prompt3,8,implicit
prompt3,10,implicit
prompt3,6,implicit
prompt3,6,implicit
prompt3,10,implicit
prompt3,10,implicit
prompt3,10,implicit
prompt3,5,implicit
prompt3,5,implicit
prompt3,9,implicit
prompt3,5,implicit
prompt3,10,implicit
prompt3,5,implicit
prompt3,7,implicit
prompt3,4,implicit
prompt3,9,implicit
prompt3,5,implicit
prompt3,10,implicit
prompt3,10,implicit
prompt3,8,implicit
prompt3,5,implicit
prompt3,5,implicit
prompt3,10,implicit
prompt3,10,implicit
prompt3,10,implicit
prompt3,10,implicit
prompt3,10,implicit
prompt3,7,implicit
prompt3,10,implicit
prompt3,5,implicit
prompt3,8,implicit
prompt3,10,implicit
prompt3,10,implicit
prompt3,5,implicit
prompt3,5,implicit
prompt3,10,implicit
prompt3,5,implicit
prompt3,10,implicit
prompt3,5,implicit
prompt3,10,implicit
prompt3,10,implicit
prompt3,10,implicit
prompt3,10,implicit
prompt4,3,implicit
prompt4,10,implicit
prompt4,3,implicit
prompt4,4,implicit
prompt4,5,implicit
prompt4,5,implicit
prompt4,0,implicit
prompt4,5,implicit
prompt4,5,implicit
prompt4,5,implicit
prompt4,5,implicit
prompt4,5,implicit
prompt4,4,implicit
prompt4,5,implicit
prompt4,4,implicit
prompt4,3,implicit
prompt4,5,implicit
prompt4,3,implicit
prompt4,5,implicit
prompt4,4,implicit
prompt4,10,implicit
prompt4,5,implicit
prompt4,4,implicit
prompt4,4,implicit
prompt4,5,implicit
prompt4,5,implicit
prompt4,0,implicit
prompt4,5,implicit
prompt4,10,implicit
prompt4,5,implicit
prompt4,10,implicit
prompt4,5,implicit
prompt4,4,implicit
prompt4,5,implicit
prompt4,5,implicit
prompt4,5,implicit
prompt4,4,implicit
prompt4,10,implicit
prompt4,3,implicit
prompt4,5,implicit
prompt4,10,implicit
prompt4,5,implicit
prompt4,4,implicit
prompt4,10,implicit
prompt4,4,implicit
prompt4,10,implicit
prompt4,4,implicit
prompt4,5,implicit
prompt4,10,implicit
prompt4,5,implicit
prompt4,4,implicit
prompt4,3,implicit
prompt4,5,implicit
prompt4,6,implicit
prompt4,4,implicit
prompt4,5,implicit
prompt4,5,implicit
prompt4,8,implicit
prompt4,5,implicit
prompt4,3,implicit
prompt4,5,implicit
prompt4,10,implicit
prompt4,4,implicit
prompt4,10,implicit
prompt4,4,implicit
prompt4,10,implicit
prompt4,4,implicit
prompt4,10,implicit
prompt4,4,implicit
prompt4,5,implicit
prompt4,7,implicit
prompt4,0,implicit
prompt4,10,implicit
prompt4,5,implicit
prompt4,3,implicit
prompt4,5,implicit
prompt4,5,implicit
prompt4,3,implicit
prompt4,8,implicit
prompt4,10,implicit
prompt4,10,implicit
prompt4,8,implicit
prompt4,10,implicit
prompt4,5,implicit
prompt4,4,implicit
prompt4,5,implicit
prompt4,4,implicit
prompt4,5,implicit
prompt4,2,implicit
prompt4,5,implicit
prompt4,0,implicit
prompt4,5,implicit
prompt4,6,implicit
prompt4,5,implicit
prompt4,10,implicit
prompt4,0,implicit
prompt4,10,implicit
prompt4,3,implicit
prompt4,10,implicit
prompt4,5,implicit
prompt4,7,implicit
prompt4,5,implicit
prompt4,10,implicit
prompt4,3,implicit
prompt4,5,implicit
prompt4,4,implicit
prompt4,10,implicit
prompt4,4,implicit
prompt4,4,implicit
prompt4,3,implicit
prompt4,10,implicit
prompt4,3,implicit
prompt4,10,implicit
prompt4,5,implicit
prompt4,10,implicit
prompt4,8,implicit
prompt4,10,implicit
prompt4,3,implicit
prompt4,5,implicit
prompt4,5,implicit
prompt4,5,implicit
prompt4,3,implicit
prompt4,5,implicit
prompt4,5,implicit
prompt4,3,implicit
prompt4,5,implicit
prompt4,4,implicit
prompt4,10,implicit
prompt4,4,implicit
prompt4,3,implicit
prompt4,4,implicit
prompt4,7,implicit
prompt4,5,implicit
prompt4,4,implicit
prompt4,4,implicit
prompt4,5,implicit
prompt4,4,implicit
prompt4,4,implicit
prompt4,4,implicit
prompt4,5,implicit
prompt4,4,implicit
prompt4,5,implicit
prompt4,4,implicit
prompt4,3,implicit
prompt4,4,implicit
prompt4,3,implicit
prompt4,10,implicit
prompt4,5,implicit
prompt4,5,implicit
prompt4,10,implicit
prompt4,4,implicit
prompt4,4,implicit
prompt4,4,implicit
prompt4,4,implicit
prompt4,5,implicit
prompt4,5,implicit
prompt4,10,implicit
prompt4,5,implicit
prompt4,4,implicit
prompt4,5,implicit
prompt4,9,implicit
prompt4,4,implicit
prompt4,5,implicit
prompt4,0,implicit
prompt4,4,implicit
prompt4,10,implicit
prompt4,0,implicit
prompt4,10,implicit
prompt4,0,implicit
prompt4,5,implicit
prompt4,5,implicit
prompt4,5,implicit
prompt4,5,implicit
prompt4,4,implicit
prompt4,5,implicit
prompt4,3,implicit
prompt4,5,implicit
prompt4,3,implicit
prompt4,3,implicit
prompt4,10,implicit
prompt4,4,implicit
prompt4,4,implicit
prompt4,4,implicit
prompt4,7,implicit
prompt4,5,implicit
prompt4,5,implicit
prompt4,5,implicit
prompt4,0,implicit
prompt4,10,implicit
prompt4,3,implicit
prompt4,5,implicit
prompt4,3,implicit
prompt4,4,implicit
prompt4,4,implicit
prompt4,5,implicit
prompt4,0,implicit
prompt4,7,implicit
prompt4,10,implicit
prompt4,4,implicit
prompt4,4,implicit
prompt4,5,implicit
prompt4,10,implicit
prompt4,10,implicit
prompt4,5,implicit
prompt4,5,implicit
prompt4,4,implicit
prompt4,4,implicit
prompt4,5,implicit
prompt4,4,implicit
prompt4,4,implicit
prompt4,2,implicit
prompt4,3,implicit
prompt4,5,implicit
prompt4,6,implicit
prompt4,5,implicit
prompt4,10,implicit
prompt4,5,implicit
prompt4,5,implicit
prompt4,10,implicit
prompt4,10,implicit
prompt4,10,implicit
prompt4,10,implicit
prompt4,3,implicit
prompt4,4,implicit
prompt4,5,implicit
prompt4,4,implicit
prompt4,5,implicit
prompt4,4,implicit
prompt4,10,implicit
prompt4,3,implicit
prompt4,0,implicit
prompt4,10,implicit
prompt4,5,implicit
prompt4,10,implicit
prompt4,4,implicit
prompt4,8,implicit
prompt4,4,implicit
prompt4,5,implicit
prompt4,4,implicit
prompt5,3,implicit
prompt5,10,implicit
prompt5,3,implicit
prompt5,3,implicit
prompt5,5,implicit
prompt5,4,implicit
prompt5,5,implicit
prompt5,4,implicit
prompt5,5,implicit
prompt5,5,implicit
prompt5,5,implicit
prompt5,5,implicit
prompt5,4,implicit
prompt5,5,implicit
prompt5,3,implicit
prompt5,4,implicit
prompt5,4,implicit
prompt5,4,implicit
prompt5,3,implicit
prompt5,5,implicit
prompt5,6,implicit
prompt5,4,implicit
prompt5,4,implicit
prompt5,3,implicit
prompt5,4,implicit
prompt5,5,implicit
prompt5,4,implicit
prompt5,4,implicit
prompt5,5,implicit
prompt5,0,implicit
prompt5,5,implicit
prompt5,5,implicit
prompt5,4,implicit
prompt5,5,implicit
prompt5,4,implicit
prompt5,5,implicit
prompt5,3,implicit
prompt5,5,implicit
prompt5,3,implicit
prompt5,4,implicit
prompt5,5,implicit
prompt5,5,implicit
prompt5,4,implicit
prompt5,10,implicit
prompt5,3,implicit
prompt5,5,implicit
prompt5,2,implicit
prompt5,4,implicit
prompt5,5,implicit
prompt5,10,implicit
prompt5,3,implicit
prompt5,3,implicit
prompt5,4,implicit
prompt5,5,implicit
prompt5,4,implicit
prompt5,5,implicit
prompt5,5,implicit
prompt5,5,implicit
prompt5,5,implicit
prompt5,3,implicit
prompt5,4,implicit
prompt5,5,implicit
prompt5,5,implicit
prompt5,4,implicit
prompt5,3,implicit
prompt5,6,implicit
prompt5,3,implicit
prompt5,5,implicit
prompt5,4,implicit
prompt5,4,implicit
prompt5,5,implicit
prompt5,2,implicit
prompt5,10,implicit
prompt5,5,implicit
prompt5,4,implicit
prompt5,4,implicit
prompt5,5,implicit
prompt5,4,implicit
prompt5,5,implicit
prompt5,4,implicit
prompt5,5,implicit
prompt5,4,implicit
prompt5,8,implicit
prompt5,3,implicit
prompt5,3,implicit
prompt5,4,implicit
prompt5,4,implicit
prompt5,5,implicit
prompt5,3,implicit
prompt5,5,implicit
prompt5,5,implicit
prompt5,5,implicit
prompt5,6,implicit
prompt5,5,implicit
prompt5,10,implicit
prompt5,4,implicit
prompt5,4,implicit
prompt5,3,implicit
prompt5,10,implicit
prompt5,6,implicit
prompt5,10,implicit
prompt5,5,implicit
prompt5,10,implicit
prompt5,3,implicit
prompt5,4,implicit
prompt5,4,implicit
prompt5,10,implicit
prompt5,4,implicit
prompt5,4,implicit
prompt5,3,implicit
prompt5,10,implicit
prompt5,4,implicit
prompt5,10,implicit
prompt5,5,implicit
prompt5,6,implicit
prompt5,5,implicit
prompt5,5,implicit
prompt5,2,implicit
prompt5,4,implicit
prompt5,4,implicit
prompt5,4,implicit
prompt5,3,implicit
prompt5,3,implicit
prompt5,4,implicit
prompt5,3,implicit
prompt5,5,implicit
prompt5,3,implicit
prompt5,5,implicit
prompt5,2,implicit
prompt5,4,implicit
prompt5,2,implicit
prompt5,4,implicit
prompt5,4,implicit
prompt5,4,implicit
prompt5,4,implicit
prompt5,5,implicit
prompt5,3,implicit
prompt5,4,implicit
prompt5,3,implicit
prompt5,4,implicit
prompt5,4,implicit
prompt5,3,implicit
prompt5,5,implicit
prompt5,4,implicit
prompt5,4,implicit
prompt5,4,implicit
prompt5,10,implicit
prompt5,0,implicit
prompt5,3,implicit
prompt5,10,implicit
prompt5,4,implicit
prompt5,4,implicit
prompt5,3,implicit
prompt5,5,implicit
prompt5,4,implicit
prompt5,4,implicit
prompt5,10,implicit
prompt5,4,implicit
prompt5,4,implicit
prompt5,4,implicit
prompt5,5,implicit
prompt5,3,implicit
prompt5,4,implicit
prompt5,2,implicit
prompt5,3,implicit
prompt5,5,implicit
prompt5,4,implicit
prompt5,5,implicit
prompt5,5,implicit
prompt5,4,implicit
prompt5,4,implicit
prompt5,5,implicit
prompt5,3,implicit
prompt5,4,implicit
prompt5,3,implicit
prompt5,3,implicit
prompt5,3,implicit
prompt5,3,implicit
prompt5,3,implicit
prompt5,5,implicit
prompt5,3,implicit
prompt5,4,implicit
prompt5,3,implicit
prompt5,2,implicit
prompt5,5,implicit
prompt5,5,implicit
prompt5,4,implicit
prompt5,2,implicit
prompt5,4,implicit
prompt5,5,implicit
prompt5,10,implicit
prompt5,3,implicit
prompt5,4,implicit
prompt5,3,implicit
prompt5,4,implicit
prompt5,2,implicit
prompt5,10,implicit
prompt5,4,implicit
prompt5,5,implicit
prompt5,3,implicit
prompt5,10,implicit
prompt5,10,implicit
prompt5,10,implicit
prompt5,4,implicit
prompt5,5,implicit
prompt5,4,implicit
prompt5,4,implicit
prompt5,5,implicit
prompt5,3,implicit
prompt5,4,implicit
prompt5,2,implicit
prompt5,3,implicit
prompt5,3,implicit
prompt5,4,implicit
prompt5,5,implicit
prompt5,5,implicit
prompt5,4,implicit
prompt5,3,implicit
prompt5,10,implicit
prompt5,0,implicit
prompt5,8,implicit
prompt5,10,implicit
prompt5,4,implicit
prompt5,4,implicit
prompt5,4,implicit
prompt5,4,implicit
prompt5,4,implicit
prompt5,4,implicit
prompt5,8,implicit
prompt5,2,implicit
prompt5,4,implicit
prompt5,5,implicit
prompt5,4,implicit
prompt5,0,implicit
prompt5,3,implicit
prompt5,5,implicit
prompt5,5,implicit
prompt5,8,implicit
prompt5,4,implicit
