prompt,episode_key,turn_num,exp_count,imp_count,ep_im_similarity,diversity_exp,diversity_imp,redundancy_imp
prompt1,177_Surviving_and_thriving_in_a_changing_world_A_94335be5a4,1,8,7,0.22278892993927002,0.6274509803921569,0.7373737373737373,0.2556050419807434
prompt1,177_Surviving_and_thriving_in_a_changing_world_A_94335be5a4,2,10,10,0.2408405989408493,0.7685185185185185,0.7985074626865671,0.3161989152431488
prompt1,177_Surviving_and_thriving_in_a_changing_world_A_94335be5a4,3,7,6,0.28809159994125366,0.6857142857142857,0.7704918032786885,0.36692535877227783
prompt1,Augmented_Intelligence_with_AI_in_Manufacturing__846df0f35c,1,4,4,0.24211156368255615,0.7962962962962963,0.9259259259259259,0.19797256588935852
prompt1,Augmented_Intelligence_with_AI_in_Manufacturing__846df0f35c,2,6,5,0.4216170907020569,0.7377049180327869,0.7924528301886793,0.4921426773071289
prompt1,Augmented_Intelligence_with_AI_in_Manufacturing__846df0f35c,3,0,0,0.0,0.0,0.0,0.0
prompt1,Augmented_Intelligence_with_AI_in_Manufacturing__846df0f35c,4,10,10,0.18982307612895966,0.7608695652173914,0.9207920792079208,0.2493772804737091
prompt1,Augmented_Intelligence_with_AI_in_Manufacturing__846df0f35c,5,5,5,0.30655211210250854,0.7719298245614035,0.8813559322033898,0.351996511220932
prompt1,Augmented_Intelligence_with_AI_in_Manufacturing__846df0f35c,6,9,7,0.2753314673900604,0.8584905660377359,0.8461538461538461,0.2558848559856415
prompt1,Augmented_Intelligence_with_AI_in_Manufacturing__846df0f35c,7,9,8,0.22559233009815216,0.6797385620915033,0.8247422680412371,0.3325679898262024
prompt1,Augmented_Intelligence_with_AI_in_Manufacturing__846df0f35c,8,10,10,0.2898063063621521,0.7520661157024794,0.8062015503875969,0.368559330701828
prompt1,Augmented_Intelligence_with_AI_in_Manufacturing__846df0f35c,9,7,6,0.3493313789367676,0.7848101265822784,0.8208955223880597,0.3031594157218933
prompt1,Augmented_Intelligence_with_AI_in_Manufacturing__846df0f35c,10,10,10,0.26313257217407227,0.7762237762237763,0.8214285714285714,0.272062212228775
prompt1,Augmented_Intelligence_with_AI_in_Manufacturing__846df0f35c,11,8,6,0.3020452558994293,0.821917808219178,0.8166666666666667,0.2870115041732788
prompt1,Augmented_Intelligence_with_AI_in_Manufacturing__846df0f35c,12,9,7,0.2060825228691101,0.7948717948717948,0.788235294117647,0.171579048037529
prompt1,Augmented_Intelligence_with_AI_in_Manufacturing__846df0f35c,13,10,10,0.2860834300518036,0.5632183908045977,0.6435643564356436,0.30832552909851074
prompt1,Augmented_Intelligence_with_AI_in_Manufacturing__846df0f35c,14,10,10,0.33958202600479126,0.6761904761904762,0.8035714285714286,0.425949364900589
prompt1,Augmented_Intelligence_with_AI_in_Manufacturing__846df0f35c,15,6,5,0.22775276005268097,0.6222222222222222,0.7758620689655172,0.29040902853012085
prompt1,Augmented_Intelligence_with_AI_in_Manufacturing__846df0f35c,16,7,5,0.230677992105484,0.6935483870967742,0.8235294117647058,0.27916380763053894
prompt1,Augmented_Intelligence_with_AI_in_Manufacturing__846df0f35c,17,10,10,0.2316189855337143,0.8,0.7796610169491526,0.286725252866745
prompt1,General_Robert_S._Spalding_III_-_China_s_Six_Fro_6c204870c8,1,10,10,0.15853993594646454,0.7111111111111111,0.7586206896551724,0.29920101165771484
prompt1,General_Robert_S._Spalding_III_-_China_s_Six_Fro_6c204870c8,2,10,10,0.20204216241836548,0.6981132075471698,0.8205128205128205,0.29551929235458374
prompt1,General_Robert_S._Spalding_III_-_China_s_Six_Fro_6c204870c8,3,10,10,0.1642141491174698,0.625,0.8482142857142857,0.18752308189868927
prompt1,General_Robert_S._Spalding_III_-_China_s_Six_Fro_6c204870c8,4,7,5,0.32237356901168823,0.5975609756097561,0.7846153846153846,0.4287131428718567
prompt1,General_Robert_S._Spalding_III_-_China_s_Six_Fro_6c204870c8,5,5,5,0.28604936599731445,0.75,0.8421052631578947,0.2876591682434082
prompt1,General_Robert_S._Spalding_III_-_China_s_Six_Fro_6c204870c8,6,5,5,0.333702027797699,0.7727272727272727,0.7613636363636364,0.41762539744377136
prompt1,General_Robert_S._Spalding_III_-_China_s_Six_Fro_6c204870c8,7,0,0,0.0,0.0,0.0,0.0
prompt1,General_Robert_S._Spalding_III_-_China_s_Six_Fro_6c204870c8,8,4,4,0.29757314920425415,0.7288135593220338,0.8823529411764706,0.2706664204597473
prompt1,General_Robert_S._Spalding_III_-_China_s_Six_Fro_6c204870c8,9,7,5,0.2728988528251648,0.7075471698113207,0.8787878787878788,0.26794546842575073
prompt1,General_Robert_S._Spalding_III_-_China_s_Six_Fro_6c204870c8,10,4,4,0.40582042932510376,0.7804878048780488,0.7727272727272727,0.454061359167099
prompt1,General_Robert_S._Spalding_III_-_China_s_Six_Fro_6c204870c8,11,10,10,0.27736884355545044,0.6884057971014492,0.8431372549019608,0.30448591709136963
prompt1,General_Robert_S._Spalding_III_-_China_s_Six_Fro_6c204870c8,12,3,4,0.31435447931289673,0.8714285714285714,0.8979591836734694,0.3272551894187927
prompt1,General_Robert_S._Spalding_III_-_China_s_Six_Fro_6c204870c8,13,7,6,0.3525722324848175,0.7156862745098039,0.8507462686567164,0.3874954283237457
prompt1,General_Robert_S._Spalding_III_-_China_s_Six_Fro_6c204870c8,14,5,5,0.299031138420105,0.8,0.821917808219178,0.27835705876350403
prompt1,General_Robert_S._Spalding_III_-_China_s_Six_Fro_6c204870c8,15,4,5,0.32460224628448486,0.7377049180327869,0.8,0.25914129614830017
prompt1,General_Robert_S._Spalding_III_-_China_s_Six_Fro_6c204870c8,16,7,6,0.28583332896232605,0.6666666666666666,0.8529411764705882,0.38131240010261536
prompt1,General_Robert_S._Spalding_III_-_China_s_Six_Fro_6c204870c8,17,0,0,0.0,0.0,0.0,0.0
prompt1,General_Robert_S._Spalding_III_-_China_s_Six_Fro_6c204870c8,18,10,10,0.28845447301864624,0.6576576576576577,0.8064516129032258,0.407947838306427
prompt1,General_Robert_S._Spalding_III_-_China_s_Six_Fro_6c204870c8,19,10,10,0.2873871624469757,0.6230769230769231,0.7769784172661871,0.3269359767436981
prompt1,General_Robert_S._Spalding_III_-_China_s_Six_Fro_6c204870c8,20,5,5,0.21613730490207672,0.6274509803921569,0.8367346938775511,0.30323511362075806
prompt1,General_Robert_S._Spalding_III_-_China_s_Six_Fro_6c204870c8,21,4,4,0.24625566601753235,0.7704918032786885,0.8387096774193549,0.36897677183151245
prompt1,General_Robert_S._Spalding_III_-_China_s_Six_Fro_6c204870c8,22,5,5,0.2629416286945343,0.8405797101449275,0.8208955223880597,0.34407663345336914
prompt1,General_Robert_S._Spalding_III_-_China_s_Six_Fro_6c204870c8,23,4,5,0.31905075907707214,0.9074074074074074,0.8363636363636363,0.36291980743408203
prompt1,General_Robert_S._Spalding_III_-_China_s_Six_Fro_6c204870c8,24,10,10,0.32638809084892273,0.6802721088435374,0.7692307692307693,0.38363343477249146
prompt1,General_Robert_S._Spalding_III_-_China_s_Six_Fro_6c204870c8,25,5,5,0.4163111448287964,0.8513513513513513,0.8412698412698413,0.39737823605537415
prompt1,General_Robert_S._Spalding_III_-_China_s_Six_Fro_6c204870c8,26,10,10,0.18059498071670532,0.6623376623376623,0.8067226890756303,0.35298487544059753
prompt1,General_Robert_S._Spalding_III_-_China_s_Six_Fro_6c204870c8,27,6,5,0.20892846584320068,0.8192771084337349,0.8461538461538461,0.35980698466300964
prompt1,General_Robert_S._Spalding_III_-_China_s_Six_Fro_6c204870c8,28,8,8,0.2633382976055145,0.7608695652173914,0.8152173913043478,0.3061450719833374
prompt1,General_Robert_S._Spalding_III_-_China_s_Six_Fro_6c204870c8,29,5,4,0.3365250527858734,0.9,0.9555555555555556,0.3155357241630554
prompt1,General_Robert_S._Spalding_III_-_China_s_Six_Fro_6c204870c8,30,5,5,0.4403243064880371,0.8333333333333334,0.8082191780821918,0.43302232027053833
prompt1,General_Robert_S._Spalding_III_-_China_s_Six_Fro_6c204870c8,31,10,10,0.22971361875534058,0.6041666666666666,0.7172413793103448,0.3298637866973877
prompt1,General_Robert_S._Spalding_III_-_China_s_Six_Fro_6c204870c8,32,7,5,0.27843713760375977,0.7407407407407407,0.8970588235294118,0.26953768730163574
prompt1,General_Robert_S._Spalding_III_-_China_s_Six_Fro_6c204870c8,33,10,10,0.2726562023162842,0.6976744186046512,0.7653061224489796,0.309015691280365
prompt1,General_Robert_S._Spalding_III_-_China_s_Six_Fro_6c204870c8,34,3,3,0.28721800446510315,0.8611111111111112,0.918918918918919,0.40201300382614136
prompt1,General_Robert_S._Spalding_III_-_China_s_Six_Fro_6c204870c8,35,0,0,0.0,0.0,0.0,0.0
prompt1,General_Robert_S._Spalding_III_-_China_s_Six_Fro_6c204870c8,36,6,5,0.27963587641716003,0.8947368421052632,0.9038461538461539,0.28847500681877136
prompt1,General_Robert_S._Spalding_III_-_China_s_Six_Fro_6c204870c8,37,7,5,0.3586631119251251,0.64,0.9166666666666666,0.26218900084495544
prompt1,General_Robert_S._Spalding_III_-_China_s_Six_Fro_6c204870c8,38,10,10,0.3324863314628601,0.8181818181818182,0.7625,0.32983317971229553
prompt1,General_Robert_S._Spalding_III_-_China_s_Six_Fro_6c204870c8,39,7,6,0.3164631128311157,0.7888888888888889,0.8472222222222222,0.3004089593887329
prompt1,General_Robert_S._Spalding_III_-_China_s_Six_Fro_6c204870c8,40,10,10,0.35021039843559265,0.7642857142857142,0.775,0.35370102524757385
prompt1,General_Robert_S._Spalding_III_-_China_s_Six_Fro_6c204870c8,41,5,5,0.34065401554107666,0.8301886792452831,0.9032258064516129,0.31326407194137573
prompt1,General_Robert_S._Spalding_III_-_China_s_Six_Fro_6c204870c8,42,0,0,0.0,0.0,0.0,0.0
prompt1,General_Robert_S._Spalding_III_-_China_s_Six_Fro_6c204870c8,43,2,2,0.4270381033420563,0.9333333333333333,0.9565217391304348,0.45158714056015015
prompt1,General_Robert_S._Spalding_III_-_China_s_Six_Fro_6c204870c8,44,10,10,0.28637614846229553,0.719626168224299,0.7716535433070866,0.4385947585105896
prompt1,General_Robert_S._Spalding_III_-_China_s_Six_Fro_6c204870c8,45,7,6,0.33882400393486023,0.8117647058823529,0.8125,0.3036717176437378
prompt1,General_Robert_S._Spalding_III_-_China_s_Six_Fro_6c204870c8,46,10,10,0.2910013198852539,0.8256880733944955,0.8217054263565892,0.30919578671455383
prompt1,General_Robert_S._Spalding_III_-_China_s_Six_Fro_6c204870c8,47,4,5,0.49995049834251404,0.82,0.7384615384615385,0.4471369683742523
prompt1,General_Robert_S._Spalding_III_-_China_s_Six_Fro_6c204870c8,48,10,10,0.2462443858385086,0.6541353383458647,0.8064516129032258,0.3204578757286072
prompt1,General_Robert_S._Spalding_III_-_China_s_Six_Fro_6c204870c8,49,5,4,0.33804869651794434,0.6097560975609756,0.78125,0.4035060405731201
prompt1,General_Robert_S._Spalding_III_-_China_s_Six_Fro_6c204870c8,50,8,8,0.18241149187088013,0.5929203539823009,0.7435897435897436,0.3491160571575165
prompt1,General_Robert_S._Spalding_III_-_China_s_Six_Fro_6c204870c8,51,4,5,0.45578986406326294,0.7636363636363637,0.7916666666666666,0.4696106016635895
prompt1,General_Robert_S._Spalding_III_-_China_s_Six_Fro_6c204870c8,52,0,0,0.0,0.0,0.0,0.0
prompt1,General_Robert_S._Spalding_III_-_China_s_Six_Fro_6c204870c8,53,4,5,0.3349635601043701,0.8043478260869565,0.8727272727272727,0.3489801585674286
prompt1,General_Robert_S._Spalding_III_-_China_s_Six_Fro_6c204870c8,54,6,5,0.38839292526245117,0.6567164179104478,0.6133333333333333,0.5215654373168945
prompt1,General_Robert_S._Spalding_III_-_China_s_Six_Fro_6c204870c8,55,3,4,0.3931102752685547,0.7352941176470589,0.8461538461538461,0.3376361131668091
prompt1,General_Robert_S._Spalding_III_-_China_s_Six_Fro_6c204870c8,56,10,10,0.2959694266319275,0.6090225563909775,0.6991869918699187,0.38309815526008606
prompt1,General_Robert_S._Spalding_III_-_China_s_Six_Fro_6c204870c8,57,4,5,0.3016931712627411,0.8,0.8208955223880597,0.3825254440307617
prompt1,General_Robert_S._Spalding_III_-_China_s_Six_Fro_6c204870c8,58,9,8,0.3425323963165283,0.7066666666666667,0.75,0.358087420463562
prompt1,General_Robert_S._Spalding_III_-_China_s_Six_Fro_6c204870c8,59,6,5,0.282166451215744,0.7627118644067796,0.8846153846153846,0.4134809970855713
prompt1,General_Robert_S._Spalding_III_-_China_s_Six_Fro_6c204870c8,60,8,7,0.371562123298645,0.671875,0.7684210526315789,0.34413182735443115
prompt1,General_Robert_S._Spalding_III_-_China_s_Six_Fro_6c204870c8,61,0,0,0.0,0.0,0.0,0.0
prompt1,General_Robert_S._Spalding_III_-_China_s_Six_Fro_6c204870c8,62,10,10,0.30114105343818665,0.7094017094017094,0.8103448275862069,0.27906909584999084
prompt1,General_Robert_S._Spalding_III_-_China_s_Six_Fro_6c204870c8,63,2,2,0.5946787595748901,0.9333333333333333,0.9615384615384616,0.5575982332229614
prompt1,General_Robert_S._Spalding_III_-_China_s_Six_Fro_6c204870c8,64,5,7,0.3097518980503082,0.8524590163934426,0.8113207547169812,0.43070247769355774
prompt1,General_Robert_S._Spalding_III_-_China_s_Six_Fro_6c204870c8,65,5,5,0.3627473711967468,0.8513513513513513,0.835820895522388,0.3920712172985077
prompt1,General_Robert_S._Spalding_III_-_China_s_Six_Fro_6c204870c8,66,0,0,0.0,0.0,0.0,0.0
prompt1,General_Robert_S._Spalding_III_-_China_s_Six_Fro_6c204870c8,67,0,0,0.0,0.0,0.0,0.0
prompt1,General_Robert_S._Spalding_III_-_China_s_Six_Fro_6c204870c8,68,9,5,0.25412797927856445,0.6794871794871795,0.7692307692307693,0.5069608092308044
prompt1,S1_E15_Mostafa_Elbermawy_on_Long-Lasting_Work_Se_29eea0aed2,1,10,10,0.1902778148651123,0.6774193548387096,0.7734375,0.3978273272514343
prompt1,S1_E15_Mostafa_Elbermawy_on_Long-Lasting_Work_Se_29eea0aed2,2,4,5,0.4194422662258148,0.65,0.7794117647058824,0.3873182535171509
prompt1,S1_E15_Mostafa_Elbermawy_on_Long-Lasting_Work_Se_29eea0aed2,3,8,5,0.3759203851222992,0.7068965517241379,0.8333333333333334,0.4010213315486908
prompt1,S1_E15_Mostafa_Elbermawy_on_Long-Lasting_Work_Se_29eea0aed2,4,4,5,0.4515371024608612,0.72,0.8070175438596491,0.43181124329566956
prompt1,S1_E15_Mostafa_Elbermawy_on_Long-Lasting_Work_Se_29eea0aed2,5,6,5,0.43127915263175964,0.6666666666666666,0.8823529411764706,0.47381851077079773
prompt1,S1_E15_Mostafa_Elbermawy_on_Long-Lasting_Work_Se_29eea0aed2,6,5,5,0.40070173144340515,0.8421052631578947,0.8148148148148148,0.3631879389286041
prompt1,S1_E15_Mostafa_Elbermawy_on_Long-Lasting_Work_Se_29eea0aed2,7,2,2,0.2512263059616089,0.7857142857142857,0.8636363636363636,0.5283567309379578
prompt1,S1_E15_Mostafa_Elbermawy_on_Long-Lasting_Work_Se_29eea0aed2,8,2,3,0.702804446220398,0.7631578947368421,0.8545454545454545,0.6383408904075623
prompt1,S1_E15_Mostafa_Elbermawy_on_Long-Lasting_Work_Se_29eea0aed2,9,0,0,0.0,0.0,0.0,0.0
prompt1,S1_E15_Mostafa_Elbermawy_on_Long-Lasting_Work_Se_29eea0aed2,10,5,5,0.3622724711894989,0.6792452830188679,0.819672131147541,0.358857125043869
prompt1,S1_E15_Mostafa_Elbermawy_on_Long-Lasting_Work_Se_29eea0aed2,11,10,10,0.1833789050579071,0.6461538461538462,0.8347107438016529,0.29723480343818665
prompt1,S1_E15_Mostafa_Elbermawy_on_Long-Lasting_Work_Se_29eea0aed2,12,8,7,0.3394545912742615,0.7227722772277227,0.8,0.30235305428504944
prompt1,S1_E15_Mostafa_Elbermawy_on_Long-Lasting_Work_Se_29eea0aed2,13,4,4,0.30120959877967834,0.8490566037735849,0.9130434782608695,0.3309575319290161
prompt1,S1_E15_Mostafa_Elbermawy_on_Long-Lasting_Work_Se_29eea0aed2,14,4,4,0.3380526900291443,0.7115384615384616,0.8431372549019608,0.4048735499382019
prompt1,S1_E15_Mostafa_Elbermawy_on_Long-Lasting_Work_Se_29eea0aed2,15,8,5,0.21971245110034943,0.68,0.9508196721311475,0.3328467309474945
prompt1,S1_E15_Mostafa_Elbermawy_on_Long-Lasting_Work_Se_29eea0aed2,16,2,2,0.39460694789886475,1.0,0.9473684210526315,0.38247039914131165
prompt1,S1_E15_Mostafa_Elbermawy_on_Long-Lasting_Work_Se_29eea0aed2,17,5,5,0.20336876809597015,0.6170212765957447,0.9555555555555556,0.33075863122940063
prompt1,S1_E15_Mostafa_Elbermawy_on_Long-Lasting_Work_Se_29eea0aed2,18,6,5,0.36755913496017456,0.6888888888888889,0.782608695652174,0.36210522055625916
prompt1,S1_E15_Mostafa_Elbermawy_on_Long-Lasting_Work_Se_29eea0aed2,19,0,0,0.0,0.0,0.0,0.0
prompt1,S1_E15_Mostafa_Elbermawy_on_Long-Lasting_Work_Se_29eea0aed2,20,5,5,0.38595929741859436,0.72,0.8727272727272727,0.3922341465950012
prompt1,S1_E15_Mostafa_Elbermawy_on_Long-Lasting_Work_Se_29eea0aed2,21,4,4,0.4095580279827118,0.6875,0.8,0.5393085479736328
prompt1,S1_E15_Mostafa_Elbermawy_on_Long-Lasting_Work_Se_29eea0aed2,22,4,5,0.4448278844356537,0.6923076923076923,0.8387096774193549,0.3882497549057007
prompt1,S1_E15_Mostafa_Elbermawy_on_Long-Lasting_Work_Se_29eea0aed2,23,10,10,0.24854888021945953,0.6929824561403509,0.7777777777777778,0.34185996651649475
prompt1,S1_E15_Mostafa_Elbermawy_on_Long-Lasting_Work_Se_29eea0aed2,24,5,5,0.34531110525131226,0.7833333333333333,0.84375,0.39278990030288696
prompt1,S1_E15_Mostafa_Elbermawy_on_Long-Lasting_Work_Se_29eea0aed2,25,5,5,0.31336072087287903,0.8,0.8301886792452831,0.32572078704833984
prompt1,S1_E15_Mostafa_Elbermawy_on_Long-Lasting_Work_Se_29eea0aed2,26,5,5,0.3181708753108978,0.8,0.7735849056603774,0.3122706115245819
prompt1,S1_E15_Mostafa_Elbermawy_on_Long-Lasting_Work_Se_29eea0aed2,27,5,5,0.28288906812667847,0.7391304347826086,0.8360655737704918,0.31403160095214844
prompt1,S1_E15_Mostafa_Elbermawy_on_Long-Lasting_Work_Se_29eea0aed2,28,8,7,0.2873593270778656,0.8068181818181818,0.8985507246376812,0.3266010284423828
prompt1,S1_E15_Mostafa_Elbermawy_on_Long-Lasting_Work_Se_29eea0aed2,29,6,5,0.236734539270401,0.7796610169491526,0.8421052631578947,0.3193851411342621
prompt1,S1_E15_Mostafa_Elbermawy_on_Long-Lasting_Work_Se_29eea0aed2,30,0,0,0.0,0.0,0.0,0.0
prompt1,S1_E15_Mostafa_Elbermawy_on_Long-Lasting_Work_Se_29eea0aed2,31,3,4,0.2711993157863617,0.8571428571428571,0.9130434782608695,0.40279603004455566
prompt1,S1_E15_Mostafa_Elbermawy_on_Long-Lasting_Work_Se_29eea0aed2,32,5,5,0.2289024293422699,0.8444444444444444,0.9047619047619048,0.44720324873924255
prompt1,S1_E15_Mostafa_Elbermawy_on_Long-Lasting_Work_Se_29eea0aed2,33,7,5,0.16676025092601776,0.6567164179104478,0.864406779661017,0.3026348948478699
prompt1,S1_E15_Mostafa_Elbermawy_on_Long-Lasting_Work_Se_29eea0aed2,34,7,5,0.24213559925556183,0.7375,0.8775510204081632,0.3371582627296448
prompt1,S1_E15_Mostafa_Elbermawy_on_Long-Lasting_Work_Se_29eea0aed2,35,3,4,0.450816810131073,0.9166666666666666,0.9024390243902439,0.3796405494213104
prompt1,S1_E15_Mostafa_Elbermawy_on_Long-Lasting_Work_Se_29eea0aed2,36,0,0,0.0,0.0,0.0,0.0
prompt1,S1_E15_Mostafa_Elbermawy_on_Long-Lasting_Work_Se_29eea0aed2,37,6,6,0.3312096893787384,0.7333333333333333,0.8070175438596491,0.41188064217567444
prompt1,S1_E15_Mostafa_Elbermawy_on_Long-Lasting_Work_Se_29eea0aed2,38,6,5,0.3590593934059143,0.7037037037037037,0.9302325581395349,0.3903830349445343
prompt1,S1_E15_Mostafa_Elbermawy_on_Long-Lasting_Work_Se_29eea0aed2,39,2,2,0.5298036932945251,0.88,0.92,0.513786792755127
prompt1,S1_E15_Mostafa_Elbermawy_on_Long-Lasting_Work_Se_29eea0aed2,40,0,0,0.0,0.0,0.0,0.0
prompt1,S1_E15_Mostafa_Elbermawy_on_Long-Lasting_Work_Se_29eea0aed2,41,4,5,0.24923495948314667,0.8571428571428571,0.8979591836734694,0.26885196566581726
prompt1,S1_E15_Mostafa_Elbermawy_on_Long-Lasting_Work_Se_29eea0aed2,42,5,5,0.28818318247795105,0.7450980392156863,0.8947368421052632,0.36869582533836365
prompt2,177_Surviving_and_thriving_in_a_changing_world_A_94335be5a4,1,6,5,0.24040605127811432,0.6756756756756757,0.8727272727272727,0.2980809211730957
prompt2,177_Surviving_and_thriving_in_a_changing_world_A_94335be5a4,2,10,10,0.2509305775165558,0.7657657657657657,0.7272727272727273,0.27320900559425354
prompt2,177_Surviving_and_thriving_in_a_changing_world_A_94335be5a4,3,5,5,0.3152867555618286,0.8409090909090909,0.8846153846153846,0.4967089593410492
prompt2,Augmented_Intelligence_with_AI_in_Manufacturing__846df0f35c,1,6,5,0.2305910587310791,0.7213114754098361,0.8769230769230769,0.3121386170387268
prompt2,Augmented_Intelligence_with_AI_in_Manufacturing__846df0f35c,2,6,5,0.3785572052001953,0.7014925373134329,0.9016393442622951,0.3666493594646454
prompt2,Augmented_Intelligence_with_AI_in_Manufacturing__846df0f35c,3,7,10,0.36961832642555237,0.6896551724137931,0.7545454545454545,0.40320464968681335
prompt2,Augmented_Intelligence_with_AI_in_Manufacturing__846df0f35c,4,6,5,0.2555296719074249,0.8142857142857143,0.9056603773584906,0.24302177131175995
prompt2,Augmented_Intelligence_with_AI_in_Manufacturing__846df0f35c,5,7,5,0.3286605775356293,0.7846153846153846,0.8627450980392157,0.350813627243042
prompt2,Augmented_Intelligence_with_AI_in_Manufacturing__846df0f35c,6,8,5,0.3360462188720703,0.7542372881355932,0.95,0.3773823380470276
prompt2,Augmented_Intelligence_with_AI_in_Manufacturing__846df0f35c,7,8,5,0.19959835708141327,0.7586206896551724,0.8333333333333334,0.3521721065044403
prompt2,Augmented_Intelligence_with_AI_in_Manufacturing__846df0f35c,8,10,10,0.25799956917762756,0.7623762376237624,0.7631578947368421,0.4011898636817932
prompt2,Augmented_Intelligence_with_AI_in_Manufacturing__846df0f35c,9,6,5,0.41367220878601074,0.7792207792207793,0.8545454545454545,0.3669142425060272
prompt2,Augmented_Intelligence_with_AI_in_Manufacturing__846df0f35c,10,9,10,0.2769801616668701,0.8188976377952756,0.8015873015873016,0.3313913643360138
prompt2,Augmented_Intelligence_with_AI_in_Manufacturing__846df0f35c,11,7,6,0.3433777391910553,0.7941176470588235,0.8939393939393939,0.3227652907371521
prompt2,Augmented_Intelligence_with_AI_in_Manufacturing__846df0f35c,12,9,10,0.23952975869178772,0.7380952380952381,0.8631578947368421,0.2122940570116043
prompt2,Augmented_Intelligence_with_AI_in_Manufacturing__846df0f35c,13,8,5,0.2307143658399582,0.6231884057971014,0.8656716417910447,0.30699628591537476
prompt2,Augmented_Intelligence_with_AI_in_Manufacturing__846df0f35c,14,10,10,0.31426700949668884,0.6979166666666666,0.8557692307692307,0.3794667720794678
prompt2,Augmented_Intelligence_with_AI_in_Manufacturing__846df0f35c,15,5,5,0.45084938406944275,0.5909090909090909,0.6923076923076923,0.3668774366378784
prompt2,Augmented_Intelligence_with_AI_in_Manufacturing__846df0f35c,16,6,6,0.37372419238090515,0.7741935483870968,0.8243243243243243,0.2802392840385437
prompt2,Augmented_Intelligence_with_AI_in_Manufacturing__846df0f35c,17,8,10,0.3007773756980896,0.7459016393442623,0.8074074074074075,0.3062172830104828
prompt2,General_Robert_S._Spalding_III_-_China_s_Six_Fro_6c204870c8,1,10,10,0.13476042449474335,0.7230769230769231,0.7719298245614035,0.26942160725593567
prompt2,General_Robert_S._Spalding_III_-_China_s_Six_Fro_6c204870c8,2,10,10,0.19530227780342102,0.6972477064220184,0.7807017543859649,0.36816170811653137
prompt2,General_Robert_S._Spalding_III_-_China_s_Six_Fro_6c204870c8,3,10,10,0.14485491812229156,0.6462585034013606,0.7480916030534351,0.2832256853580475
prompt2,General_Robert_S._Spalding_III_-_China_s_Six_Fro_6c204870c8,4,7,5,0.36458486318588257,0.5833333333333334,0.85,0.5070828199386597
prompt2,General_Robert_S._Spalding_III_-_China_s_Six_Fro_6c204870c8,5,7,5,0.2302539348602295,0.7254901960784313,0.9411764705882353,0.40610846877098083
prompt2,General_Robert_S._Spalding_III_-_China_s_Six_Fro_6c204870c8,6,8,10,0.24476079642772675,0.6571428571428571,0.7315436241610739,0.4283984899520874
prompt2,General_Robert_S._Spalding_III_-_China_s_Six_Fro_6c204870c8,7,8,10,0.24561984837055206,0.69,0.7849462365591398,0.39467093348503113
prompt2,General_Robert_S._Spalding_III_-_China_s_Six_Fro_6c204870c8,8,5,5,0.3143308162689209,0.7636363636363637,0.9107142857142857,0.34617337584495544
prompt2,General_Robert_S._Spalding_III_-_China_s_Six_Fro_6c204870c8,9,9,10,0.23997992277145386,0.6870229007633588,0.8195488721804511,0.3690585792064667
prompt2,General_Robert_S._Spalding_III_-_China_s_Six_Fro_6c204870c8,10,4,4,0.3371747136116028,0.7727272727272727,0.8888888888888888,0.44321584701538086
prompt2,General_Robert_S._Spalding_III_-_China_s_Six_Fro_6c204870c8,11,10,10,0.2446203976869583,0.7535211267605634,0.8174603174603174,0.31958630681037903
prompt2,General_Robert_S._Spalding_III_-_China_s_Six_Fro_6c204870c8,12,4,5,0.321783185005188,0.8055555555555556,0.8615384615384616,0.43954047560691833
prompt2,General_Robert_S._Spalding_III_-_China_s_Six_Fro_6c204870c8,13,8,10,0.26684078574180603,0.7244094488188977,0.782608695652174,0.33706793189048767
prompt2,General_Robert_S._Spalding_III_-_China_s_Six_Fro_6c204870c8,14,5,5,0.20142275094985962,0.7971014492753623,0.8888888888888888,0.14657683670520782
prompt2,General_Robert_S._Spalding_III_-_China_s_Six_Fro_6c204870c8,15,4,5,0.3298304080963135,0.7868852459016393,0.9107142857142857,0.287778377532959
prompt2,General_Robert_S._Spalding_III_-_China_s_Six_Fro_6c204870c8,16,6,5,0.315360963344574,0.7532467532467533,0.8461538461538461,0.3599031865596771
prompt2,General_Robert_S._Spalding_III_-_China_s_Six_Fro_6c204870c8,17,5,5,0.29271623492240906,0.7761194029850746,0.9104477611940298,0.26688262820243835
prompt2,General_Robert_S._Spalding_III_-_China_s_Six_Fro_6c204870c8,18,10,10,0.29095104336738586,0.6129032258064516,0.753731343283582,0.38960322737693787
prompt2,General_Robert_S._Spalding_III_-_China_s_Six_Fro_6c204870c8,19,10,10,0.21304786205291748,0.624,0.7142857142857143,0.290999174118042
prompt2,General_Robert_S._Spalding_III_-_China_s_Six_Fro_6c204870c8,20,4,5,0.26827260851860046,0.7441860465116279,0.8571428571428571,0.42273011803627014
prompt2,General_Robert_S._Spalding_III_-_China_s_Six_Fro_6c204870c8,21,6,5,0.37394359707832336,0.6666666666666666,0.8059701492537313,0.3986646831035614
prompt2,General_Robert_S._Spalding_III_-_China_s_Six_Fro_6c204870c8,22,5,10,0.30887773633003235,0.7878787878787878,0.7844827586206896,0.30778583884239197
prompt2,General_Robert_S._Spalding_III_-_China_s_Six_Fro_6c204870c8,23,5,5,0.3737849295139313,0.75,0.9423076923076923,0.30180200934410095
prompt2,General_Robert_S._Spalding_III_-_China_s_Six_Fro_6c204870c8,24,10,10,0.3292090892791748,0.7579617834394905,0.7563025210084033,0.34640657901763916
prompt2,General_Robert_S._Spalding_III_-_China_s_Six_Fro_6c204870c8,25,5,5,0.3539675176143646,0.84,0.8484848484848485,0.39666205644607544
prompt2,General_Robert_S._Spalding_III_-_China_s_Six_Fro_6c204870c8,26,10,10,0.24459688365459442,0.6772151898734177,0.7586206896551724,0.3814614415168762
prompt2,General_Robert_S._Spalding_III_-_China_s_Six_Fro_6c204870c8,27,6,5,0.22858722507953644,0.8536585365853658,0.8627450980392157,0.3844124376773834
prompt2,General_Robert_S._Spalding_III_-_China_s_Six_Fro_6c204870c8,28,10,10,0.299923300743103,0.7661290322580645,0.8059701492537313,0.3406338095664978
prompt2,General_Robert_S._Spalding_III_-_China_s_Six_Fro_6c204870c8,29,8,8,0.3164825141429901,0.7848101265822784,0.8202247191011236,0.3054896295070648
prompt2,General_Robert_S._Spalding_III_-_China_s_Six_Fro_6c204870c8,30,5,5,0.44708532094955444,0.8431372549019608,0.8888888888888888,0.38862547278404236
prompt2,General_Robert_S._Spalding_III_-_China_s_Six_Fro_6c204870c8,31,7,5,0.31696897745132446,0.7291666666666666,0.7926829268292683,0.322689026594162
prompt2,General_Robert_S._Spalding_III_-_China_s_Six_Fro_6c204870c8,32,6,5,0.30833926796913147,0.7303370786516854,0.890625,0.3666221797466278
prompt2,General_Robert_S._Spalding_III_-_China_s_Six_Fro_6c204870c8,33,10,10,0.2875516414642334,0.7745098039215687,0.7603305785123967,0.3441651165485382
prompt2,General_Robert_S._Spalding_III_-_China_s_Six_Fro_6c204870c8,34,3,4,0.27002978324890137,0.8461538461538461,0.8448275862068966,0.2624635100364685
prompt2,General_Robert_S._Spalding_III_-_China_s_Six_Fro_6c204870c8,35,8,8,0.22932440042495728,0.7623762376237624,0.8181818181818182,0.26720866560935974
prompt2,General_Robert_S._Spalding_III_-_China_s_Six_Fro_6c204870c8,36,8,10,0.2675885856151581,0.7931034482758621,0.813953488372093,0.33570295572280884
prompt2,General_Robert_S._Spalding_III_-_China_s_Six_Fro_6c204870c8,37,7,6,0.3338660001754761,0.6428571428571429,0.8493150684931506,0.3050990402698517
prompt2,General_Robert_S._Spalding_III_-_China_s_Six_Fro_6c204870c8,38,10,10,0.327212929725647,0.825,0.7874015748031497,0.32392844557762146
prompt2,General_Robert_S._Spalding_III_-_China_s_Six_Fro_6c204870c8,39,5,5,0.2868029475212097,0.8478260869565217,0.8095238095238095,0.24712315201759338
prompt2,General_Robert_S._Spalding_III_-_China_s_Six_Fro_6c204870c8,40,10,10,0.3583047389984131,0.7753623188405797,0.7428571428571429,0.35170572996139526
prompt2,General_Robert_S._Spalding_III_-_China_s_Six_Fro_6c204870c8,41,4,5,0.32742834091186523,0.7407407407407407,0.8591549295774648,0.31899937987327576
prompt2,General_Robert_S._Spalding_III_-_China_s_Six_Fro_6c204870c8,42,7,7,0.45150241255760193,0.69,0.8117647058823529,0.5012210607528687
prompt2,General_Robert_S._Spalding_III_-_China_s_Six_Fro_6c204870c8,43,4,5,0.47252795100212097,0.8269230769230769,0.8472222222222222,0.5134457945823669
prompt2,General_Robert_S._Spalding_III_-_China_s_Six_Fro_6c204870c8,44,10,10,0.3515322804450989,0.7538461538461538,0.7608695652173914,0.3822101354598999
prompt2,General_Robert_S._Spalding_III_-_China_s_Six_Fro_6c204870c8,45,10,10,0.3403109610080719,0.7681159420289855,0.75,0.3698839843273163
prompt2,General_Robert_S._Spalding_III_-_China_s_Six_Fro_6c204870c8,46,10,10,0.30227231979370117,0.8317757009345794,0.8421052631578947,0.31624510884284973
prompt2,General_Robert_S._Spalding_III_-_China_s_Six_Fro_6c204870c8,47,4,5,0.4989543557167053,0.8867924528301887,0.8983050847457628,0.5070105791091919
prompt2,General_Robert_S._Spalding_III_-_China_s_Six_Fro_6c204870c8,48,10,10,0.22733211517333984,0.6538461538461539,0.8045112781954887,0.2904908061027527
prompt2,General_Robert_S._Spalding_III_-_China_s_Six_Fro_6c204870c8,49,4,4,0.1887078732252121,0.7027027027027027,0.7924528301886793,0.4025622308254242
prompt2,General_Robert_S._Spalding_III_-_China_s_Six_Fro_6c204870c8,50,7,10,0.24466820061206818,0.5247524752475248,0.7272727272727273,0.3063802719116211
prompt2,General_Robert_S._Spalding_III_-_China_s_Six_Fro_6c204870c8,51,4,5,0.28324687480926514,0.9210526315789473,0.8775510204081632,0.3868086040019989
prompt2,General_Robert_S._Spalding_III_-_China_s_Six_Fro_6c204870c8,52,10,10,0.22885721921920776,0.6111111111111112,0.7678571428571429,0.37806257605552673
prompt2,General_Robert_S._Spalding_III_-_China_s_Six_Fro_6c204870c8,53,4,5,0.3364782929420471,0.9148936170212766,0.8620689655172413,0.3599162995815277
prompt2,General_Robert_S._Spalding_III_-_China_s_Six_Fro_6c204870c8,54,5,5,0.3803669512271881,0.5714285714285714,0.6666666666666666,0.5263603329658508
prompt2,General_Robert_S._Spalding_III_-_China_s_Six_Fro_6c204870c8,55,4,5,0.4329696297645569,0.6981132075471698,0.875,0.4127762019634247
prompt2,General_Robert_S._Spalding_III_-_China_s_Six_Fro_6c204870c8,56,10,10,0.3807707130908966,0.6176470588235294,0.7413793103448276,0.39758408069610596
prompt2,General_Robert_S._Spalding_III_-_China_s_Six_Fro_6c204870c8,57,4,4,0.34955886006355286,0.7758620689655172,0.8928571428571429,0.4435100555419922
prompt2,General_Robert_S._Spalding_III_-_China_s_Six_Fro_6c204870c8,58,10,10,0.3088778853416443,0.7142857142857143,0.7791411042944786,0.33025509119033813
prompt2,General_Robert_S._Spalding_III_-_China_s_Six_Fro_6c204870c8,59,7,10,0.36884450912475586,0.686046511627907,0.795774647887324,0.41419196128845215
prompt2,General_Robert_S._Spalding_III_-_China_s_Six_Fro_6c204870c8,60,10,10,0.3879983127117157,0.6,0.7461538461538462,0.4101008474826813
prompt2,General_Robert_S._Spalding_III_-_China_s_Six_Fro_6c204870c8,61,7,10,0.3004297912120819,0.872093023255814,0.71875,0.37430036067962646
prompt2,General_Robert_S._Spalding_III_-_China_s_Six_Fro_6c204870c8,62,10,10,0.3392106592655182,0.7007874015748031,0.7818181818181819,0.33554306626319885
prompt2,General_Robert_S._Spalding_III_-_China_s_Six_Fro_6c204870c8,63,3,4,0.5756410360336304,0.7586206896551724,0.9523809523809523,0.547455906867981
prompt2,General_Robert_S._Spalding_III_-_China_s_Six_Fro_6c204870c8,64,6,10,0.34139978885650635,0.7058823529411765,0.6842105263157895,0.4880746603012085
prompt2,General_Robert_S._Spalding_III_-_China_s_Six_Fro_6c204870c8,65,5,6,0.4043983817100525,0.7857142857142857,0.8507462686567164,0.3518408536911011
prompt2,General_Robert_S._Spalding_III_-_China_s_Six_Fro_6c204870c8,66,7,6,0.31443342566490173,0.7469879518072289,0.8985507246376812,0.3391435742378235
prompt2,General_Robert_S._Spalding_III_-_China_s_Six_Fro_6c204870c8,67,7,4,0.2511720061302185,0.6774193548387096,0.9107142857142857,0.34945496916770935
prompt2,General_Robert_S._Spalding_III_-_China_s_Six_Fro_6c204870c8,68,8,5,0.2888362407684326,0.6,0.8983050847457628,0.3427194654941559
prompt2,S1_E15_Mostafa_Elbermawy_on_Long-Lasting_Work_Se_29eea0aed2,1,10,10,0.2177267074584961,0.6842105263157895,0.8969072164948454,0.342542439699173
prompt2,S1_E15_Mostafa_Elbermawy_on_Long-Lasting_Work_Se_29eea0aed2,2,5,5,0.3982071578502655,0.6956521739130435,0.9,0.4764576554298401
prompt2,S1_E15_Mostafa_Elbermawy_on_Long-Lasting_Work_Se_29eea0aed2,3,6,5,0.3548661470413208,0.6805555555555556,0.8,0.36905229091644287
prompt2,S1_E15_Mostafa_Elbermawy_on_Long-Lasting_Work_Se_29eea0aed2,4,5,10,0.3605738878250122,0.7142857142857143,0.7540983606557377,0.4421845078468323
prompt2,S1_E15_Mostafa_Elbermawy_on_Long-Lasting_Work_Se_29eea0aed2,5,5,4,0.34615230560302734,0.64,0.8666666666666667,0.5037778615951538
prompt2,S1_E15_Mostafa_Elbermawy_on_Long-Lasting_Work_Se_29eea0aed2,6,5,5,0.4071051776409149,0.8409090909090909,0.8958333333333334,0.3109784424304962
prompt2,S1_E15_Mostafa_Elbermawy_on_Long-Lasting_Work_Se_29eea0aed2,7,3,3,0.173702672123909,0.75,0.8918918918918919,0.45847949385643005
prompt2,S1_E15_Mostafa_Elbermawy_on_Long-Lasting_Work_Se_29eea0aed2,8,4,4,0.3386802673339844,0.717391304347826,0.8205128205128205,0.37925490736961365
prompt2,S1_E15_Mostafa_Elbermawy_on_Long-Lasting_Work_Se_29eea0aed2,9,5,5,0.4085164964199066,0.8888888888888888,0.8548387096774194,0.37177249789237976
prompt2,S1_E15_Mostafa_Elbermawy_on_Long-Lasting_Work_Se_29eea0aed2,10,10,10,0.21173697710037231,0.6333333333333333,0.7364341085271318,0.25076544284820557
prompt2,S1_E15_Mostafa_Elbermawy_on_Long-Lasting_Work_Se_29eea0aed2,11,10,10,0.17614617943763733,0.6744186046511628,0.8307692307692308,0.29047322273254395
prompt2,S1_E15_Mostafa_Elbermawy_on_Long-Lasting_Work_Se_29eea0aed2,12,9,7,0.3011287748813629,0.7281553398058253,0.9285714285714286,0.2731606662273407
prompt2,S1_E15_Mostafa_Elbermawy_on_Long-Lasting_Work_Se_29eea0aed2,13,5,4,0.18041911721229553,0.7608695652173914,0.8823529411764706,0.37699460983276367
prompt2,S1_E15_Mostafa_Elbermawy_on_Long-Lasting_Work_Se_29eea0aed2,14,4,4,0.32145023345947266,0.64,0.8679245283018868,0.5064547061920166
prompt2,S1_E15_Mostafa_Elbermawy_on_Long-Lasting_Work_Se_29eea0aed2,15,8,7,0.30569276213645935,0.7264150943396226,0.8961038961038961,0.29507163166999817
prompt2,S1_E15_Mostafa_Elbermawy_on_Long-Lasting_Work_Se_29eea0aed2,16,7,7,0.3355770409107208,0.6935483870967742,0.8591549295774648,0.35247668623924255
prompt2,S1_E15_Mostafa_Elbermawy_on_Long-Lasting_Work_Se_29eea0aed2,17,7,8,0.25673559308052063,0.6282051282051282,0.8985507246376812,0.3701561689376831
prompt2,S1_E15_Mostafa_Elbermawy_on_Long-Lasting_Work_Se_29eea0aed2,18,5,5,0.3115484416484833,0.7213114754098361,0.9347826086956522,0.48980021476745605
prompt2,S1_E15_Mostafa_Elbermawy_on_Long-Lasting_Work_Se_29eea0aed2,19,4,4,0.2708078622817993,0.813953488372093,0.9523809523809523,0.4119214415550232
prompt2,S1_E15_Mostafa_Elbermawy_on_Long-Lasting_Work_Se_29eea0aed2,20,5,5,0.36257338523864746,0.7931034482758621,0.8775510204081632,0.3642224967479706
prompt2,S1_E15_Mostafa_Elbermawy_on_Long-Lasting_Work_Se_29eea0aed2,21,4,4,0.3408018946647644,0.7209302325581395,0.9,0.4161965250968933
prompt2,S1_E15_Mostafa_Elbermawy_on_Long-Lasting_Work_Se_29eea0aed2,22,3,3,0.501299262046814,0.8648648648648649,0.9642857142857143,0.38899922370910645
prompt2,S1_E15_Mostafa_Elbermawy_on_Long-Lasting_Work_Se_29eea0aed2,23,8,6,0.2703033685684204,0.8584070796460177,0.868421052631579,0.2727574110031128
prompt2,S1_E15_Mostafa_Elbermawy_on_Long-Lasting_Work_Se_29eea0aed2,24,4,4,0.34221047163009644,0.7551020408163265,0.9024390243902439,0.28070542216300964
prompt2,S1_E15_Mostafa_Elbermawy_on_Long-Lasting_Work_Se_29eea0aed2,25,5,5,0.3692072927951813,0.7924528301886793,0.9148936170212766,0.3469347357749939
prompt2,S1_E15_Mostafa_Elbermawy_on_Long-Lasting_Work_Se_29eea0aed2,26,4,4,0.2855733633041382,0.6666666666666666,0.9473684210526315,0.28021174669265747
prompt2,S1_E15_Mostafa_Elbermawy_on_Long-Lasting_Work_Se_29eea0aed2,27,5,5,0.28698211908340454,0.7027027027027027,0.864406779661017,0.2528516352176666
prompt2,S1_E15_Mostafa_Elbermawy_on_Long-Lasting_Work_Se_29eea0aed2,28,8,10,0.26116082072257996,0.7954545454545454,0.8367346938775511,0.34513038396835327
prompt2,S1_E15_Mostafa_Elbermawy_on_Long-Lasting_Work_Se_29eea0aed2,29,6,5,0.3626791834831238,0.88,0.9148936170212766,0.3803611397743225
prompt2,S1_E15_Mostafa_Elbermawy_on_Long-Lasting_Work_Se_29eea0aed2,30,5,5,0.4327056109905243,0.9333333333333333,0.9285714285714286,0.3534477949142456
prompt2,S1_E15_Mostafa_Elbermawy_on_Long-Lasting_Work_Se_29eea0aed2,31,3,4,0.3426121175289154,0.8484848484848485,0.926829268292683,0.5028104186058044
prompt2,S1_E15_Mostafa_Elbermawy_on_Long-Lasting_Work_Se_29eea0aed2,32,5,5,0.28634577989578247,0.8035714285714286,0.8571428571428571,0.34452977776527405
prompt2,S1_E15_Mostafa_Elbermawy_on_Long-Lasting_Work_Se_29eea0aed2,33,5,4,0.17695556581020355,0.746268656716418,0.88,0.33259254693984985
prompt2,S1_E15_Mostafa_Elbermawy_on_Long-Lasting_Work_Se_29eea0aed2,34,9,8,0.22252221405506134,0.6446280991735537,0.8333333333333334,0.3475792109966278
prompt2,S1_E15_Mostafa_Elbermawy_on_Long-Lasting_Work_Se_29eea0aed2,35,4,4,0.4580323100090027,0.8387096774193549,0.9743589743589743,0.4539504051208496
prompt2,S1_E15_Mostafa_Elbermawy_on_Long-Lasting_Work_Se_29eea0aed2,36,5,5,0.33990001678466797,0.65,0.8,0.439607709646225
prompt2,S1_E15_Mostafa_Elbermawy_on_Long-Lasting_Work_Se_29eea0aed2,37,5,5,0.3812546133995056,0.7916666666666666,0.8909090909090909,0.375712126493454
prompt2,S1_E15_Mostafa_Elbermawy_on_Long-Lasting_Work_Se_29eea0aed2,38,8,5,0.3984561562538147,0.6714285714285714,0.9565217391304348,0.4099394977092743
prompt2,S1_E15_Mostafa_Elbermawy_on_Long-Lasting_Work_Se_29eea0aed2,39,4,4,0.3348209261894226,0.7368421052631579,0.9777777777777777,0.2751961648464203
prompt2,S1_E15_Mostafa_Elbermawy_on_Long-Lasting_Work_Se_29eea0aed2,40,10,10,0.4007714092731476,0.7087378640776699,0.7457627118644068,0.33943989872932434
prompt2,S1_E15_Mostafa_Elbermawy_on_Long-Lasting_Work_Se_29eea0aed2,41,5,5,0.31531092524528503,0.7647058823529411,0.8541666666666666,0.3489318788051605
prompt2,S1_E15_Mostafa_Elbermawy_on_Long-Lasting_Work_Se_29eea0aed2,42,5,5,0.31443023681640625,0.6862745098039216,0.8732394366197183,0.35704371333122253
prompt3,177_Surviving_and_thriving_in_a_changing_world_A_94335be5a4,1,8,8,0.205786794424057,0.648936170212766,0.9090909090909091,0.26590216159820557
prompt3,177_Surviving_and_thriving_in_a_changing_world_A_94335be5a4,2,10,10,0.17924632132053375,0.8666666666666667,0.898989898989899,0.2748287618160248
prompt3,177_Surviving_and_thriving_in_a_changing_world_A_94335be5a4,3,8,7,0.25764480233192444,0.6666666666666666,0.819672131147541,0.34344252943992615
prompt3,Augmented_Intelligence_with_AI_in_Manufacturing__846df0f35c,1,5,5,0.1357906311750412,0.8305084745762712,0.9791666666666666,0.26843130588531494
prompt3,Augmented_Intelligence_with_AI_in_Manufacturing__846df0f35c,2,8,10,0.12853866815567017,0.7222222222222222,0.8831168831168831,0.30867090821266174
prompt3,Augmented_Intelligence_with_AI_in_Manufacturing__846df0f35c,3,6,8,0.271528959274292,0.8378378378378378,0.8831168831168831,0.33267250657081604
prompt3,Augmented_Intelligence_with_AI_in_Manufacturing__846df0f35c,4,8,8,0.20916830003261566,0.8518518518518519,0.9104477611940298,0.3020453453063965
prompt3,Augmented_Intelligence_with_AI_in_Manufacturing__846df0f35c,5,8,10,0.30110523104667664,0.68,0.8709677419354839,0.3726598918437958
prompt3,Augmented_Intelligence_with_AI_in_Manufacturing__846df0f35c,6,9,8,0.23395496606826782,0.8558558558558559,0.9230769230769231,0.2985480725765228
prompt3,Augmented_Intelligence_with_AI_in_Manufacturing__846df0f35c,7,10,10,0.1886252611875534,0.7432432432432432,0.8679245283018868,0.2989988625049591
prompt3,Augmented_Intelligence_with_AI_in_Manufacturing__846df0f35c,8,8,8,0.24733451008796692,0.7872340425531915,0.9014084507042254,0.28060632944107056
prompt3,Augmented_Intelligence_with_AI_in_Manufacturing__846df0f35c,9,6,10,0.308647483587265,0.7627118644067796,0.7951807228915663,0.32335904240608215
prompt3,Augmented_Intelligence_with_AI_in_Manufacturing__846df0f35c,10,10,10,0.22455978393554688,0.8380281690140845,0.8627450980392157,0.2720849812030792
prompt3,Augmented_Intelligence_with_AI_in_Manufacturing__846df0f35c,11,8,10,0.2763800024986267,0.875,0.9052631578947369,0.29269567131996155
prompt3,Augmented_Intelligence_with_AI_in_Manufacturing__846df0f35c,12,9,8,0.1957034319639206,0.8125,0.84375,0.29682013392448425
prompt3,Augmented_Intelligence_with_AI_in_Manufacturing__846df0f35c,13,8,8,0.20729663968086243,0.6615384615384615,0.8513513513513513,0.33019229769706726
prompt3,Augmented_Intelligence_with_AI_in_Manufacturing__846df0f35c,14,10,10,0.25540944933891296,0.7263157894736842,0.8446601941747572,0.357851505279541
prompt3,Augmented_Intelligence_with_AI_in_Manufacturing__846df0f35c,15,5,5,0.13064828515052795,0.6444444444444445,1.0,0.3142278790473938
prompt3,Augmented_Intelligence_with_AI_in_Manufacturing__846df0f35c,16,7,8,0.16276052594184875,0.7333333333333333,0.8870967741935484,0.2669675052165985
prompt3,Augmented_Intelligence_with_AI_in_Manufacturing__846df0f35c,17,10,10,0.25935012102127075,0.7886178861788617,0.8703703703703703,0.34125393629074097
prompt3,General_Robert_S._Spalding_III_-_China_s_Six_Fro_6c204870c8,1,10,10,0.10479072481393814,0.7083333333333334,0.8431372549019608,0.3150489330291748
prompt3,General_Robert_S._Spalding_III_-_China_s_Six_Fro_6c204870c8,2,10,10,0.14802934229373932,0.7403846153846154,0.9024390243902439,0.2694702744483948
prompt3,General_Robert_S._Spalding_III_-_China_s_Six_Fro_6c204870c8,3,10,10,0.12227865308523178,0.6568047337278107,0.8981481481481481,0.2526180148124695
prompt3,General_Robert_S._Spalding_III_-_China_s_Six_Fro_6c204870c8,4,7,10,0.11969619244337082,0.5764705882352941,0.7899159663865546,0.27016058564186096
prompt3,General_Robert_S._Spalding_III_-_China_s_Six_Fro_6c204870c8,5,5,5,0.22818465530872345,0.7291666666666666,0.9565217391304348,0.31663739681243896
prompt3,General_Robert_S._Spalding_III_-_China_s_Six_Fro_6c204870c8,6,7,10,0.20182152092456818,0.6914893617021277,0.7894736842105263,0.39713388681411743
prompt3,General_Robert_S._Spalding_III_-_China_s_Six_Fro_6c204870c8,7,10,10,0.1900712549686432,0.7079646017699115,0.7924528301886793,0.3374621868133545
prompt3,General_Robert_S._Spalding_III_-_China_s_Six_Fro_6c204870c8,8,5,5,0.26044100522994995,0.7083333333333334,0.9655172413793104,0.28261467814445496
prompt3,General_Robert_S._Spalding_III_-_China_s_Six_Fro_6c204870c8,9,8,10,0.19122152030467987,0.6792452830188679,0.8508771929824561,0.3530917763710022
prompt3,General_Robert_S._Spalding_III_-_China_s_Six_Fro_6c204870c8,10,4,5,0.3485669195652008,0.8,0.8958333333333334,0.43742629885673523
prompt3,General_Robert_S._Spalding_III_-_China_s_Six_Fro_6c204870c8,11,10,10,0.26821818947792053,0.7569444444444444,0.7884615384615384,0.3654242157936096
prompt3,General_Robert_S._Spalding_III_-_China_s_Six_Fro_6c204870c8,12,4,5,0.24086260795593262,0.8285714285714286,0.9056603773584906,0.2700648009777069
prompt3,General_Robert_S._Spalding_III_-_China_s_Six_Fro_6c204870c8,13,10,10,0.2962883710861206,0.7433628318584071,0.8421052631578947,0.3245319724082947
prompt3,General_Robert_S._Spalding_III_-_China_s_Six_Fro_6c204870c8,14,5,5,0.19607429206371307,0.7866666666666666,0.9454545454545454,0.3219575881958008
prompt3,General_Robert_S._Spalding_III_-_China_s_Six_Fro_6c204870c8,15,4,10,0.2612234652042389,0.8103448275862069,0.7184466019417476,0.38872218132019043
prompt3,General_Robert_S._Spalding_III_-_China_s_Six_Fro_6c204870c8,16,8,8,0.31928128004074097,0.6382978723404256,0.8571428571428571,0.33879682421684265
prompt3,General_Robert_S._Spalding_III_-_China_s_Six_Fro_6c204870c8,17,4,5,0.2546144127845764,0.6153846153846154,0.8695652173913043,0.3560793101787567
prompt3,General_Robert_S._Spalding_III_-_China_s_Six_Fro_6c204870c8,18,10,10,0.1775919646024704,0.7213114754098361,0.8333333333333334,0.29660993814468384
prompt3,General_Robert_S._Spalding_III_-_China_s_Six_Fro_6c204870c8,19,10,10,0.20759317278862,0.6363636363636364,0.7936507936507936,0.3006615936756134
prompt3,General_Robert_S._Spalding_III_-_China_s_Six_Fro_6c204870c8,20,5,5,0.16904552280902863,0.5777777777777777,0.9318181818181818,0.3403315842151642
prompt3,General_Robert_S._Spalding_III_-_China_s_Six_Fro_6c204870c8,21,9,10,0.1337549090385437,0.6754385964912281,0.90625,0.27002331614494324
prompt3,General_Robert_S._Spalding_III_-_China_s_Six_Fro_6c204870c8,22,5,10,0.24258185923099518,0.8571428571428571,0.8108108108108109,0.33466821908950806
prompt3,General_Robert_S._Spalding_III_-_China_s_Six_Fro_6c204870c8,23,7,7,0.22748178243637085,0.7717391304347826,0.8656716417910447,0.24744896590709686
prompt3,General_Robert_S._Spalding_III_-_China_s_Six_Fro_6c204870c8,24,10,10,0.31541162729263306,0.7045454545454546,0.728,0.34961381554603577
prompt3,General_Robert_S._Spalding_III_-_China_s_Six_Fro_6c204870c8,25,7,8,0.33547505736351013,0.8279569892473119,0.8409090909090909,0.4229060411453247
prompt3,General_Robert_S._Spalding_III_-_China_s_Six_Fro_6c204870c8,26,10,10,0.24080577492713928,0.802547770700637,0.8118811881188119,0.33833736181259155
prompt3,General_Robert_S._Spalding_III_-_China_s_Six_Fro_6c204870c8,27,6,6,0.21416211128234863,0.8588235294117647,0.8732394366197183,0.32771530747413635
prompt3,General_Robert_S._Spalding_III_-_China_s_Six_Fro_6c204870c8,28,10,10,0.2540976405143738,0.8468468468468469,0.8235294117647058,0.3000745475292206
prompt3,General_Robert_S._Spalding_III_-_China_s_Six_Fro_6c204870c8,29,5,10,0.24081383645534515,0.8928571428571429,0.8365384615384616,0.33185064792633057
prompt3,General_Robert_S._Spalding_III_-_China_s_Six_Fro_6c204870c8,30,5,5,0.39553847908973694,0.8153846153846154,0.8703703703703703,0.3395448625087738
prompt3,General_Robert_S._Spalding_III_-_China_s_Six_Fro_6c204870c8,31,6,5,0.19967401027679443,0.7252747252747253,0.8431372549019608,0.3538893163204193
prompt3,General_Robert_S._Spalding_III_-_China_s_Six_Fro_6c204870c8,32,7,8,0.1676684468984604,0.797979797979798,0.8904109589041096,0.28293532133102417
prompt3,General_Robert_S._Spalding_III_-_China_s_Six_Fro_6c204870c8,33,10,10,0.2793797254562378,0.7522935779816514,0.8076923076923077,0.2996078431606293
prompt3,General_Robert_S._Spalding_III_-_China_s_Six_Fro_6c204870c8,34,4,5,0.2844902575016022,0.7708333333333334,0.9433962264150944,0.29057106375694275
prompt3,General_Robert_S._Spalding_III_-_China_s_Six_Fro_6c204870c8,35,10,10,0.17366749048233032,0.7520661157024794,0.81,0.26617908477783203
prompt3,General_Robert_S._Spalding_III_-_China_s_Six_Fro_6c204870c8,36,8,10,0.224748894572258,0.8539325842696629,0.7727272727272727,0.33553293347358704
prompt3,General_Robert_S._Spalding_III_-_China_s_Six_Fro_6c204870c8,37,6,7,0.2912512719631195,0.7372881355932204,0.821917808219178,0.37205904722213745
prompt3,General_Robert_S._Spalding_III_-_China_s_Six_Fro_6c204870c8,38,10,9,0.24562586843967438,0.8391608391608392,0.85,0.3008899986743927
prompt3,General_Robert_S._Spalding_III_-_China_s_Six_Fro_6c204870c8,39,6,10,0.2822341024875641,0.7790697674418605,0.8288288288288288,0.28722983598709106
prompt3,General_Robert_S._Spalding_III_-_China_s_Six_Fro_6c204870c8,40,10,10,0.31367164850234985,0.7768595041322314,0.8034188034188035,0.31851115822792053
prompt3,General_Robert_S._Spalding_III_-_China_s_Six_Fro_6c204870c8,41,5,10,0.3043791651725769,0.7205882352941176,0.8584070796460177,0.27100157737731934
prompt3,General_Robert_S._Spalding_III_-_China_s_Six_Fro_6c204870c8,42,8,8,0.4287169575691223,0.6694214876033058,0.7741935483870968,0.37387487292289734
prompt3,General_Robert_S._Spalding_III_-_China_s_Six_Fro_6c204870c8,43,4,10,0.39744552969932556,0.7796610169491526,0.8828828828828829,0.35714536905288696
prompt3,General_Robert_S._Spalding_III_-_China_s_Six_Fro_6c204870c8,44,10,10,0.3318469226360321,0.7401574803149606,0.7870370370370371,0.39475467801094055
prompt3,General_Robert_S._Spalding_III_-_China_s_Six_Fro_6c204870c8,45,10,10,0.3028077185153961,0.7723577235772358,0.811965811965812,0.3327344059944153
prompt3,General_Robert_S._Spalding_III_-_China_s_Six_Fro_6c204870c8,46,10,10,0.2549721896648407,0.8469387755102041,0.8105263157894737,0.372546911239624
prompt3,General_Robert_S._Spalding_III_-_China_s_Six_Fro_6c204870c8,47,6,5,0.3800508677959442,0.725,0.8181818181818182,0.39154696464538574
prompt3,General_Robert_S._Spalding_III_-_China_s_Six_Fro_6c204870c8,48,10,10,0.2543703019618988,0.6618705035971223,0.8252427184466019,0.26383545994758606
prompt3,General_Robert_S._Spalding_III_-_China_s_Six_Fro_6c204870c8,49,5,5,0.22371870279312134,0.7272727272727273,0.92,0.3656240403652191
prompt3,General_Robert_S._Spalding_III_-_China_s_Six_Fro_6c204870c8,50,9,10,0.14894604682922363,0.5846153846153846,0.8055555555555556,0.2736107409000397
prompt3,General_Robert_S._Spalding_III_-_China_s_Six_Fro_6c204870c8,51,4,5,0.26295652985572815,0.7592592592592593,0.9166666666666666,0.3637891411781311
prompt3,General_Robert_S._Spalding_III_-_China_s_Six_Fro_6c204870c8,52,10,10,0.2150227278470993,0.7480916030534351,0.780952380952381,0.36080214381217957
prompt3,General_Robert_S._Spalding_III_-_China_s_Six_Fro_6c204870c8,53,4,10,0.26349136233329773,0.8103448275862069,0.845360824742268,0.32404643297195435
prompt3,General_Robert_S._Spalding_III_-_China_s_Six_Fro_6c204870c8,54,5,8,0.2537192404270172,0.639344262295082,0.7380952380952381,0.3307205140590668
prompt3,General_Robert_S._Spalding_III_-_China_s_Six_Fro_6c204870c8,55,4,5,0.30395323038101196,0.7115384615384616,0.9215686274509803,0.31950250267982483
prompt3,General_Robert_S._Spalding_III_-_China_s_Six_Fro_6c204870c8,56,10,10,0.2827732264995575,0.6838235294117647,0.8125,0.33750224113464355
prompt3,General_Robert_S._Spalding_III_-_China_s_Six_Fro_6c204870c8,57,5,5,0.18111419677734375,0.8181818181818182,0.8846153846153846,0.31531962752342224
prompt3,General_Robert_S._Spalding_III_-_China_s_Six_Fro_6c204870c8,58,10,10,0.31055784225463867,0.7222222222222222,0.7768595041322314,0.3779579997062683
prompt3,General_Robert_S._Spalding_III_-_China_s_Six_Fro_6c204870c8,59,8,10,0.29968878626823425,0.7446808510638298,0.8157894736842105,0.34841257333755493
prompt3,General_Robert_S._Spalding_III_-_China_s_Six_Fro_6c204870c8,60,10,10,0.26667720079421997,0.6201550387596899,0.8202247191011236,0.3619338572025299
prompt3,General_Robert_S._Spalding_III_-_China_s_Six_Fro_6c204870c8,61,10,10,0.2662360370159149,0.8267716535433071,0.7666666666666667,0.2766548991203308
prompt3,General_Robert_S._Spalding_III_-_China_s_Six_Fro_6c204870c8,62,10,10,0.2631984353065491,0.7358490566037735,0.8804347826086957,0.24749703705310822
prompt3,General_Robert_S._Spalding_III_-_China_s_Six_Fro_6c204870c8,63,3,5,0.3992944061756134,0.8285714285714286,0.9736842105263158,0.2711394727230072
prompt3,General_Robert_S._Spalding_III_-_China_s_Six_Fro_6c204870c8,64,5,10,0.26008400321006775,0.7941176470588235,0.7899159663865546,0.48605236411094666
prompt3,General_Robert_S._Spalding_III_-_China_s_Six_Fro_6c204870c8,65,5,5,0.2874307632446289,0.725,0.8727272727272727,0.47365403175354004
prompt3,General_Robert_S._Spalding_III_-_China_s_Six_Fro_6c204870c8,66,10,10,0.2521863579750061,0.6831683168316832,0.82,0.3464052081108093
prompt3,General_Robert_S._Spalding_III_-_China_s_Six_Fro_6c204870c8,67,7,5,0.12478024512529373,0.7076923076923077,0.9491525423728814,0.2973671555519104
prompt3,General_Robert_S._Spalding_III_-_China_s_Six_Fro_6c204870c8,68,10,10,0.2589800953865051,0.5957446808510638,0.8315789473684211,0.3522331118583679
prompt3,S1_E15_Mostafa_Elbermawy_on_Long-Lasting_Work_Se_29eea0aed2,1,8,10,0.19844023883342743,0.7849462365591398,0.8347826086956521,0.324923038482666
prompt3,S1_E15_Mostafa_Elbermawy_on_Long-Lasting_Work_Se_29eea0aed2,2,4,5,0.367794007062912,0.6346153846153846,0.8846153846153846,0.40527477860450745
prompt3,S1_E15_Mostafa_Elbermawy_on_Long-Lasting_Work_Se_29eea0aed2,3,7,10,0.28337591886520386,0.6891891891891891,0.7920792079207921,0.3272002339363098
prompt3,S1_E15_Mostafa_Elbermawy_on_Long-Lasting_Work_Se_29eea0aed2,4,5,10,0.38658958673477173,0.7727272727272727,0.743801652892562,0.37033209204673767
prompt3,S1_E15_Mostafa_Elbermawy_on_Long-Lasting_Work_Se_29eea0aed2,5,4,4,0.25319576263427734,0.717948717948718,0.8888888888888888,0.48042792081832886
prompt3,S1_E15_Mostafa_Elbermawy_on_Long-Lasting_Work_Se_29eea0aed2,6,5,5,0.3130756616592407,0.7288135593220338,0.8695652173913043,0.3473312556743622
prompt3,S1_E15_Mostafa_Elbermawy_on_Long-Lasting_Work_Se_29eea0aed2,7,5,5,0.27848929166793823,0.631578947368421,0.8421052631578947,0.45625072717666626
prompt3,S1_E15_Mostafa_Elbermawy_on_Long-Lasting_Work_Se_29eea0aed2,8,2,3,0.36028847098350525,0.8518518518518519,1.0,0.3289477527141571
prompt3,S1_E15_Mostafa_Elbermawy_on_Long-Lasting_Work_Se_29eea0aed2,9,6,10,0.31024909019470215,0.8115942028985508,0.8636363636363636,0.2931331992149353
prompt3,S1_E15_Mostafa_Elbermawy_on_Long-Lasting_Work_Se_29eea0aed2,10,6,5,0.15841872990131378,0.734375,0.9074074074074074,0.3620196282863617
prompt3,S1_E15_Mostafa_Elbermawy_on_Long-Lasting_Work_Se_29eea0aed2,11,10,10,0.19611462950706482,0.7213114754098361,0.8636363636363636,0.28795209527015686
prompt3,S1_E15_Mostafa_Elbermawy_on_Long-Lasting_Work_Se_29eea0aed2,12,8,10,0.3073669373989105,0.7717391304347826,0.7916666666666666,0.34279924631118774
prompt3,S1_E15_Mostafa_Elbermawy_on_Long-Lasting_Work_Se_29eea0aed2,13,5,5,0.1732822060585022,0.8269230769230769,0.875,0.3051472008228302
prompt3,S1_E15_Mostafa_Elbermawy_on_Long-Lasting_Work_Se_29eea0aed2,14,5,5,0.2993507385253906,0.7454545454545455,0.8545454545454545,0.39033839106559753
prompt3,S1_E15_Mostafa_Elbermawy_on_Long-Lasting_Work_Se_29eea0aed2,15,10,10,0.2231956422328949,0.7391304347826086,0.8554216867469879,0.2842765748500824
prompt3,S1_E15_Mostafa_Elbermawy_on_Long-Lasting_Work_Se_29eea0aed2,16,5,5,0.27067917585372925,0.7424242424242424,0.9318181818181818,0.39222052693367004
prompt3,S1_E15_Mostafa_Elbermawy_on_Long-Lasting_Work_Se_29eea0aed2,17,5,5,0.22247214615345,0.6923076923076923,0.9393939393939394,0.39562082290649414
prompt3,S1_E15_Mostafa_Elbermawy_on_Long-Lasting_Work_Se_29eea0aed2,18,6,5,0.23003509640693665,0.7058823529411765,0.95,0.3041055500507355
prompt3,S1_E15_Mostafa_Elbermawy_on_Long-Lasting_Work_Se_29eea0aed2,19,5,10,0.2642807364463806,0.7241379310344828,0.819047619047619,0.3466114401817322
prompt3,S1_E15_Mostafa_Elbermawy_on_Long-Lasting_Work_Se_29eea0aed2,20,7,7,0.2740637958049774,0.8333333333333334,0.8688524590163934,0.3636259138584137
prompt3,S1_E15_Mostafa_Elbermawy_on_Long-Lasting_Work_Se_29eea0aed2,21,5,5,0.3060513138771057,0.7368421052631579,0.8775510204081632,0.3431204855442047
prompt3,S1_E15_Mostafa_Elbermawy_on_Long-Lasting_Work_Se_29eea0aed2,22,4,5,0.3490065634250641,0.7608695652173914,0.8666666666666667,0.3183883726596832
prompt3,S1_E15_Mostafa_Elbermawy_on_Long-Lasting_Work_Se_29eea0aed2,23,10,10,0.2889455258846283,0.7867647058823529,0.8099173553719008,0.3252277374267578
prompt3,S1_E15_Mostafa_Elbermawy_on_Long-Lasting_Work_Se_29eea0aed2,24,4,5,0.3075190484523773,0.75,0.8571428571428571,0.40709978342056274
prompt3,S1_E15_Mostafa_Elbermawy_on_Long-Lasting_Work_Se_29eea0aed2,25,5,8,0.3481334149837494,0.7391304347826086,0.8625,0.38713863492012024
prompt3,S1_E15_Mostafa_Elbermawy_on_Long-Lasting_Work_Se_29eea0aed2,26,4,5,0.19667664170265198,0.75,0.9130434782608695,0.28376927971839905
prompt3,S1_E15_Mostafa_Elbermawy_on_Long-Lasting_Work_Se_29eea0aed2,27,8,10,0.2887313961982727,0.7075471698113207,0.8409090909090909,0.3489648401737213
prompt3,S1_E15_Mostafa_Elbermawy_on_Long-Lasting_Work_Se_29eea0aed2,28,10,10,0.24732115864753723,0.8,0.8208955223880597,0.29116737842559814
prompt3,S1_E15_Mostafa_Elbermawy_on_Long-Lasting_Work_Se_29eea0aed2,29,10,10,0.36808791756629944,0.6517857142857143,0.8333333333333334,0.37099719047546387
prompt3,S1_E15_Mostafa_Elbermawy_on_Long-Lasting_Work_Se_29eea0aed2,30,5,10,0.35743454098701477,0.9069767441860465,0.8780487804878049,0.34732064604759216
prompt3,S1_E15_Mostafa_Elbermawy_on_Long-Lasting_Work_Se_29eea0aed2,31,4,5,0.2636720538139343,0.775,1.0,0.35112687945365906
prompt3,S1_E15_Mostafa_Elbermawy_on_Long-Lasting_Work_Se_29eea0aed2,32,10,10,0.3069359064102173,0.6510067114093959,0.8062015503875969,0.319925457239151
prompt3,S1_E15_Mostafa_Elbermawy_on_Long-Lasting_Work_Se_29eea0aed2,33,6,5,0.17105965316295624,0.7627118644067796,0.8372093023255814,0.4871993958950043
prompt3,S1_E15_Mostafa_Elbermawy_on_Long-Lasting_Work_Se_29eea0aed2,34,10,10,0.19129784405231476,0.6532258064516129,0.8314606741573034,0.3063910901546478
prompt3,S1_E15_Mostafa_Elbermawy_on_Long-Lasting_Work_Se_29eea0aed2,35,5,6,0.3293374478816986,0.7843137254901961,0.8888888888888888,0.3067987561225891
prompt3,S1_E15_Mostafa_Elbermawy_on_Long-Lasting_Work_Se_29eea0aed2,36,5,5,0.35574835538864136,0.6590909090909091,0.8627450980392157,0.36015886068344116
prompt3,S1_E15_Mostafa_Elbermawy_on_Long-Lasting_Work_Se_29eea0aed2,37,5,10,0.28131330013275146,0.8064516129032258,0.8764044943820225,0.33648502826690674
prompt3,S1_E15_Mostafa_Elbermawy_on_Long-Lasting_Work_Se_29eea0aed2,38,6,7,0.30065470933914185,0.7808219178082192,0.8548387096774194,0.34431037306785583
prompt3,S1_E15_Mostafa_Elbermawy_on_Long-Lasting_Work_Se_29eea0aed2,39,5,10,0.2683075964450836,0.8225806451612904,0.8695652173913043,0.3154881000518799
prompt3,S1_E15_Mostafa_Elbermawy_on_Long-Lasting_Work_Se_29eea0aed2,40,8,10,0.3995446562767029,0.8271604938271605,0.8333333333333334,0.34740233421325684
prompt3,S1_E15_Mostafa_Elbermawy_on_Long-Lasting_Work_Se_29eea0aed2,41,5,7,0.28079357743263245,0.8653846153846154,0.9166666666666666,0.27390316128730774
prompt3,S1_E15_Mostafa_Elbermawy_on_Long-Lasting_Work_Se_29eea0aed2,42,5,5,0.2791137993335724,0.6727272727272727,0.9512195121951219,0.30736249685287476
prompt4,177_Surviving_and_thriving_in_a_changing_world_A_94335be5a4,1,3,3,0.29325148463249207,0.7291666666666666,0.9333333333333333,0.3880097270011902
prompt4,177_Surviving_and_thriving_in_a_changing_world_A_94335be5a4,2,10,10,0.20674289762973785,0.8205128205128205,0.8211382113821138,0.2057035118341446
prompt4,177_Surviving_and_thriving_in_a_changing_world_A_94335be5a4,3,2,2,0.30546191334724426,1.0,0.9,0.5519667267799377
prompt4,Augmented_Intelligence_with_AI_in_Manufacturing__846df0f35c,1,3,4,0.32886189222335815,0.8823529411764706,1.0,0.31308093667030334
prompt4,Augmented_Intelligence_with_AI_in_Manufacturing__846df0f35c,2,6,5,0.3282299041748047,0.684931506849315,0.96,0.32437998056411743
prompt4,Augmented_Intelligence_with_AI_in_Manufacturing__846df0f35c,3,5,5,0.3472720682621002,0.8157894736842105,0.8507462686567164,0.32576775550842285
prompt4,Augmented_Intelligence_with_AI_in_Manufacturing__846df0f35c,4,5,5,0.2462605983018875,0.8928571428571429,0.96,0.2524397075176239
prompt4,Augmented_Intelligence_with_AI_in_Manufacturing__846df0f35c,5,5,6,0.3406060039997101,0.8478260869565217,0.9137931034482759,0.32575052976608276
prompt4,Augmented_Intelligence_with_AI_in_Manufacturing__846df0f35c,6,5,5,0.38403645157814026,0.9523809523809523,0.9259259259259259,0.3633204400539398
prompt4,Augmented_Intelligence_with_AI_in_Manufacturing__846df0f35c,7,6,5,0.26414504647254944,0.8023255813953488,0.8507462686567164,0.3413224518299103
prompt4,Augmented_Intelligence_with_AI_in_Manufacturing__846df0f35c,8,7,7,0.3228626251220703,0.7628865979381443,0.8554216867469879,0.2953551113605499
prompt4,Augmented_Intelligence_with_AI_in_Manufacturing__846df0f35c,9,3,3,0.32744768261909485,0.84375,0.9705882352941176,0.31214624643325806
prompt4,Augmented_Intelligence_with_AI_in_Manufacturing__846df0f35c,10,8,10,0.2530539035797119,0.8571428571428571,0.8292682926829268,0.32246026396751404
prompt4,Augmented_Intelligence_with_AI_in_Manufacturing__846df0f35c,11,5,5,0.3955191969871521,0.8490566037735849,0.9310344827586207,0.3548014163970947
prompt4,Augmented_Intelligence_with_AI_in_Manufacturing__846df0f35c,12,6,5,0.21154528856277466,0.84375,0.9074074074074074,0.21387934684753418
prompt4,Augmented_Intelligence_with_AI_in_Manufacturing__846df0f35c,13,4,4,0.318852037191391,0.6956521739130435,0.9111111111111111,0.4123426377773285
prompt4,Augmented_Intelligence_with_AI_in_Manufacturing__846df0f35c,14,5,5,0.3280055820941925,0.796875,0.8947368421052632,0.4004526138305664
prompt4,Augmented_Intelligence_with_AI_in_Manufacturing__846df0f35c,15,3,3,0.24620144069194794,0.7741935483870968,0.84375,0.36134618520736694
prompt4,Augmented_Intelligence_with_AI_in_Manufacturing__846df0f35c,16,7,10,0.12287607043981552,0.8444444444444444,0.8625,0.28912851214408875
prompt4,Augmented_Intelligence_with_AI_in_Manufacturing__846df0f35c,17,5,10,0.3565760850906372,0.8243243243243243,0.7862595419847328,0.34610894322395325
prompt4,General_Robert_S._Spalding_III_-_China_s_Six_Fro_6c204870c8,1,8,10,0.3036048412322998,0.7564102564102564,0.8658536585365854,0.34009337425231934
prompt4,General_Robert_S._Spalding_III_-_China_s_Six_Fro_6c204870c8,2,8,8,0.1808924376964569,0.7272727272727273,0.7956989247311828,0.28599298000335693
prompt4,General_Robert_S._Spalding_III_-_China_s_Six_Fro_6c204870c8,3,8,6,0.13292428851127625,0.6494845360824743,0.9411764705882353,0.20668241381645203
prompt4,General_Robert_S._Spalding_III_-_China_s_Six_Fro_6c204870c8,4,7,4,0.36544936895370483,0.6282051282051282,0.8666666666666667,0.4687401056289673
prompt4,General_Robert_S._Spalding_III_-_China_s_Six_Fro_6c204870c8,5,2,2,0.2712332606315613,0.7407407407407407,1.0,0.3858424723148346
prompt4,General_Robert_S._Spalding_III_-_China_s_Six_Fro_6c204870c8,6,7,10,0.265555202960968,0.7628865979381443,0.71875,0.43343058228492737
prompt4,General_Robert_S._Spalding_III_-_China_s_Six_Fro_6c204870c8,7,8,10,0.19343633949756622,0.7281553398058253,0.7288135593220338,0.3532469868659973
prompt4,General_Robert_S._Spalding_III_-_China_s_Six_Fro_6c204870c8,8,3,3,0.4326837360858917,0.8333333333333334,0.9393939393939394,0.4865357279777527
prompt4,General_Robert_S._Spalding_III_-_China_s_Six_Fro_6c204870c8,9,8,10,0.2197696715593338,0.7129629629629629,0.7633587786259542,0.41822350025177
prompt4,General_Robert_S._Spalding_III_-_China_s_Six_Fro_6c204870c8,10,3,4,0.23541542887687683,0.8235294117647058,0.8611111111111112,0.29737526178359985
prompt4,General_Robert_S._Spalding_III_-_China_s_Six_Fro_6c204870c8,11,8,10,0.3163650631904602,0.7278911564625851,0.7450980392156863,0.38291144371032715
prompt4,General_Robert_S._Spalding_III_-_China_s_Six_Fro_6c204870c8,12,5,5,0.3643379807472229,0.7833333333333333,0.8888888888888888,0.319938600063324
prompt4,General_Robert_S._Spalding_III_-_China_s_Six_Fro_6c204870c8,13,7,10,0.275704026222229,0.7821782178217822,0.7540983606557377,0.3407612442970276
prompt4,General_Robert_S._Spalding_III_-_China_s_Six_Fro_6c204870c8,14,5,5,0.18352054059505463,0.7833333333333333,0.8571428571428571,0.23944854736328125
prompt4,General_Robert_S._Spalding_III_-_China_s_Six_Fro_6c204870c8,15,3,4,0.31675028800964355,0.8571428571428571,0.9183673469387755,0.21204981207847595
prompt4,General_Robert_S._Spalding_III_-_China_s_Six_Fro_6c204870c8,16,5,10,0.31144770979881287,0.7361111111111112,0.762589928057554,0.35726967453956604
prompt4,General_Robert_S._Spalding_III_-_China_s_Six_Fro_6c204870c8,17,3,3,0.23419444262981415,0.8292682926829268,1.0,0.1897788941860199
prompt4,General_Robert_S._Spalding_III_-_China_s_Six_Fro_6c204870c8,18,5,10,0.31012362241744995,0.7301587301587301,0.8172043010752689,0.3491915762424469
prompt4,General_Robert_S._Spalding_III_-_China_s_Six_Fro_6c204870c8,19,6,5,0.21426446735858917,0.8513513513513513,0.9107142857142857,0.28527137637138367
prompt4,General_Robert_S._Spalding_III_-_China_s_Six_Fro_6c204870c8,20,4,4,0.29166534543037415,0.8048780487804879,0.8888888888888888,0.3821936249732971
prompt4,General_Robert_S._Spalding_III_-_China_s_Six_Fro_6c204870c8,21,3,4,0.35337087512016296,0.4222222222222222,0.8709677419354839,0.45983192324638367
prompt4,General_Robert_S._Spalding_III_-_China_s_Six_Fro_6c204870c8,22,5,8,0.28990980982780457,0.9464285714285714,0.891566265060241,0.31589505076408386
prompt4,General_Robert_S._Spalding_III_-_China_s_Six_Fro_6c204870c8,23,4,5,0.3454742133617401,0.7777777777777778,0.8571428571428571,0.33665186166763306
prompt4,General_Robert_S._Spalding_III_-_China_s_Six_Fro_6c204870c8,24,10,10,0.31014081835746765,0.7445255474452555,0.7818181818181819,0.3517444133758545
prompt4,General_Robert_S._Spalding_III_-_China_s_Six_Fro_6c204870c8,25,5,7,0.36888161301612854,0.85,0.8902439024390244,0.3358471095561981
prompt4,General_Robert_S._Spalding_III_-_China_s_Six_Fro_6c204870c8,26,6,10,0.26185622811317444,0.7786259541984732,0.8278688524590164,0.3536122739315033
prompt4,General_Robert_S._Spalding_III_-_China_s_Six_Fro_6c204870c8,27,5,8,0.2647865414619446,0.8852459016393442,0.776595744680851,0.30504855513572693
prompt4,General_Robert_S._Spalding_III_-_China_s_Six_Fro_6c204870c8,28,5,5,0.38351714611053467,0.9016393442622951,0.8709677419354839,0.3990987241268158
prompt4,General_Robert_S._Spalding_III_-_China_s_Six_Fro_6c204870c8,29,5,5,0.3548532724380493,0.8363636363636363,0.8301886792452831,0.3787709176540375
prompt4,General_Robert_S._Spalding_III_-_China_s_Six_Fro_6c204870c8,30,5,10,0.3961600363254547,0.8363636363636363,0.8235294117647058,0.3350841701030731
prompt4,General_Robert_S._Spalding_III_-_China_s_Six_Fro_6c204870c8,31,3,3,0.37086087465286255,0.7962962962962963,0.9459459459459459,0.3532749116420746
prompt4,General_Robert_S._Spalding_III_-_China_s_Six_Fro_6c204870c8,32,3,4,0.2912895083427429,0.9038461538461539,0.926829268292683,0.3442533016204834
prompt4,General_Robert_S._Spalding_III_-_China_s_Six_Fro_6c204870c8,33,5,5,0.27253076434135437,0.8163265306122449,0.9137931034482759,0.26447591185569763
prompt4,General_Robert_S._Spalding_III_-_China_s_Six_Fro_6c204870c8,34,2,2,0.133935809135437,0.9166666666666666,1.0,0.29598236083984375
prompt4,General_Robert_S._Spalding_III_-_China_s_Six_Fro_6c204870c8,35,5,5,0.23546862602233887,0.8448275862068966,0.9555555555555556,0.2505267560482025
prompt4,General_Robert_S._Spalding_III_-_China_s_Six_Fro_6c204870c8,36,5,5,0.25038453936576843,0.8571428571428571,0.9038461538461539,0.25318703055381775
prompt4,General_Robert_S._Spalding_III_-_China_s_Six_Fro_6c204870c8,37,5,5,0.33452144265174866,0.8023255813953488,0.8970588235294118,0.3022557497024536
prompt4,General_Robert_S._Spalding_III_-_China_s_Six_Fro_6c204870c8,38,7,8,0.2931900918483734,0.8888888888888888,0.8037383177570093,0.29756417870521545
prompt4,General_Robert_S._Spalding_III_-_China_s_Six_Fro_6c204870c8,39,5,5,0.31252017617225647,0.8048780487804879,0.8625,0.277474969625473
prompt4,General_Robert_S._Spalding_III_-_China_s_Six_Fro_6c204870c8,40,8,7,0.3871573805809021,0.7926829268292683,0.8571428571428571,0.2893959581851959
prompt4,General_Robert_S._Spalding_III_-_China_s_Six_Fro_6c204870c8,41,4,5,0.2744729816913605,0.782608695652174,0.94,0.2608952224254608
prompt4,General_Robert_S._Spalding_III_-_China_s_Six_Fro_6c204870c8,42,8,10,0.3223729729652405,0.7411764705882353,0.8,0.42377758026123047
prompt4,General_Robert_S._Spalding_III_-_China_s_Six_Fro_6c204870c8,43,2,3,0.4117445647716522,0.9230769230769231,0.9411764705882353,0.4727451503276825
prompt4,General_Robert_S._Spalding_III_-_China_s_Six_Fro_6c204870c8,44,8,10,0.35479509830474854,0.7711864406779662,0.7272727272727273,0.42028915882110596
prompt4,General_Robert_S._Spalding_III_-_China_s_Six_Fro_6c204870c8,45,7,8,0.3344371020793915,0.7564102564102564,0.8333333333333334,0.31270837783813477
prompt4,General_Robert_S._Spalding_III_-_China_s_Six_Fro_6c204870c8,46,10,10,0.3467244505882263,0.7606837606837606,0.808695652173913,0.3238752782344818
prompt4,General_Robert_S._Spalding_III_-_China_s_Six_Fro_6c204870c8,47,8,10,0.40924015641212463,0.6363636363636364,0.782608695652174,0.35964033007621765
prompt4,General_Robert_S._Spalding_III_-_China_s_Six_Fro_6c204870c8,48,8,10,0.29195818305015564,0.693069306930693,0.8712871287128713,0.3316059708595276
prompt4,General_Robert_S._Spalding_III_-_China_s_Six_Fro_6c204870c8,49,2,3,0.3410722613334656,0.75,0.7804878048780488,0.39802074432373047
prompt4,General_Robert_S._Spalding_III_-_China_s_Six_Fro_6c204870c8,50,6,8,0.12690423429012299,0.6296296296296297,0.8,0.379965215921402
prompt4,General_Robert_S._Spalding_III_-_China_s_Six_Fro_6c204870c8,51,3,4,0.47650808095932007,0.8157894736842105,0.9444444444444444,0.43282806873321533
prompt4,General_Robert_S._Spalding_III_-_China_s_Six_Fro_6c204870c8,52,10,10,0.23671120405197144,0.7133757961783439,0.7898550724637681,0.3653446137905121
prompt4,General_Robert_S._Spalding_III_-_China_s_Six_Fro_6c204870c8,53,3,4,0.4076700210571289,0.8717948717948718,0.9444444444444444,0.39930376410484314
prompt4,General_Robert_S._Spalding_III_-_China_s_Six_Fro_6c204870c8,54,4,4,0.48170900344848633,0.62,0.8363636363636363,0.4624912738800049
prompt4,General_Robert_S._Spalding_III_-_China_s_Six_Fro_6c204870c8,55,3,3,0.4094187021255493,0.71875,0.875,0.4525304436683655
prompt4,General_Robert_S._Spalding_III_-_China_s_Six_Fro_6c204870c8,56,10,10,0.32997196912765503,0.6906474820143885,0.734375,0.39710935950279236
prompt4,General_Robert_S._Spalding_III_-_China_s_Six_Fro_6c204870c8,57,4,4,0.3377313017845154,0.76,0.9038461538461539,0.5118721723556519
prompt4,General_Robert_S._Spalding_III_-_China_s_Six_Fro_6c204870c8,58,8,10,0.3009662926197052,0.7583333333333333,0.781021897810219,0.3391413390636444
prompt4,General_Robert_S._Spalding_III_-_China_s_Six_Fro_6c204870c8,59,6,8,0.3549726605415344,0.796875,0.82,0.40853455662727356
prompt4,General_Robert_S._Spalding_III_-_China_s_Six_Fro_6c204870c8,60,8,10,0.3629574775695801,0.6699029126213593,0.7734375,0.3330245614051819
prompt4,General_Robert_S._Spalding_III_-_China_s_Six_Fro_6c204870c8,61,7,8,0.3318184018135071,0.7916666666666666,0.8080808080808081,0.3461199998855591
prompt4,General_Robert_S._Spalding_III_-_China_s_Six_Fro_6c204870c8,62,5,10,0.330160528421402,0.85,0.7751937984496124,0.340658038854599
prompt4,General_Robert_S._Spalding_III_-_China_s_Six_Fro_6c204870c8,63,2,3,0.4917294979095459,0.8636363636363636,0.8529411764705882,0.4610419273376465
prompt4,General_Robert_S._Spalding_III_-_China_s_Six_Fro_6c204870c8,64,4,10,0.33854642510414124,0.84,0.8113207547169812,0.47981730103492737
prompt4,General_Robert_S._Spalding_III_-_China_s_Six_Fro_6c204870c8,65,4,4,0.3210020065307617,0.8059701492537313,0.9117647058823529,0.45615237951278687
prompt4,General_Robert_S._Spalding_III_-_China_s_Six_Fro_6c204870c8,66,5,5,0.2897774577140808,0.7894736842105263,0.8983050847457628,0.24828878045082092
prompt4,General_Robert_S._Spalding_III_-_China_s_Six_Fro_6c204870c8,67,5,4,0.07947658747434616,0.7045454545454546,0.9722222222222222,0.35603460669517517
prompt4,General_Robert_S._Spalding_III_-_China_s_Six_Fro_6c204870c8,68,5,5,0.3489067852497101,0.7755102040816326,0.875,0.3418099880218506
prompt4,S1_E15_Mostafa_Elbermawy_on_Long-Lasting_Work_Se_29eea0aed2,1,5,4,0.25338828563690186,0.7936507936507936,0.8666666666666667,0.41302260756492615
prompt4,S1_E15_Mostafa_Elbermawy_on_Long-Lasting_Work_Se_29eea0aed2,2,2,3,0.3499257266521454,0.9629629629629629,1.0,0.30970731377601624
prompt4,S1_E15_Mostafa_Elbermawy_on_Long-Lasting_Work_Se_29eea0aed2,3,5,5,0.4077986180782318,0.7887323943661971,0.8656716417910447,0.3683663308620453
prompt4,S1_E15_Mostafa_Elbermawy_on_Long-Lasting_Work_Se_29eea0aed2,4,4,4,0.4835740029811859,0.84,0.9090909090909091,0.42667752504348755
prompt4,S1_E15_Mostafa_Elbermawy_on_Long-Lasting_Work_Se_29eea0aed2,5,2,2,0.41854169964790344,0.85,0.9565217391304348,0.48063164949417114
prompt4,S1_E15_Mostafa_Elbermawy_on_Long-Lasting_Work_Se_29eea0aed2,6,4,4,0.3924218714237213,0.5,0.8723404255319149,0.3117765188217163
prompt4,S1_E15_Mostafa_Elbermawy_on_Long-Lasting_Work_Se_29eea0aed2,7,0,0,0.0,0.0,0.0,0.0
prompt4,S1_E15_Mostafa_Elbermawy_on_Long-Lasting_Work_Se_29eea0aed2,8,2,2,0.4380534291267395,0.8947368421052632,1.0,0.4469287395477295
prompt4,S1_E15_Mostafa_Elbermawy_on_Long-Lasting_Work_Se_29eea0aed2,9,5,5,0.3379151225090027,0.8863636363636364,0.864406779661017,0.39352884888648987
prompt4,S1_E15_Mostafa_Elbermawy_on_Long-Lasting_Work_Se_29eea0aed2,10,4,3,0.21798531711101532,0.75,0.8947368421052632,0.5257611274719238
prompt4,S1_E15_Mostafa_Elbermawy_on_Long-Lasting_Work_Se_29eea0aed2,11,10,10,0.19627611339092255,0.78125,0.8823529411764706,0.2511933445930481
prompt4,S1_E15_Mostafa_Elbermawy_on_Long-Lasting_Work_Se_29eea0aed2,12,5,10,0.32208141684532166,0.7894736842105263,0.8829787234042553,0.28711217641830444
prompt4,S1_E15_Mostafa_Elbermawy_on_Long-Lasting_Work_Se_29eea0aed2,13,4,4,0.23972126841545105,0.8545454545454545,0.8913043478260869,0.313926100730896
prompt4,S1_E15_Mostafa_Elbermawy_on_Long-Lasting_Work_Se_29eea0aed2,14,4,4,0.33194297552108765,0.6857142857142857,0.8771929824561403,0.40647250413894653
prompt4,S1_E15_Mostafa_Elbermawy_on_Long-Lasting_Work_Se_29eea0aed2,15,6,10,0.37221798300743103,0.8125,0.7936507936507936,0.3351491093635559
prompt4,S1_E15_Mostafa_Elbermawy_on_Long-Lasting_Work_Se_29eea0aed2,16,5,5,0.26612141728401184,0.8181818181818182,0.8813559322033898,0.3601149022579193
prompt4,S1_E15_Mostafa_Elbermawy_on_Long-Lasting_Work_Se_29eea0aed2,17,5,5,0.22953717410564423,0.68,0.9347826086956522,0.36080583930015564
prompt4,S1_E15_Mostafa_Elbermawy_on_Long-Lasting_Work_Se_29eea0aed2,18,5,5,0.4010860323905945,0.7543859649122807,0.8620689655172413,0.38874348998069763
prompt4,S1_E15_Mostafa_Elbermawy_on_Long-Lasting_Work_Se_29eea0aed2,19,3,3,0.3875305652618408,0.9285714285714286,0.9642857142857143,0.30541953444480896
prompt4,S1_E15_Mostafa_Elbermawy_on_Long-Lasting_Work_Se_29eea0aed2,20,5,5,0.373121976852417,0.8070175438596491,0.92,0.41079163551330566
prompt4,S1_E15_Mostafa_Elbermawy_on_Long-Lasting_Work_Se_29eea0aed2,21,3,3,0.3609309792518616,0.8918918918918919,1.0,0.2824869453907013
prompt4,S1_E15_Mostafa_Elbermawy_on_Long-Lasting_Work_Se_29eea0aed2,22,2,3,0.5073820352554321,0.9411764705882353,0.96,0.3347998559474945
prompt4,S1_E15_Mostafa_Elbermawy_on_Long-Lasting_Work_Se_29eea0aed2,23,5,5,0.2520405054092407,0.9322033898305084,0.9047619047619048,0.26769813895225525
prompt4,S1_E15_Mostafa_Elbermawy_on_Long-Lasting_Work_Se_29eea0aed2,24,4,4,0.2525113821029663,0.8,0.9736842105263158,0.2714095711708069
prompt4,S1_E15_Mostafa_Elbermawy_on_Long-Lasting_Work_Se_29eea0aed2,25,4,4,0.36447423696517944,0.95,0.9047619047619048,0.32653796672821045
prompt4,S1_E15_Mostafa_Elbermawy_on_Long-Lasting_Work_Se_29eea0aed2,26,3,3,0.27389127016067505,0.92,0.8857142857142857,0.3264405131340027
prompt4,S1_E15_Mostafa_Elbermawy_on_Long-Lasting_Work_Se_29eea0aed2,27,5,5,0.33862975239753723,0.7241379310344828,0.9272727272727272,0.387755423784256
prompt4,S1_E15_Mostafa_Elbermawy_on_Long-Lasting_Work_Se_29eea0aed2,28,7,10,0.28776082396507263,0.8904109589041096,0.7980769230769231,0.3719708323478699
prompt4,S1_E15_Mostafa_Elbermawy_on_Long-Lasting_Work_Se_29eea0aed2,29,5,6,0.42309820652008057,0.9285714285714286,0.9137931034482759,0.4341559410095215
prompt4,S1_E15_Mostafa_Elbermawy_on_Long-Lasting_Work_Se_29eea0aed2,30,5,5,0.396260142326355,0.8695652173913043,0.9,0.31613442301750183
prompt4,S1_E15_Mostafa_Elbermawy_on_Long-Lasting_Work_Se_29eea0aed2,31,0,0,0.0,0.0,0.0,0.0
prompt4,S1_E15_Mostafa_Elbermawy_on_Long-Lasting_Work_Se_29eea0aed2,32,4,5,0.34973081946372986,0.9090909090909091,0.8833333333333333,0.3731665313243866
prompt4,S1_E15_Mostafa_Elbermawy_on_Long-Lasting_Work_Se_29eea0aed2,33,4,4,0.22610828280448914,0.8461538461538461,0.875,0.34379515051841736
prompt4,S1_E15_Mostafa_Elbermawy_on_Long-Lasting_Work_Se_29eea0aed2,34,7,5,0.24573859572410583,0.6794871794871795,0.9411764705882353,0.32809218764305115
prompt4,S1_E15_Mostafa_Elbermawy_on_Long-Lasting_Work_Se_29eea0aed2,35,4,4,0.4631240665912628,0.8064516129032258,0.9166666666666666,0.38419315218925476
prompt4,S1_E15_Mostafa_Elbermawy_on_Long-Lasting_Work_Se_29eea0aed2,36,4,4,0.38714146614074707,0.7575757575757576,0.918918918918919,0.3168395161628723
prompt4,S1_E15_Mostafa_Elbermawy_on_Long-Lasting_Work_Se_29eea0aed2,37,4,4,0.302682101726532,0.875,0.875,0.3474823236465454
prompt4,S1_E15_Mostafa_Elbermawy_on_Long-Lasting_Work_Se_29eea0aed2,38,4,4,0.4503619968891144,0.9142857142857143,0.8809523809523809,0.44606053829193115
prompt4,S1_E15_Mostafa_Elbermawy_on_Long-Lasting_Work_Se_29eea0aed2,39,0,0,0.0,0.0,0.0,0.0
prompt4,S1_E15_Mostafa_Elbermawy_on_Long-Lasting_Work_Se_29eea0aed2,40,8,10,0.40527650713920593,0.8227848101265823,0.7614678899082569,0.38468024134635925
prompt4,S1_E15_Mostafa_Elbermawy_on_Long-Lasting_Work_Se_29eea0aed2,41,3,4,0.2818528413772583,0.7894736842105263,0.8863636363636364,0.33526796102523804
prompt4,S1_E15_Mostafa_Elbermawy_on_Long-Lasting_Work_Se_29eea0aed2,42,4,4,0.23059508204460144,0.8717948717948718,0.925,0.27217549085617065
prompt5,177_Surviving_and_thriving_in_a_changing_world_A_94335be5a4,1,4,3,0.29929929971694946,0.7272727272727273,0.8918918918918919,0.2685064673423767
prompt5,177_Surviving_and_thriving_in_a_changing_world_A_94335be5a4,2,10,10,0.28241482377052307,0.7226277372262774,0.8571428571428571,0.27627870440483093
prompt5,177_Surviving_and_thriving_in_a_changing_world_A_94335be5a4,3,3,3,0.3773670196533203,0.9696969696969697,0.9,0.39634573459625244
prompt5,Augmented_Intelligence_with_AI_in_Manufacturing__846df0f35c,1,3,3,0.2355727106332779,0.8181818181818182,0.96,0.25561201572418213
prompt5,Augmented_Intelligence_with_AI_in_Manufacturing__846df0f35c,2,6,5,0.314218670129776,0.7377049180327869,0.9574468085106383,0.22516107559204102
prompt5,Augmented_Intelligence_with_AI_in_Manufacturing__846df0f35c,3,5,4,0.304233193397522,0.7640449438202247,0.8723404255319149,0.3206176161766052
prompt5,Augmented_Intelligence_with_AI_in_Manufacturing__846df0f35c,4,10,5,0.2057100087404251,0.7628865979381443,0.9545454545454546,0.2907398045063019
prompt5,Augmented_Intelligence_with_AI_in_Manufacturing__846df0f35c,5,5,4,0.32786980271339417,0.8301886792452831,0.9473684210526315,0.3764537274837494
prompt5,Augmented_Intelligence_with_AI_in_Manufacturing__846df0f35c,6,7,5,0.35120218992233276,0.8351648351648352,0.9090909090909091,0.3506471514701843
prompt5,Augmented_Intelligence_with_AI_in_Manufacturing__846df0f35c,7,7,5,0.24398024380207062,0.7962962962962963,0.9166666666666666,0.3443305492401123
prompt5,Augmented_Intelligence_with_AI_in_Manufacturing__846df0f35c,8,6,5,0.2686478793621063,0.8656716417910447,0.9272727272727272,0.41566410660743713
prompt5,Augmented_Intelligence_with_AI_in_Manufacturing__846df0f35c,9,4,4,0.39503952860832214,0.8958333333333334,0.8888888888888888,0.2896379232406616
prompt5,Augmented_Intelligence_with_AI_in_Manufacturing__846df0f35c,10,7,5,0.260861873626709,0.8247422680412371,0.9347826086956522,0.3106690049171448
prompt5,Augmented_Intelligence_with_AI_in_Manufacturing__846df0f35c,11,5,5,0.38129958510398865,0.8727272727272727,0.8983050847457628,0.3417308032512665
prompt5,Augmented_Intelligence_with_AI_in_Manufacturing__846df0f35c,12,8,4,0.24941429495811462,0.8108108108108109,0.9512195121951219,0.3123708963394165
prompt5,Augmented_Intelligence_with_AI_in_Manufacturing__846df0f35c,13,5,4,0.24606409668922424,0.7,0.9523809523809523,0.27764442563056946
prompt5,Augmented_Intelligence_with_AI_in_Manufacturing__846df0f35c,14,10,10,0.30260124802589417,0.7157894736842105,0.8932038834951457,0.36462563276290894
prompt5,Augmented_Intelligence_with_AI_in_Manufacturing__846df0f35c,15,5,3,0.2834169566631317,0.6326530612244898,0.8787878787878788,0.44119367003440857
prompt5,Augmented_Intelligence_with_AI_in_Manufacturing__846df0f35c,16,5,3,0.12595604360103607,0.7884615384615384,0.9354838709677419,0.2816413640975952
prompt5,Augmented_Intelligence_with_AI_in_Manufacturing__846df0f35c,17,5,5,0.3448810577392578,0.7941176470588235,0.9038461538461539,0.302432119846344
prompt5,General_Robert_S._Spalding_III_-_China_s_Six_Fro_6c204870c8,1,8,5,0.1087215468287468,0.7209302325581395,0.9629629629629629,0.19414405524730682
prompt5,General_Robert_S._Spalding_III_-_China_s_Six_Fro_6c204870c8,2,7,5,0.1230938509106636,0.7945205479452054,0.9387755102040817,0.2257135957479477
prompt5,General_Robert_S._Spalding_III_-_China_s_Six_Fro_6c204870c8,3,10,10,0.11868613958358765,0.6266666666666667,0.84,0.29359668493270874
prompt5,General_Robert_S._Spalding_III_-_China_s_Six_Fro_6c204870c8,4,7,3,0.3421767055988312,0.5822784810126582,0.9375,0.5161614418029785
prompt5,General_Robert_S._Spalding_III_-_China_s_Six_Fro_6c204870c8,5,4,4,0.27472636103630066,0.5925925925925926,0.8780487804878049,0.3844224214553833
prompt5,General_Robert_S._Spalding_III_-_China_s_Six_Fro_6c204870c8,6,5,4,0.19180768728256226,0.7941176470588235,0.875,0.34679585695266724
prompt5,General_Robert_S._Spalding_III_-_China_s_Six_Fro_6c204870c8,7,8,5,0.1818029135465622,0.6764705882352942,0.9387755102040817,0.2589550018310547
prompt5,General_Robert_S._Spalding_III_-_China_s_Six_Fro_6c204870c8,8,4,4,0.3300500512123108,0.7916666666666666,0.925,0.3519361913204193
prompt5,General_Robert_S._Spalding_III_-_China_s_Six_Fro_6c204870c8,9,7,6,0.24909429252147675,0.7586206896551724,0.9210526315789473,0.30257871747016907
prompt5,General_Robert_S._Spalding_III_-_China_s_Six_Fro_6c204870c8,10,4,3,0.2692106366157532,0.7804878048780488,1.0,0.3154568374156952
prompt5,General_Robert_S._Spalding_III_-_China_s_Six_Fro_6c204870c8,11,8,5,0.24893231689929962,0.7094017094017094,0.8421052631578947,0.29759731888771057
prompt5,General_Robert_S._Spalding_III_-_China_s_Six_Fro_6c204870c8,12,3,3,0.2577647864818573,0.8780487804878049,0.875,0.2907429337501526
prompt5,General_Robert_S._Spalding_III_-_China_s_Six_Fro_6c204870c8,13,7,7,0.2580008804798126,0.6742424242424242,0.8640776699029126,0.34709230065345764
prompt5,General_Robert_S._Spalding_III_-_China_s_Six_Fro_6c204870c8,14,4,4,0.177200585603714,0.8205128205128205,0.9024390243902439,0.23204998672008514
prompt5,General_Robert_S._Spalding_III_-_China_s_Six_Fro_6c204870c8,15,4,4,0.3239927887916565,0.7288135593220338,0.8571428571428571,0.2771053910255432
prompt5,General_Robert_S._Spalding_III_-_China_s_Six_Fro_6c204870c8,16,6,5,0.23344936966896057,0.7619047619047619,0.9230769230769231,0.34731656312942505
prompt5,General_Robert_S._Spalding_III_-_China_s_Six_Fro_6c204870c8,17,2,2,0.2345890998840332,0.7142857142857143,0.9166666666666666,0.4633343517780304
prompt5,General_Robert_S._Spalding_III_-_China_s_Six_Fro_6c204870c8,18,5,5,0.2749960720539093,0.734375,0.8484848484848485,0.34639066457748413
prompt5,General_Robert_S._Spalding_III_-_China_s_Six_Fro_6c204870c8,19,8,5,0.2605260908603668,0.6694214876033058,0.8461538461538461,0.3578588664531708
prompt5,General_Robert_S._Spalding_III_-_China_s_Six_Fro_6c204870c8,20,5,4,0.21854856610298157,0.5833333333333334,0.9655172413793104,0.2768329381942749
prompt5,General_Robert_S._Spalding_III_-_China_s_Six_Fro_6c204870c8,21,5,4,0.2509259879589081,0.5806451612903226,0.9423076923076923,0.3416384160518646
prompt5,General_Robert_S._Spalding_III_-_China_s_Six_Fro_6c204870c8,22,5,5,0.3095860779285431,0.8648648648648649,0.9193548387096774,0.3725859224796295
prompt5,General_Robert_S._Spalding_III_-_China_s_Six_Fro_6c204870c8,23,4,4,0.32330915331840515,0.7441860465116279,0.918918918918919,0.365532249212265
prompt5,General_Robert_S._Spalding_III_-_China_s_Six_Fro_6c204870c8,24,10,10,0.31595972180366516,0.7303370786516854,0.7304347826086957,0.36144375801086426
prompt5,General_Robert_S._Spalding_III_-_China_s_Six_Fro_6c204870c8,25,5,5,0.3880142569541931,0.8571428571428571,0.84,0.3508504629135132
prompt5,General_Robert_S._Spalding_III_-_China_s_Six_Fro_6c204870c8,26,8,5,0.2201421707868576,0.7635135135135135,0.9,0.3281188905239105
prompt5,General_Robert_S._Spalding_III_-_China_s_Six_Fro_6c204870c8,27,5,4,0.2460513859987259,0.875,0.926829268292683,0.34050270915031433
prompt5,General_Robert_S._Spalding_III_-_China_s_Six_Fro_6c204870c8,28,10,10,0.3015775680541992,0.7545454545454545,0.8490566037735849,0.28633227944374084
prompt5,General_Robert_S._Spalding_III_-_China_s_Six_Fro_6c204870c8,29,5,5,0.3465396761894226,0.7777777777777778,0.8909090909090909,0.3356722295284271
prompt5,General_Robert_S._Spalding_III_-_China_s_Six_Fro_6c204870c8,30,3,3,0.4347723424434662,0.85,0.9411764705882353,0.40104013681411743
prompt5,General_Robert_S._Spalding_III_-_China_s_Six_Fro_6c204870c8,31,5,4,0.2526493966579437,0.7763157894736842,0.9523809523809523,0.4081685543060303
prompt5,General_Robert_S._Spalding_III_-_China_s_Six_Fro_6c204870c8,32,6,4,0.29722923040390015,0.7866666666666666,0.9285714285714286,0.32100170850753784
prompt5,General_Robert_S._Spalding_III_-_China_s_Six_Fro_6c204870c8,33,6,5,0.2743850350379944,0.835820895522388,0.8983050847457628,0.23261380195617676
prompt5,General_Robert_S._Spalding_III_-_China_s_Six_Fro_6c204870c8,34,3,3,0.23696576058864594,0.8857142857142857,1.0,0.1778419017791748
prompt5,General_Robert_S._Spalding_III_-_China_s_Six_Fro_6c204870c8,35,5,4,0.2322155088186264,0.855072463768116,0.9555555555555556,0.19328556954860687
prompt5,General_Robert_S._Spalding_III_-_China_s_Six_Fro_6c204870c8,36,8,5,0.24181561172008514,0.8350515463917526,0.9666666666666667,0.26993831992149353
prompt5,General_Robert_S._Spalding_III_-_China_s_Six_Fro_6c204870c8,37,5,4,0.3507177531719208,0.7204301075268817,0.9019607843137255,0.30767202377319336
prompt5,General_Robert_S._Spalding_III_-_China_s_Six_Fro_6c204870c8,38,5,5,0.3054611086845398,0.9322033898305084,0.9166666666666666,0.2546956539154053
prompt5,General_Robert_S._Spalding_III_-_China_s_Six_Fro_6c204870c8,39,5,4,0.26803237199783325,0.8620689655172413,0.925,0.40597373247146606
prompt5,General_Robert_S._Spalding_III_-_China_s_Six_Fro_6c204870c8,40,10,10,0.3683830797672272,0.7448979591836735,0.8555555555555555,0.33125975728034973
prompt5,General_Robert_S._Spalding_III_-_China_s_Six_Fro_6c204870c8,41,4,4,0.29636532068252563,0.8947368421052632,0.9705882352941176,0.19700460135936737
prompt5,General_Robert_S._Spalding_III_-_China_s_Six_Fro_6c204870c8,42,8,5,0.46672773361206055,0.76,0.9019607843137255,0.42951318621635437
prompt5,General_Robert_S._Spalding_III_-_China_s_Six_Fro_6c204870c8,43,4,3,0.3229133188724518,0.8181818181818182,0.9534883720930233,0.328033447265625
prompt5,General_Robert_S._Spalding_III_-_China_s_Six_Fro_6c204870c8,44,9,10,0.3493782877922058,0.7094017094017094,0.780952380952381,0.3633459508419037
prompt5,General_Robert_S._Spalding_III_-_China_s_Six_Fro_6c204870c8,45,7,5,0.36218756437301636,0.8469387755102041,0.8227848101265823,0.385918527841568
prompt5,General_Robert_S._Spalding_III_-_China_s_Six_Fro_6c204870c8,46,10,10,0.31110477447509766,0.8541666666666666,0.8539325842696629,0.3378444015979767
prompt5,General_Robert_S._Spalding_III_-_China_s_Six_Fro_6c204870c8,47,5,5,0.40603336691856384,0.7972972972972973,0.8679245283018868,0.3119366765022278
prompt5,General_Robert_S._Spalding_III_-_China_s_Six_Fro_6c204870c8,48,8,5,0.2731412947177887,0.6693548387096774,0.9473684210526315,0.30157145857810974
prompt5,General_Robert_S._Spalding_III_-_China_s_Six_Fro_6c204870c8,49,4,3,0.30176982283592224,0.7209302325581395,0.8918918918918919,0.39308786392211914
prompt5,General_Robert_S._Spalding_III_-_China_s_Six_Fro_6c204870c8,50,8,5,0.1569405496120453,0.6049382716049383,1.0,0.36299657821655273
prompt5,General_Robert_S._Spalding_III_-_China_s_Six_Fro_6c204870c8,51,3,3,0.40553057193756104,0.8055555555555556,0.9615384615384616,0.5085127353668213
prompt5,General_Robert_S._Spalding_III_-_China_s_Six_Fro_6c204870c8,52,10,10,0.24021804332733154,0.6842105263157895,0.8174603174603174,0.34581688046455383
prompt5,General_Robert_S._Spalding_III_-_China_s_Six_Fro_6c204870c8,53,3,3,0.3151380121707916,0.8571428571428571,0.9069767441860465,0.41305336356163025
prompt5,General_Robert_S._Spalding_III_-_China_s_Six_Fro_6c204870c8,54,5,4,0.3193933069705963,0.711864406779661,0.9302325581395349,0.44083675742149353
prompt5,General_Robert_S._Spalding_III_-_China_s_Six_Fro_6c204870c8,55,3,3,0.4399881064891815,0.7428571428571429,0.9090909090909091,0.3823568820953369
prompt5,General_Robert_S._Spalding_III_-_China_s_Six_Fro_6c204870c8,56,10,10,0.3217349946498871,0.6384615384615384,0.7669902912621359,0.3299728035926819
prompt5,General_Robert_S._Spalding_III_-_China_s_Six_Fro_6c204870c8,57,3,3,0.25037235021591187,0.8611111111111112,1.0,0.2019743025302887
prompt5,General_Robert_S._Spalding_III_-_China_s_Six_Fro_6c204870c8,58,10,10,0.2961820065975189,0.7044025157232704,0.768,0.34740132093429565
prompt5,General_Robert_S._Spalding_III_-_China_s_Six_Fro_6c204870c8,59,6,5,0.3940592408180237,0.782608695652174,0.8305084745762712,0.4757177531719208
prompt5,General_Robert_S._Spalding_III_-_China_s_Six_Fro_6c204870c8,60,8,6,0.3582476079463959,0.6842105263157895,0.8688524590163934,0.3166927099227905
prompt5,General_Robert_S._Spalding_III_-_China_s_Six_Fro_6c204870c8,61,7,5,0.29114750027656555,0.7906976744186046,0.8666666666666667,0.29383164644241333
prompt5,General_Robert_S._Spalding_III_-_China_s_Six_Fro_6c204870c8,62,5,5,0.350431889295578,0.8245614035087719,0.8979591836734694,0.3601286709308624
prompt5,General_Robert_S._Spalding_III_-_China_s_Six_Fro_6c204870c8,63,2,2,0.4310220181941986,0.8695652173913043,1.0,0.14576368033885956
prompt5,General_Robert_S._Spalding_III_-_China_s_Six_Fro_6c204870c8,64,4,4,0.300631582736969,0.8490566037735849,0.9148936170212766,0.466890811920166
prompt5,General_Robert_S._Spalding_III_-_China_s_Six_Fro_6c204870c8,65,4,4,0.32302919030189514,0.7777777777777778,0.8837209302325582,0.4641422927379608
prompt5,General_Robert_S._Spalding_III_-_China_s_Six_Fro_6c204870c8,66,6,5,0.27670881152153015,0.7846153846153846,0.8181818181818182,0.3575306832790375
prompt5,General_Robert_S._Spalding_III_-_China_s_Six_Fro_6c204870c8,67,6,3,0.14630953967571259,0.7692307692307693,0.8846153846153846,0.35264381766319275
prompt5,General_Robert_S._Spalding_III_-_China_s_Six_Fro_6c204870c8,68,5,4,0.22123228013515472,0.7777777777777778,0.875,0.26714760065078735
prompt5,S1_E15_Mostafa_Elbermawy_on_Long-Lasting_Work_Se_29eea0aed2,1,7,4,0.2180449366569519,0.8,0.95,0.2791924774646759
prompt5,S1_E15_Mostafa_Elbermawy_on_Long-Lasting_Work_Se_29eea0aed2,2,5,5,0.3539506196975708,0.734375,0.9591836734693877,0.36338362097740173
prompt5,S1_E15_Mostafa_Elbermawy_on_Long-Lasting_Work_Se_29eea0aed2,3,5,4,0.37510427832603455,0.7857142857142857,0.9473684210526315,0.2878515422344208
prompt5,S1_E15_Mostafa_Elbermawy_on_Long-Lasting_Work_Se_29eea0aed2,4,4,4,0.38667136430740356,0.8095238095238095,0.918918918918919,0.35837361216545105
prompt5,S1_E15_Mostafa_Elbermawy_on_Long-Lasting_Work_Se_29eea0aed2,5,10,4,0.3449142873287201,0.5847457627118644,0.9761904761904762,0.46591103076934814
prompt5,S1_E15_Mostafa_Elbermawy_on_Long-Lasting_Work_Se_29eea0aed2,6,3,3,0.42224445939064026,0.8823529411764706,0.8974358974358975,0.26935791969299316
prompt5,S1_E15_Mostafa_Elbermawy_on_Long-Lasting_Work_Se_29eea0aed2,7,2,2,0.342870831489563,0.8076923076923077,0.9047619047619048,0.46197497844696045
prompt5,S1_E15_Mostafa_Elbermawy_on_Long-Lasting_Work_Se_29eea0aed2,8,2,2,0.3709717094898224,0.8518518518518519,1.0,0.4461132287979126
prompt5,S1_E15_Mostafa_Elbermawy_on_Long-Lasting_Work_Se_29eea0aed2,9,5,4,0.32487234473228455,0.8333333333333334,0.9487179487179487,0.23995719850063324
prompt5,S1_E15_Mostafa_Elbermawy_on_Long-Lasting_Work_Se_29eea0aed2,10,4,4,0.22349043190479279,0.8378378378378378,0.8918918918918919,0.3936898112297058
prompt5,S1_E15_Mostafa_Elbermawy_on_Long-Lasting_Work_Se_29eea0aed2,11,10,5,0.22361095249652863,0.7058823529411765,0.9259259259259259,0.26468774676322937
prompt5,S1_E15_Mostafa_Elbermawy_on_Long-Lasting_Work_Se_29eea0aed2,12,8,7,0.3370971977710724,0.7959183673469388,0.9464285714285714,0.3172870874404907
prompt5,S1_E15_Mostafa_Elbermawy_on_Long-Lasting_Work_Se_29eea0aed2,13,4,3,0.2760288417339325,0.9215686274509803,0.8181818181818182,0.36569130420684814
prompt5,S1_E15_Mostafa_Elbermawy_on_Long-Lasting_Work_Se_29eea0aed2,14,5,3,0.2931502163410187,0.509090909090909,1.0,0.29586726427078247
prompt5,S1_E15_Mostafa_Elbermawy_on_Long-Lasting_Work_Se_29eea0aed2,15,6,5,0.37882229685783386,0.8181818181818182,0.8392857142857143,0.35384809970855713
prompt5,S1_E15_Mostafa_Elbermawy_on_Long-Lasting_Work_Se_29eea0aed2,16,3,3,0.31553882360458374,0.8157894736842105,0.9655172413793104,0.2684020400047302
prompt5,S1_E15_Mostafa_Elbermawy_on_Long-Lasting_Work_Se_29eea0aed2,17,5,3,0.33603134751319885,0.7894736842105263,0.9545454545454546,0.43216705322265625
prompt5,S1_E15_Mostafa_Elbermawy_on_Long-Lasting_Work_Se_29eea0aed2,18,5,4,0.3929339349269867,0.8035714285714286,0.9375,0.46916449069976807
prompt5,S1_E15_Mostafa_Elbermawy_on_Long-Lasting_Work_Se_29eea0aed2,19,3,2,0.30115753412246704,0.9,1.0,0.3988801836967468
prompt5,S1_E15_Mostafa_Elbermawy_on_Long-Lasting_Work_Se_29eea0aed2,20,5,4,0.33067449927330017,0.8135593220338984,0.8571428571428571,0.2764917314052582
prompt5,S1_E15_Mostafa_Elbermawy_on_Long-Lasting_Work_Se_29eea0aed2,21,0,3,0.0,0.0,0.8387096774193549,0.45967456698417664
prompt5,S1_E15_Mostafa_Elbermawy_on_Long-Lasting_Work_Se_29eea0aed2,22,3,3,0.4324880838394165,0.84375,0.9285714285714286,0.4094242751598358
prompt5,S1_E15_Mostafa_Elbermawy_on_Long-Lasting_Work_Se_29eea0aed2,23,5,5,0.3317469656467438,0.9027777777777778,0.9016393442622951,0.373258501291275
prompt5,S1_E15_Mostafa_Elbermawy_on_Long-Lasting_Work_Se_29eea0aed2,24,3,2,0.29215070605278015,0.90625,0.9130434782608695,0.3584951162338257
prompt5,S1_E15_Mostafa_Elbermawy_on_Long-Lasting_Work_Se_29eea0aed2,25,5,4,0.3829164206981659,0.847457627118644,0.9142857142857143,0.454465389251709
prompt5,S1_E15_Mostafa_Elbermawy_on_Long-Lasting_Work_Se_29eea0aed2,26,4,3,0.29053995013237,0.7017543859649122,0.8709677419354839,0.14272451400756836
prompt5,S1_E15_Mostafa_Elbermawy_on_Long-Lasting_Work_Se_29eea0aed2,27,5,5,0.21972189843654633,0.7619047619047619,0.82,0.3716038465499878
prompt5,S1_E15_Mostafa_Elbermawy_on_Long-Lasting_Work_Se_29eea0aed2,28,8,5,0.2557028830051422,0.8076923076923077,0.9230769230769231,0.34622493386268616
prompt5,S1_E15_Mostafa_Elbermawy_on_Long-Lasting_Work_Se_29eea0aed2,29,6,4,0.3213898837566376,0.7777777777777778,0.9117647058823529,0.3444858491420746
prompt5,S1_E15_Mostafa_Elbermawy_on_Long-Lasting_Work_Se_29eea0aed2,30,5,5,0.38968366384506226,0.8813559322033898,0.9318181818181818,0.34820905327796936
prompt5,S1_E15_Mostafa_Elbermawy_on_Long-Lasting_Work_Se_29eea0aed2,31,2,2,0.5201294422149658,1.0,0.9090909090909091,0.4681662917137146
prompt5,S1_E15_Mostafa_Elbermawy_on_Long-Lasting_Work_Se_29eea0aed2,32,4,4,0.36775362491607666,0.8620689655172413,0.9074074074074074,0.3310239911079407
prompt5,S1_E15_Mostafa_Elbermawy_on_Long-Lasting_Work_Se_29eea0aed2,33,4,4,0.19140219688415527,0.7254901960784313,0.9142857142857143,0.33127179741859436
prompt5,S1_E15_Mostafa_Elbermawy_on_Long-Lasting_Work_Se_29eea0aed2,34,8,5,0.27724289894104004,0.7058823529411765,0.8974358974358975,0.3094809651374817
prompt5,S1_E15_Mostafa_Elbermawy_on_Long-Lasting_Work_Se_29eea0aed2,35,3,3,0.4970338046550751,0.9583333333333334,0.8214285714285714,0.5367921590805054
prompt5,S1_E15_Mostafa_Elbermawy_on_Long-Lasting_Work_Se_29eea0aed2,36,4,4,0.38930046558380127,0.8809523809523809,0.9736842105263158,0.3925897479057312
prompt5,S1_E15_Mostafa_Elbermawy_on_Long-Lasting_Work_Se_29eea0aed2,37,3,3,0.3577912151813507,0.8823529411764706,0.7741935483870968,0.4763103425502777
prompt5,S1_E15_Mostafa_Elbermawy_on_Long-Lasting_Work_Se_29eea0aed2,38,5,4,0.3353431820869446,0.7777777777777778,0.9696969696969697,0.2968709468841553
prompt5,S1_E15_Mostafa_Elbermawy_on_Long-Lasting_Work_Se_29eea0aed2,39,2,2,0.42756879329681396,0.8695652173913043,0.9130434782608695,0.3303939700126648
prompt5,S1_E15_Mostafa_Elbermawy_on_Long-Lasting_Work_Se_29eea0aed2,40,7,5,0.4331476390361786,0.825,0.8545454545454545,0.38384461402893066
prompt5,S1_E15_Mostafa_Elbermawy_on_Long-Lasting_Work_Se_29eea0aed2,41,4,4,0.2799026668071747,0.7906976744186046,0.9,0.29953980445861816
prompt5,S1_E15_Mostafa_Elbermawy_on_Long-Lasting_Work_Se_29eea0aed2,42,5,4,0.2651877701282501,0.8043478260869565,0.9487179487179487,0.2918788194656372
